scons: Reading SConscript files ...

You're missing the pre-commit/commit-msg hooks. These hook help to ensure your
code follows gem5's style rules on git commit and your commit messages follow
our commit message requirements. This script will now install these hooks in
your .git/hooks/ directory.
Press enter to continue, or ctrl-c to abort:
 Cannot find 'pre-commit'. Please ensure all Python requirements are 
installed. This can be done via 'pip install -r requirements.txt'.
It is strongly recommended you install the pre-commit hooks before working with gem5. Do you want to continue compilation (y/n)?
Mkdir("/filespace/m/mthatikonda/ECE757/gem5/build/Spandex/gem5.build")
Checking for linker -Wl,--as-needed support... yes
Warning: Detected GCC version 10.2.1 is not officially supported.
         gem5 supports GCC v11 up to v14.2.
Checking for compiler -gz support... yes
Checking for linker -gz support... yes
Info: Using Python config: python3-config
Checking for C header file Python.h... yes
Checking Python version... 3.9.2
Checking for accept(0,0,0) in C++ library None... yes
Checking for zlibVersion() in C++ library z... yes
Checking for C library tcmalloc_minimal... yes
Building in /filespace/m/mthatikonda/ECE757/gem5/build/Spandex
"build_tools/kconfig_base.py" "/filespace/m/mthatikonda/ECE757/gem5/build/Spandex/gem5.build/Kconfig" "/filespace/m/mthatikonda/ECE757/gem5/src/Kconfig"
Checking for C header file capstone/capstone.h... no
Warning: Header file <capstone/capstone.h> not found.
         This host has no capstone library installed.
Checking for C header file linux/kvm.h... yes
Checking for timer_create(CLOCK_MONOTONIC, NULL, NULL) in C library None... no
Checking for timer_create(CLOCK_MONOTONIC, NULL, NULL) in C library rt... yes
Checking for member exclude_host in struct perf_event_attr...yes
Checking size of struct kvm_xsave ... yes
Checking for C header file fenv.h... yes
Checking for C header file png.h... yes
Checking for clock_nanosleep(0,0,NULL,NULL) in C library None... yes
Checking for C header file valgrind/valgrind.h... yes
Checking for pkg-config package hdf5-serial... yes
Checking for H5Fcreate("", 0, 0, 0) in C library hdf5... yes
Checking for H5::H5File("", 0) in C++ library hdf5_cpp... yes
Checking for shm_open("/test", 0, 0) in C library None... yes
Checking for backtrace_symbols_fd((void *)1, 0, 0) in C library None... yes
Warning: While checking protoc version: [Errno 2] No such file or directory:
         'protoc'
Warning: Protocol buffer compiler (protoc) not found.
         Please install protobuf-compiler for tracing support.
Checking for C header file linux/if_tun.h... yes
"ext/Kconfiglib/defconfig.py" --kconfig "/filespace/m/mthatikonda/ECE757/gem5/build/Spandex/gem5.build/Kconfig" "/filespace/m/mthatikonda/ECE757/gem5/build_opts/Spandex"
Loaded configuration '/filespace/m/mthatikonda/ECE757/gem5/build_opts/Spandex'
Configuration saved to '/filespace/m/mthatikonda/ECE757/gem5/build/Spandex/gem5.build/config'
Checking whether __i386__ is declared... no
Checking whether __x86_64__ is declared... yes
Checking for compiler -Wno-self-assign-overloaded support... yes
Checking for linker -Wno-free-nonheap-object support... yes
BUILD_TLM not set, not building CHI-TLM integration

scons: done reading SConscript files.
scons: Building targets ...
 [     CXX] src/python/gem5py.cc -> Spandex/python/gem5py.pyo
 [     CXX] src/python/gem5py_m5.cc -> Spandex/python/gem5py_m5.pyo
 [    LINK]  -> Spandex/gem5py
 [   SLICC] src/mem/ruby/protocol/Spandex.slicc -> Spandex/mem/ruby/protocol/Spandex/DMARequestMsg.hh, Spandex/mem/ruby/protocol/Spandex/Directory_Event.hh, Spandex/mem/ruby/protocol/Spandex/NBProbeRequestMsg.hh, Spandex/mem/ruby/protocol/RubyRequestType.cc, Spandex/mem/ruby/protocol/MemoryMsg.cc, Spandex/mem/ruby/protocol/Spandex/Directory_TBE.hh, Spandex/mem/ruby/protocol/HtmCallbackMode.cc, Spandex/mem/ruby/protocol/MaskPredictorIndex.cc, Spandex/mem/ruby/protocol/Spandex/SQC_State.cc, Spandex/mem/ruby/protocol/Spandex/TCP_Entry.hh, Spandex/mem/ruby/protocol/Spandex/TriggerMsg.cc, Spandex/mem/ruby/protocol/Spandex/FifoType.cc, Spandex/mem/ruby/protocol/Spandex/TCC_Event.cc, Spandex/mem/ruby/protocol/Spandex/DMARequestType.cc, Spandex/mem/ruby/protocol/Spandex/Directory_RequestType.cc, Spandex/mem/ruby/protocol/Spandex/ProbeRequestType.cc, Spandex/mem/ruby/protocol/RubyRequestType.hh, Spandex/mem/ruby/protocol/MemoryMsg.hh, Spandex/mem/ruby/protocol/Spandex/SQC_State.hh, Spandex/mem/ruby/protocol/Spandex/TCP_Event.cc, Spandex/mem/ruby/protocol/Spandex/TriggerMsg.hh, Spandex/mem/ruby/protocol/Spandex/DMA_State.hh, Spandex/mem/ruby/protocol/Spandex/TCC_Event.hh, Spandex/mem/ruby/protocol/HtmFailedInCacheReason.hh, Spandex/mem/ruby/protocol/Spandex/Spandex_DMA_Controller.py, Spandex/mem/ruby/protocol/DirectoryRequestType.cc, Spandex/mem/ruby/protocol/LockStatus.cc, Spandex/mem/ruby/protocol/Spandex/DMARequestType.hh, Spandex/mem/ruby/protocol/Spandex/Directory_RequestType.hh, Spandex/mem/ruby/protocol/Spandex/ProbeRequestType.hh, Spandex/mem/ruby/protocol/LockStatus.hh, Spandex/mem/ruby/protocol/SequencerMsg.cc, Spandex/mem/ruby/protocol/MemoryRequestType.cc, Spandex/mem/ruby/protocol/Spandex/SQC_TBE.cc, Spandex/mem/ruby/protocol/Spandex/TCP_Event.hh, Spandex/mem/ruby/protocol/Spandex/CPURequestMsg.cc, Spandex/mem/ruby/protocol/CacheResourceType.cc, Spandex/mem/ruby/protocol/Spandex/TriggerType.cc, Spandex/mem/ruby/protocol/Spandex/DMA_TBE.cc, Spandex/mem/ruby/protocol/Spandex/SpandexProtocolInfo.hh, Spandex/mem/ruby/protocol/Spandex/TCC_RequestType.cc, Spandex/mem/ruby/protocol/Spandex/Spandex_Directory_Controller.py, Spandex/mem/ruby/protocol/Spandex/DMAResponseMsg.cc, Spandex/mem/ruby/protocol/Spandex/Directory_State.cc, Spandex/mem/ruby/protocol/Spandex/ResponseMsg.cc, Spandex/mem/ruby/protocol/CacheResourceType.hh, Spandex/mem/ruby/protocol/SequencerMsg.hh, Spandex/mem/ruby/protocol/Spandex/SQC_TBE.hh, Spandex/mem/ruby/protocol/Spandex/TCP_RequestType.cc, Spandex/mem/ruby/protocol/Spandex/CPURequestMsg.hh, Spandex/mem/ruby/protocol/Spandex/TriggerType.hh, Spandex/mem/ruby/protocol/InvalidateGeneratorStatus.cc, Spandex/mem/ruby/protocol/Spandex/DMA_TBE.hh, Spandex/mem/ruby/protocol/Spandex/TCC_RequestType.hh, Spandex/mem/ruby/protocol/Spandex/Spandex_SQC_Controller.py, Spandex/mem/ruby/protocol/Spandex/DMAResponseMsg.hh, Spandex/mem/ruby/protocol/Spandex/Spandex_TU_State.hh, Spandex/mem/ruby/protocol/Spandex/ResponseMsg.hh, Spandex/mem/ruby/protocol/Spandex/SQC_Controller.hh, Spandex/mem/ruby/protocol/SequencerRequestType.cc, Spandex/mem/ruby/protocol/Spandex/SQC_Transitions.cc, Spandex/mem/ruby/protocol/Spandex/TCP_RequestType.hh, Spandex/mem/ruby/protocol/Spandex/CacheId.cc, Spandex/mem/ruby/protocol/Spandex/Types.hh, Spandex/mem/ruby/protocol/Spandex/DMA_Transitions.cc, Spandex/mem/ruby/protocol/MemoryRequestType.hh, Spandex/mem/ruby/protocol/Spandex/TCC_State.cc, Spandex/mem/ruby/protocol/LinkDirection.cc, Spandex/mem/ruby/protocol/CacheRequestType.cc, Spandex/mem/ruby/protocol/Spandex/Spandex_Spandex_TU_Controller.py, Spandex/mem/ruby/protocol/Spandex/DMAResponseType.cc, Spandex/mem/ruby/protocol/Spandex/Spandex_TU_TBE.cc, Spandex/mem/ruby/protocol/AccessType.hh, Spandex/mem/ruby/protocol/Spandex/SQC_Controller.cc, Spandex/mem/ruby/protocol/MaskPredictorTraining.hh, Spandex/mem/ruby/protocol/SequencerRequestType.hh, Spandex/mem/ruby/protocol/Spandex/SQC_Wakeup.cc, Spandex/mem/ruby/protocol/Spandex/TCP_State.cc, Spandex/mem/ruby/protocol/Spandex/CacheId.hh, Spandex/mem/ruby/protocol/Spandex/UnblockMsg.cc, Spandex/mem/ruby/protocol/Spandex/Directory_State.hh, Spandex/mem/ruby/protocol/Spandex/DMA_Wakeup.cc, Spandex/mem/ruby/protocol/MessageSizeType.cc, Spandex/mem/ruby/protocol/Spandex/TCC_State.hh, Spandex/mem/ruby/protocol/Spandex/Spandex_TCC_Controller.py, Spandex/mem/ruby/protocol/Spandex/DMAResponseType.hh, Spandex/mem/ruby/protocol/Spandex/Spandex_TU_TBE.hh, Spandex/mem/ruby/protocol/Spandex/SpandexResponseType.hh, Spandex/mem/ruby/protocol/MaskPredictorType.cc, Spandex/mem/ruby/protocol/SequencerStatus.cc, Spandex/mem/ruby/protocol/Spandex/SpandexRequestMsg.cc, Spandex/mem/ruby/protocol/Spandex/TCP_State.hh, Spandex/mem/ruby/protocol/Spandex/CoherenceRequestType.cc, Spandex/mem/ruby/protocol/DMASequencerRequestType.cc, Spandex/mem/ruby/protocol/Spandex/UnblockMsg.hh, Spandex/mem/ruby/protocol/Spandex/Directory_TBE.cc, Spandex/mem/ruby/protocol/Spandex/Directory_CacheEntry.cc, Spandex/mem/ruby/protocol/DMASequencerRequestType.hh, Spandex/mem/ruby/protocol/MessageSizeType.hh, Spandex/mem/ruby/protocol/Spandex/TCC_TBE.cc, Spandex/mem/ruby/protocol/Spandex/Spandex_TCP_Controller.py, Spandex/mem/ruby/protocol/Spandex/DMA_Controller.cc, Spandex/mem/ruby/protocol/Spandex/Spandex_TU_Transitions.cc, Spandex/mem/ruby/protocol/SeriesRequestGeneratorStatus.cc, Spandex/mem/ruby/protocol/SequencerStatus.hh, Spandex/mem/ruby/protocol/Spandex/SpandexRequestMsg.hh, Spandex/mem/ruby/protocol/Spandex/TCP_TBE.cc, Spandex/mem/ruby/protocol/LinkDirection.hh, Spandex/mem/ruby/protocol/Spandex/CoherenceRequestType.hh, Spandex/mem/ruby/protocol/TesterStatus.cc, Spandex/mem/ruby/protocol/Spandex/Spandex_TU_Event.cc, Spandex/mem/ruby/protocol/Spandex/Directory_CacheEntry.hh, Spandex/mem/ruby/protocol/PrefetchBit.cc, Spandex/mem/ruby/protocol/Spandex/SQC_Entry.cc, Spandex/mem/ruby/protocol/Spandex/Spandex_TU_Controller.cc, Spandex/mem/ruby/protocol/Spandex/TCC_TBE.hh, Spandex/mem/ruby/protocol/Spandex/DMA_Controller.hh, Spandex/mem/ruby/protocol/MaskPredictorIndex.hh, Spandex/mem/ruby/protocol/DirectoryRequestType.hh, Spandex/mem/ruby/protocol/Spandex/Spandex_TU_Wakeup.cc, Spandex/mem/ruby/protocol/SeriesRequestGeneratorStatus.hh, Spandex/mem/ruby/protocol/Spandex/SpandexRequestType.cc, Spandex/mem/ruby/protocol/Spandex/TCP_TBE.hh, Spandex/mem/ruby/protocol/Spandex/CoherenceResponseType.cc, Spandex/mem/ruby/protocol/CacheRequestType.hh, Spandex/mem/ruby/protocol/Spandex/Spandex_TU_Event.hh, Spandex/mem/ruby/protocol/Spandex/Directory_Controller.cc, Spandex/mem/ruby/protocol/TesterStatus.hh, Spandex/mem/ruby/protocol/PrefetchBit.hh, Spandex/mem/ruby/protocol/Spandex/SQC_Entry.hh, Spandex/mem/ruby/protocol/Spandex/Spandex_TU_Controller.hh, Spandex/mem/ruby/protocol/Spandex/TCC_Transitions.cc, Spandex/mem/ruby/protocol/Spandex/Directory_Transitions.cc, Spandex/mem/ruby/protocol/MaskPredictorTraining.cc, Spandex/mem/ruby/protocol/AccessPermission.hh, Spandex/mem/ruby/protocol/Spandex/TCC_Controller.cc, Spandex/mem/ruby/protocol/Spandex/SpandexRequestType.hh, Spandex/mem/ruby/protocol/Spandex/TCP_Transitions.cc, Spandex/mem/ruby/protocol/Spandex/CoherenceResponseType.hh, Spandex/mem/ruby/protocol/InvalidateGeneratorStatus.hh, Spandex/mem/ruby/protocol/Spandex/Spandex_TU_State.cc, Spandex/mem/ruby/protocol/Spandex/Directory_Controller.hh, Spandex/mem/ruby/protocol/TransitionResult.cc, Spandex/mem/ruby/protocol/RequestStatus.cc, Spandex/mem/ruby/protocol/Spandex/SQC_Event.cc, Spandex/mem/ruby/protocol/Spandex/TCC_Wakeup.cc, Spandex/mem/ruby/protocol/Spandex/TCC_Controller.hh, Spandex/mem/ruby/protocol/Spandex/SpandexResponseMsg.cc, Spandex/mem/ruby/protocol/HtmCallbackMode.hh, Spandex/mem/ruby/protocol/Spandex/CoherenceState.cc, Spandex/mem/ruby/protocol/TransitionResult.hh, Spandex/mem/ruby/protocol/Spandex/Directory_Entry.cc, Spandex/mem/ruby/protocol/RequestStatus.hh, Spandex/mem/ruby/protocol/MaskPredictorType.hh, Spandex/mem/ruby/protocol/Spandex/DMA_Event.cc, Spandex/mem/ruby/protocol/Spandex/SQC_Event.hh, Spandex/mem/ruby/protocol/Spandex/TCP_Controller.cc, Spandex/mem/ruby/protocol/AccessType.cc, Spandex/mem/ruby/protocol/MachineType.cc, Spandex/mem/ruby/protocol/Spandex/TCC_Entry.cc, Spandex/mem/ruby/protocol/Spandex/Directory_Wakeup.cc, Spandex/mem/ruby/protocol/HtmFailedInCacheReason.cc, Spandex/mem/ruby/protocol/Spandex/SpandexResponseMsg.hh, Spandex/mem/ruby/protocol/Spandex/CoherenceState.hh, Spandex/mem/ruby/protocol/Spandex/Directory_Entry.hh, Spandex/mem/ruby/protocol/Spandex/FifoType.hh, Spandex/mem/ruby/protocol/RubyAccessMode.cc, Spandex/mem/ruby/protocol/MemoryControlRequestType.cc, Spandex/mem/ruby/protocol/Spandex/DMA_Event.hh, Spandex/mem/ruby/protocol/Spandex/SQC_RequestType.cc, Spandex/mem/ruby/protocol/Spandex/TCP_Controller.hh, Spandex/mem/ruby/protocol/Spandex/TCP_Wakeup.cc, Spandex/mem/ruby/protocol/MachineType.hh, Spandex/mem/ruby/protocol/Spandex/FifoMsg.cc, Spandex/mem/ruby/protocol/Spandex/SpandexResponseType.cc, Spandex/mem/ruby/protocol/Spandex/DMARequestMsg.cc, Spandex/mem/ruby/protocol/Spandex/Directory_Event.cc, Spandex/mem/ruby/protocol/Spandex/NBProbeRequestMsg.cc, Spandex/mem/ruby/protocol/RubyAccessMode.hh, Spandex/mem/ruby/protocol/MemoryControlRequestType.hh, Spandex/mem/ruby/protocol/Spandex/DMA_State.cc, Spandex/mem/ruby/protocol/AccessPermission.cc, Spandex/mem/ruby/protocol/Spandex/SQC_RequestType.hh, Spandex/mem/ruby/protocol/Spandex/TCP_Entry.cc, Spandex/mem/ruby/protocol/Spandex/TDProbeRequestMsg.cc, Spandex/mem/ruby/protocol/Spandex/TDProbeRequestMsg.hh, Spandex/mem/ruby/protocol/Spandex/FifoMsg.hh, Spandex/mem/ruby/protocol/Spandex/TCC_Entry.hh
 [EMBED PY] src/mem/SharedMemoryServer.py -> Spandex/mem/SharedMemoryServer.py.cc
 [     CXX] Spandex/mem/SharedMemoryServer.py.cc -> .pyo
 [EMBED PY] Spandex/mem/ruby/protocol/Spandex/Spandex_DMA_Controller.py -> .cc
 [     CXX] Spandex/mem/ruby/protocol/Spandex/Spandex_DMA_Controller.py.cc -> .pyo
 [EMBED PY] src/cpu/simple/NonCachingSimpleCPU.py -> Spandex/cpu/simple/NonCachingSimpleCPU.py.cc
 [     CXX] Spandex/cpu/simple/NonCachingSimpleCPU.py.cc -> .pyo
 [EMBED PY] src/mem/HBMCtrl.py -> Spandex/mem/HBMCtrl.py.cc
 [     CXX] Spandex/mem/HBMCtrl.py.cc -> .pyo
 [EMBED PY] src/arch/generic/BaseTLB.py -> Spandex/arch/generic/BaseTLB.py.cc
 [     CXX] Spandex/arch/generic/BaseTLB.py.cc -> .pyo
 [EMBED PY] src/cpu/CPUTracers.py -> Spandex/cpu/CPUTracers.py.cc
 [     CXX] Spandex/cpu/CPUTracers.py.cc -> .pyo
 [EMBED PY] src/arch/x86/X86ISA.py -> Spandex/arch/x86/X86ISA.py.cc
 [     CXX] Spandex/arch/x86/X86ISA.py.cc -> .pyo
 [EMBED PY] src/mem/ruby/network/simple/SimpleLink.py -> Spandex/mem/ruby/network/simple/SimpleLink.py.cc
 [     CXX] Spandex/mem/ruby/network/simple/SimpleLink.py.cc -> .pyo
 [EMBED PY] src/gpu-compute/LdsState.py -> Spandex/gpu-compute/LdsState.py.cc
 [     CXX] Spandex/gpu-compute/LdsState.py.cc -> .pyo
 [EMBED PY] src/cpu/simple/BaseAtomicSimpleCPU.py -> Spandex/cpu/simple/BaseAtomicSimpleCPU.py.cc
 [     CXX] Spandex/cpu/simple/BaseAtomicSimpleCPU.py.cc -> .pyo
 [EMBED PY] src/cpu/testers/memtest/MemTest.py -> Spandex/cpu/testers/memtest/MemTest.py.cc
 [     CXX] Spandex/cpu/testers/memtest/MemTest.py.cc -> .pyo
 [EMBED PY] src/cpu/testers/spatter_gen/SpatterGen.py -> Spandex/cpu/testers/spatter_gen/SpatterGen.py.cc
 [     CXX] Spandex/cpu/testers/spatter_gen/SpatterGen.py.cc -> .pyo
 [EMBED PY] src/mem/ruby/network/MessageBuffer.py -> Spandex/mem/ruby/network/MessageBuffer.py.cc
 [     CXX] Spandex/mem/ruby/network/MessageBuffer.py.cc -> .pyo
 [EMBED PY] src/cpu/TimingExpr.py -> Spandex/cpu/TimingExpr.py.cc
 [     CXX] Spandex/cpu/TimingExpr.py.cc -> .pyo
 [EMBED PY] src/cpu/o3/IQUnit.py -> Spandex/cpu/o3/IQUnit.py.cc
 [     CXX] Spandex/cpu/o3/IQUnit.py.cc -> .pyo
 [EMBED PY] src/mem/ThreadBridge.py -> Spandex/mem/ThreadBridge.py.cc
 [     CXX] Spandex/mem/ThreadBridge.py.cc -> .pyo
 [EMBED PY] src/base/Graphics.py -> Spandex/base/Graphics.py.cc
 [     CXX] Spandex/base/Graphics.py.cc -> .pyo
 [EMBED PY] src/cpu/checker/CheckerCPU.py -> Spandex/cpu/checker/CheckerCPU.py.cc
 [     CXX] Spandex/cpu/checker/CheckerCPU.py.cc -> .pyo
 [EMBED PY] src/cpu/probes/PcCountTracker.py -> Spandex/cpu/probes/PcCountTracker.py.cc
 [     CXX] Spandex/cpu/probes/PcCountTracker.py.cc -> .pyo
 [EMBED PY] src/mem/qos/QoSMemSinkInterface.py -> Spandex/mem/qos/QoSMemSinkInterface.py.cc
 [     CXX] Spandex/mem/qos/QoSMemSinkInterface.py.cc -> .pyo
 [EMBED PY] src/cpu/simple/probes/LooppointAnalysis.py -> Spandex/cpu/simple/probes/LooppointAnalysis.py.cc
 [     CXX] Spandex/cpu/simple/probes/LooppointAnalysis.py.cc -> .pyo
 [EMBED PY] src/mem/NVMInterface.py -> Spandex/mem/NVMInterface.py.cc
 [     CXX] Spandex/mem/NVMInterface.py.cc -> .pyo
 [EMBED PY] src/cpu/simple/BaseNonCachingSimpleCPU.py -> Spandex/cpu/simple/BaseNonCachingSimpleCPU.py.cc
 [     CXX] Spandex/cpu/simple/BaseNonCachingSimpleCPU.py.cc -> .pyo
 [EMBED PY] src/arch/x86/kvm/X86KvmCPU.py -> Spandex/arch/x86/kvm/X86KvmCPU.py.cc
 [     CXX] Spandex/arch/x86/kvm/X86KvmCPU.py.cc -> .pyo
 [EMBED PY] src/arch/x86/bios/IntelMP.py -> Spandex/arch/x86/bios/IntelMP.py.cc
 [     CXX] Spandex/arch/x86/bios/IntelMP.py.cc -> .pyo
 [EMBED PY] src/cpu/probes/InstTracker.py -> Spandex/cpu/probes/InstTracker.py.cc
 [     CXX] Spandex/cpu/probes/InstTracker.py.cc -> .pyo
 [EMBED PY] src/arch/x86/X86MMU.py -> Spandex/arch/x86/X86MMU.py.cc
 [     CXX] Spandex/arch/x86/X86MMU.py.cc -> .pyo
 [EMBED PY] src/cpu/DummyChecker.py -> Spandex/cpu/DummyChecker.py.cc
 [     CXX] Spandex/cpu/DummyChecker.py.cc -> .pyo
 [EMBED PY] src/cpu/StaticInstFlags.py -> Spandex/cpu/StaticInstFlags.py.cc
 [     CXX] Spandex/cpu/StaticInstFlags.py.cc -> .pyo
 [EMBED PY] src/mem/MemCtrl.py -> Spandex/mem/MemCtrl.py.cc
 [     CXX] Spandex/mem/MemCtrl.py.cc -> .pyo
 [EMBED PY] src/arch/x86/X86SeWorkload.py -> Spandex/arch/x86/X86SeWorkload.py.cc
 [     CXX] Spandex/arch/x86/X86SeWorkload.py.cc -> .pyo
 [EMBED PY] src/cpu/o3/probe/SimpleTrace.py -> Spandex/cpu/o3/probe/SimpleTrace.py.cc
 [     CXX] Spandex/cpu/o3/probe/SimpleTrace.py.cc -> .pyo
 [EMBED PY] src/arch/generic/InstDecoder.py -> Spandex/arch/generic/InstDecoder.py.cc
 [     CXX] Spandex/arch/generic/InstDecoder.py.cc -> .pyo
 [EMBED PY] src/cpu/pred/BranchPredictor.py -> Spandex/cpu/pred/BranchPredictor.py.cc
 [     CXX] Spandex/cpu/pred/BranchPredictor.py.cc -> .pyo
 [EMBED PY] src/mem/ruby/network/garnet/GarnetNetwork.py -> Spandex/mem/ruby/network/garnet/GarnetNetwork.py.cc
 [     CXX] Spandex/mem/ruby/network/garnet/GarnetNetwork.py.cc -> .pyo
 [EMBED PY] src/mem/CfiMemory.py -> Spandex/mem/CfiMemory.py.cc
 [     CXX] Spandex/mem/CfiMemory.py.cc -> .pyo
 [EMBED PY] src/cpu/testers/traffic_gen/GUPSGen.py -> Spandex/cpu/testers/traffic_gen/GUPSGen.py.cc
 [     CXX] Spandex/cpu/testers/traffic_gen/GUPSGen.py.cc -> .pyo
 [EMBED PY] src/arch/amdgpu/vega/VegaGPUTLB.py -> Spandex/arch/amdgpu/vega/VegaGPUTLB.py.cc
 [     CXX] Spandex/arch/amdgpu/vega/VegaGPUTLB.py.cc -> .pyo
 [EMBED PY] src/systemc/core/SystemC.py -> Spandex/systemc/core/SystemC.py.cc
 [     CXX] Spandex/systemc/core/SystemC.py.cc -> .pyo
 [EMBED PY] src/mem/HeteroMemCtrl.py -> Spandex/mem/HeteroMemCtrl.py.cc
 [     CXX] Spandex/mem/HeteroMemCtrl.py.cc -> .pyo
 [EMBED PY] src/cpu/simple/AtomicSimpleCPU.py -> Spandex/cpu/simple/AtomicSimpleCPU.py.cc
 [     CXX] Spandex/cpu/simple/AtomicSimpleCPU.py.cc -> .pyo
 [EMBED PY] src/cpu/testers/rubytest/RubyTester.py -> Spandex/cpu/testers/rubytest/RubyTester.py.cc
 [     CXX] Spandex/cpu/testers/rubytest/RubyTester.py.cc -> .pyo
 [EMBED PY] src/arch/x86/X86CPU.py -> Spandex/arch/x86/X86CPU.py.cc
 [     CXX] Spandex/arch/x86/X86CPU.py.cc -> .pyo
 [EMBED PY] src/arch/x86/X86Decoder.py -> Spandex/arch/x86/X86Decoder.py.cc
 [     CXX] Spandex/arch/x86/X86Decoder.py.cc -> .pyo
 [EMBED PY] src/cpu/kvm/KvmVM.py -> Spandex/cpu/kvm/KvmVM.py.cc
 [     CXX] Spandex/cpu/kvm/KvmVM.py.cc -> .pyo
 [EMBED PY] src/mem/ruby/network/simple/SimpleNetwork.py -> Spandex/mem/ruby/network/simple/SimpleNetwork.py.cc
 [     CXX] Spandex/mem/ruby/network/simple/SimpleNetwork.py.cc -> .pyo
 [EMBED PY] src/mem/ruby/network/BasicRouter.py -> Spandex/mem/ruby/network/BasicRouter.py.cc
 [     CXX] Spandex/mem/ruby/network/BasicRouter.py.cc -> .pyo
 [EMBED PY] src/mem/PortTerminator.py -> Spandex/mem/PortTerminator.py.cc
 [     CXX] Spandex/mem/PortTerminator.py.cc -> .pyo
 [EMBED PY] src/cpu/o3/BaseO3Checker.py -> Spandex/cpu/o3/BaseO3Checker.py.cc
 [     CXX] Spandex/cpu/o3/BaseO3Checker.py.cc -> .pyo
 [EMBED PY] src/mem/HMCController.py -> Spandex/mem/HMCController.py.cc
 [     CXX] Spandex/mem/HMCController.py.cc -> .pyo
 [EMBED PY] src/mem/Bridge.py -> Spandex/mem/Bridge.py.cc
 [     CXX] Spandex/mem/Bridge.py.cc -> .pyo
 [EMBED PY] src/systemc/Tlm.py -> Spandex/systemc/Tlm.py.cc
 [     CXX] Spandex/systemc/Tlm.py.cc -> .pyo
 [EMBED PY] src/mem/qos/QoSMemCtrl.py -> Spandex/mem/qos/QoSMemCtrl.py.cc
 [     CXX] Spandex/mem/qos/QoSMemCtrl.py.cc -> .pyo
 [EMBED PY] src/mem/MemDelay.py -> Spandex/mem/MemDelay.py.cc
 [     CXX] Spandex/mem/MemDelay.py.cc -> .pyo
 [EMBED PY] src/mem/qos/QoSMemSinkCtrl.py -> Spandex/mem/qos/QoSMemSinkCtrl.py.cc
 [     CXX] Spandex/mem/qos/QoSMemSinkCtrl.py.cc -> .pyo
 [EMBED PY] src/mem/XBar.py -> Spandex/mem/XBar.py.cc
 [     CXX] Spandex/mem/XBar.py.cc -> .pyo
 [EMBED PY] src/cpu/testers/traffic_gen/PyTrafficGen.py -> Spandex/cpu/testers/traffic_gen/PyTrafficGen.py.cc
 [     CXX] Spandex/cpu/testers/traffic_gen/PyTrafficGen.py.cc -> .pyo
 [EMBED PY] src/cpu/testers/gpu_ruby_test/DmaThread.py -> Spandex/cpu/testers/gpu_ruby_test/DmaThread.py.cc
 [     CXX] Spandex/cpu/testers/gpu_ruby_test/DmaThread.py.cc -> .pyo
 [EMBED PY] src/cpu/o3/BaseO3CPU.py -> Spandex/cpu/o3/BaseO3CPU.py.cc
 [     CXX] Spandex/cpu/o3/BaseO3CPU.py.cc -> .pyo
 [EMBED PY] src/cpu/testers/gpu_ruby_test/ProtocolTester.py -> Spandex/cpu/testers/gpu_ruby_test/ProtocolTester.py.cc
 [     CXX] Spandex/cpu/testers/gpu_ruby_test/ProtocolTester.py.cc -> .pyo
 [EMBED PY] src/arch/x86/bios/E820.py -> Spandex/arch/x86/bios/E820.py.cc
 [     CXX] Spandex/arch/x86/bios/E820.py.cc -> .pyo
 [EMBED PY] src/cpu/CpuCluster.py -> Spandex/cpu/CpuCluster.py.cc
 [     CXX] Spandex/cpu/CpuCluster.py.cc -> .pyo
 [EMBED PY] src/arch/x86/bios/SMBios.py -> Spandex/arch/x86/bios/SMBios.py.cc
 [     CXX] Spandex/arch/x86/bios/SMBios.py.cc -> .pyo
 [EMBED PY] src/arch/generic/BaseInterrupts.py -> Spandex/arch/generic/BaseInterrupts.py.cc
 [     CXX] Spandex/arch/generic/BaseInterrupts.py.cc -> .pyo
 [EMBED PY] src/learning_gem5/part2/SimpleCache.py -> Spandex/learning_gem5/part2/SimpleCache.py.cc
 [     CXX] Spandex/learning_gem5/part2/SimpleCache.py.cc -> .pyo
 [EMBED PY] src/cpu/testers/garnet_synthetic_traffic/GarnetSyntheticTraffic.py -> Spandex/cpu/testers/garnet_synthetic_traffic/GarnetSyntheticTraffic.py.cc
 [     CXX] Spandex/cpu/testers/garnet_synthetic_traffic/GarnetSyntheticTraffic.py.cc -> .pyo
 [EMBED PY] src/cpu/o3/O3Checker.py -> Spandex/cpu/o3/O3Checker.py.cc
 [     CXX] Spandex/cpu/o3/O3Checker.py.cc -> .pyo
 [EMBED PY] src/arch/x86/X86LocalApic.py -> Spandex/arch/x86/X86LocalApic.py.cc
 [     CXX] Spandex/arch/x86/X86LocalApic.py.cc -> .pyo
 [EMBED PY] src/cpu/BaseCPU.py -> Spandex/cpu/BaseCPU.py.cc
 [     CXX] Spandex/cpu/BaseCPU.py.cc -> .pyo
 [EMBED PY] src/cpu/minor/MinorCPU.py -> Spandex/cpu/minor/MinorCPU.py.cc
 [     CXX] Spandex/cpu/minor/MinorCPU.py.cc -> .pyo
 [EMBED PY] src/cpu/testers/traffic_gen/BaseTrafficGen.py -> Spandex/cpu/testers/traffic_gen/BaseTrafficGen.py.cc
 [     CXX] Spandex/cpu/testers/traffic_gen/BaseTrafficGen.py.cc -> .pyo
 [EMBED PY] src/cpu/testers/directedtest/RubyDirectedTester.py -> Spandex/cpu/testers/directedtest/RubyDirectedTester.py.cc
 [     CXX] Spandex/cpu/testers/directedtest/RubyDirectedTester.py.cc -> .pyo
 [EMBED PY] src/gpu-compute/GPU.py -> Spandex/gpu-compute/GPU.py.cc
 [     CXX] Spandex/gpu-compute/GPU.py.cc -> .pyo
 [EMBED PY] src/cpu/testers/gpu_ruby_test/TesterThread.py -> Spandex/cpu/testers/gpu_ruby_test/TesterThread.py.cc
 [     CXX] Spandex/cpu/testers/gpu_ruby_test/TesterThread.py.cc -> .pyo
 [EMBED PY] src/mem/ExternalSlave.py -> Spandex/mem/ExternalSlave.py.cc
 [EMBED PY] src/mem/qos/QoSTurnaround.py -> Spandex/mem/qos/QoSTurnaround.py.cc
 [     CXX] Spandex/mem/ExternalSlave.py.cc -> .pyo
 [     CXX] Spandex/mem/qos/QoSTurnaround.py.cc -> .pyo
 [EMBED PY] src/cpu/testers/gpu_ruby_test/TesterDma.py -> Spandex/cpu/testers/gpu_ruby_test/TesterDma.py.cc
 [EMBED PY] src/systemc/python/tlm.py -> Spandex/systemc/python/tlm.py.cc
 [     CXX] Spandex/cpu/testers/gpu_ruby_test/TesterDma.py.cc -> .pyo
 [     CXX] Spandex/systemc/python/tlm.py.cc -> .pyo
 [ TRACING]  -> Spandex/debug/DebugPrintf.hh
 [EMBED PY] src/arch/x86/X86TLB.py -> Spandex/arch/x86/X86TLB.py.cc
 [EMBED PY] src/cpu/FuncUnit.py -> Spandex/cpu/FuncUnit.py.cc
 [     CXX] Spandex/arch/x86/X86TLB.py.cc -> .pyo
 [     CXX] Spandex/cpu/FuncUnit.py.cc -> .pyo
 [EMBED PY] src/cpu/o3/SMT.py -> Spandex/cpu/o3/SMT.py.cc
 [EMBED PY] src/mem/AddrMapper.py -> Spandex/mem/AddrMapper.py.cc
 [     CXX] Spandex/cpu/o3/SMT.py.cc -> .pyo
 [     CXX] Spandex/mem/AddrMapper.py.cc -> .pyo
 [EMBED PY] src/arch/generic/BaseMMU.py -> Spandex/arch/generic/BaseMMU.py.cc
 [EMBED PY] src/cpu/o3/FUPool.py -> Spandex/cpu/o3/FUPool.py.cc
 [     CXX] Spandex/arch/generic/BaseMMU.py.cc -> .pyo
 [     CXX] Spandex/cpu/o3/FUPool.py.cc -> .pyo
 [EMBED PY] src/mem/MemInterface.py -> Spandex/mem/MemInterface.py.cc
 [EMBED PY] src/systemc/tlm_bridge/TlmBridge.py -> Spandex/systemc/tlm_bridge/TlmBridge.py.cc
 [     CXX] Spandex/mem/MemInterface.py.cc -> .pyo
 [     CXX] Spandex/systemc/tlm_bridge/TlmBridge.py.cc -> .pyo
 [EMBED PY] src/mem/SimpleMemory.py -> Spandex/mem/SimpleMemory.py.cc
 [EMBED PY] src/mem/CommMonitor.py -> Spandex/mem/CommMonitor.py.cc
 [     CXX] Spandex/mem/SimpleMemory.py.cc -> .pyo
 [     CXX] Spandex/mem/CommMonitor.py.cc -> .pyo
 [EMBED PY] src/cpu/simple/TimingSimpleCPU.py -> Spandex/cpu/simple/TimingSimpleCPU.py.cc
 [EMBED PY] src/mem/ruby/network/Network.py -> Spandex/mem/ruby/network/Network.py.cc
 [     CXX] Spandex/cpu/simple/TimingSimpleCPU.py.cc -> .pyo
 [     CXX] Spandex/mem/ruby/network/Network.py.cc -> .pyo
 [EMBED PY] src/cpu/simple/probes/SimPoint.py -> Spandex/cpu/simple/probes/SimPoint.py.cc
 [EMBED PY] src/cpu/simple/BaseSimpleCPU.py -> Spandex/cpu/simple/BaseSimpleCPU.py.cc
 [     CXX] Spandex/cpu/simple/probes/SimPoint.py.cc -> .pyo
 [     CXX] Spandex/cpu/simple/BaseSimpleCPU.py.cc -> .pyo
 [EMBED PY] src/cpu/simple/BaseTimingSimpleCPU.py -> Spandex/cpu/simple/BaseTimingSimpleCPU.py.cc
 [EMBED PY] src/mem/ruby/network/fault_model/FaultModel.py -> Spandex/mem/ruby/network/fault_model/FaultModel.py.cc
 [     CXX] Spandex/cpu/simple/BaseTimingSimpleCPU.py.cc -> .pyo
 [     CXX] Spandex/mem/ruby/network/fault_model/FaultModel.py.cc -> .pyo
 [EMBED PY] src/mem/SysBridge.py -> Spandex/mem/SysBridge.py.cc
 [EMBED PY] src/cpu/o3/FuncUnitConfig.py -> Spandex/cpu/o3/FuncUnitConfig.py.cc
 [     CXX] Spandex/mem/SysBridge.py.cc -> .pyo
 [     CXX] Spandex/cpu/o3/FuncUnitConfig.py.cc -> .pyo
 [EMBED PY] src/mem/MemChecker.py -> Spandex/mem/MemChecker.py.cc
 [EMBED PY] src/arch/x86/bios/ACPI.py -> Spandex/arch/x86/bios/ACPI.py.cc
 [     CXX] Spandex/mem/MemChecker.py.cc -> .pyo
 [     CXX] Spandex/arch/x86/bios/ACPI.py.cc -> .pyo
 [EMBED PY] src/cpu/testers/gpu_ruby_test/GpuWavefront.py -> Spandex/cpu/testers/gpu_ruby_test/GpuWavefront.py.cc
 [     CXX] Spandex/cpu/testers/gpu_ruby_test/GpuWavefront.py.cc -> .pyo
 [ TRACING]  -> Spandex/debug/Mwait.hh
 [EMBED PY] src/learning_gem5/part2/SimpleMemobj.py -> Spandex/learning_gem5/part2/SimpleMemobj.py.cc
 [     CXX] Spandex/learning_gem5/part2/SimpleMemobj.py.cc -> .pyo
 [EMBED PY] src/cpu/o3/O3CPU.py -> Spandex/cpu/o3/O3CPU.py.cc
 [     CXX] Spandex/cpu/o3/O3CPU.py.cc -> .pyo
 [EMBED PY] src/cpu/testers/gpu_ruby_test/CpuThread.py -> Spandex/cpu/testers/gpu_ruby_test/CpuThread.py.cc
 [     CXX] Spandex/cpu/testers/gpu_ruby_test/CpuThread.py.cc -> .pyo
 [EMBED PY] src/mem/DRAMInterface.py -> Spandex/mem/DRAMInterface.py.cc
 [     CXX] Spandex/mem/DRAMInterface.py.cc -> .pyo
 [EMBED PY] src/systemc/python/systemc.py -> Spandex/systemc/python/systemc.py.cc
 [     CXX] Spandex/systemc/python/systemc.py.cc -> .pyo
 [EMBED PY] src/arch/amdgpu/common/X86GPUTLB.py -> Spandex/arch/amdgpu/common/X86GPUTLB.py.cc
 [EMBED PY] src/mem/qos/QoSPolicy.py -> Spandex/mem/qos/QoSPolicy.py.cc
 [     CXX] Spandex/arch/amdgpu/common/X86GPUTLB.py.cc -> .pyo
 [     CXX] Spandex/mem/qos/QoSPolicy.py.cc -> .pyo
 [EMBED PY] src/mem/ruby/network/garnet/GarnetLink.py -> Spandex/mem/ruby/network/garnet/GarnetLink.py.cc
 [EMBED PY] src/mem/ExternalMaster.py -> Spandex/mem/ExternalMaster.py.cc
 [     CXX] Spandex/mem/ruby/network/garnet/GarnetLink.py.cc -> .pyo
 [     CXX] Spandex/mem/ExternalMaster.py.cc -> .pyo
 [EMBED PY] src/mem/SerialLink.py -> Spandex/mem/SerialLink.py.cc
 [EMBED PY] src/learning_gem5/part2/SimpleObject.py -> Spandex/learning_gem5/part2/SimpleObject.py.cc
 [     CXX] Spandex/mem/SerialLink.py.cc -> .pyo
 [     CXX] Spandex/learning_gem5/part2/SimpleObject.py.cc -> .pyo
 [EMBED PY] src/base/filters/BloomFilters.py -> Spandex/base/filters/BloomFilters.py.cc
 [EMBED PY] src/cpu/minor/BaseMinorCPU.py -> Spandex/cpu/minor/BaseMinorCPU.py.cc
 [     CXX] Spandex/base/filters/BloomFilters.py.cc -> .pyo
 [     CXX] Spandex/cpu/minor/BaseMinorCPU.py.cc -> .pyo
 [EMBED PY] src/gpu-compute/GPUStaticInstFlags.py -> Spandex/gpu-compute/GPUStaticInstFlags.py.cc
 [EMBED PY] src/sst/OutgoingRequestBridge.py -> Spandex/sst/OutgoingRequestBridge.py.cc
 [     CXX] Spandex/gpu-compute/GPUStaticInstFlags.py.cc -> .pyo
 [     CXX] Spandex/sst/OutgoingRequestBridge.py.cc -> .pyo
 [EMBED PY] src/arch/x86/X86NativeTrace.py -> Spandex/arch/x86/X86NativeTrace.py.cc
 [EMBED PY] src/mem/AbstractMemory.py -> Spandex/mem/AbstractMemory.py.cc
 [     CXX] Spandex/arch/x86/X86NativeTrace.py.cc -> .pyo
 [     CXX] Spandex/mem/AbstractMemory.py.cc -> .pyo
 [EMBED PY] src/arch/generic/BaseISA.py -> Spandex/arch/generic/BaseISA.py.cc
 [     CXX] Spandex/arch/generic/BaseISA.py.cc -> .pyo
 [EMBED PY] src/mem/ruby/network/BasicLink.py -> Spandex/mem/ruby/network/BasicLink.py.cc
 [     CXX] Spandex/mem/ruby/network/BasicLink.py.cc -> .pyo
 [EMBED PY] src/base/vnc/Vnc.py -> Spandex/base/vnc/Vnc.py.cc
 [EMBED PY] src/arch/x86/X86FsWorkload.py -> Spandex/arch/x86/X86FsWorkload.py.cc
 [     CXX] Spandex/base/vnc/Vnc.py.cc -> .pyo
 [     CXX] Spandex/arch/x86/X86FsWorkload.py.cc -> .pyo
 [EMBED PY] src/cpu/kvm/BaseKvmCPU.py -> Spandex/cpu/kvm/BaseKvmCPU.py.cc
 [EMBED PY] src/learning_gem5/part2/HelloObject.py -> Spandex/learning_gem5/part2/HelloObject.py.cc
 [     CXX] Spandex/cpu/kvm/BaseKvmCPU.py.cc -> .pyo
 [     CXX] Spandex/learning_gem5/part2/HelloObject.py.cc -> .pyo
 [EMBED PY] Spandex/mem/ruby/protocol/Spandex/Spandex_Directory_Controller.py -> .cc
 [EMBED PY] Spandex/mem/ruby/protocol/Spandex/Spandex_SQC_Controller.py -> .cc
 [     CXX] Spandex/mem/ruby/protocol/Spandex/Spandex_Directory_Controller.py.cc -> .pyo
 [     CXX] Spandex/mem/ruby/protocol/Spandex/Spandex_SQC_Controller.py.cc -> .pyo
 [EMBED PY] Spandex/mem/ruby/protocol/Spandex/Spandex_Spandex_TU_Controller.py -> .cc
 [EMBED PY] Spandex/mem/ruby/protocol/Spandex/Spandex_TCC_Controller.py -> .cc
 [     CXX] Spandex/mem/ruby/protocol/Spandex/Spandex_Spandex_TU_Controller.py.cc -> .pyo
 [     CXX] Spandex/mem/ruby/protocol/Spandex/Spandex_TCC_Controller.py.cc -> .pyo
 [EMBED PY] Spandex/mem/ruby/protocol/Spandex/Spandex_TCP_Controller.py -> .cc
 [EMBED PY] src/mem/ruby/slicc_interface/Controller.py -> Spandex/mem/ruby/slicc_interface/Controller.py.cc
 [     CXX] Spandex/mem/ruby/protocol/Spandex/Spandex_TCP_Controller.py.cc -> .pyo
 [     CXX] Spandex/mem/ruby/slicc_interface/Controller.py.cc -> .pyo
 [EMBED PY] src/mem/ruby/structures/RubyCache.py -> Spandex/mem/ruby/structures/RubyCache.py.cc
 [EMBED PY] src/mem/ruby/structures/DirectoryMemory.py -> Spandex/mem/ruby/structures/DirectoryMemory.py.cc
 [     CXX] Spandex/mem/ruby/structures/RubyCache.py.cc -> .pyo
 [     CXX] Spandex/mem/ruby/structures/DirectoryMemory.py.cc -> .pyo
 [EMBED PY] src/mem/ruby/structures/RubyPrefetcher.py -> Spandex/mem/ruby/structures/RubyPrefetcher.py.cc
 [EMBED PY] src/mem/ruby/structures/WireBuffer.py -> Spandex/mem/ruby/structures/WireBuffer.py.cc
 [     CXX] Spandex/mem/ruby/structures/RubyPrefetcher.py.cc -> .pyo
 [     CXX] Spandex/mem/ruby/structures/WireBuffer.py.cc -> .pyo
 [EMBED PY] src/mem/ruby/system/GPUCoalescer.py -> Spandex/mem/ruby/system/GPUCoalescer.py.cc
 [EMBED PY] src/mem/ruby/system/RubySystem.py -> Spandex/mem/ruby/system/RubySystem.py.cc
 [     CXX] Spandex/mem/ruby/system/GPUCoalescer.py.cc -> .pyo
 [     CXX] Spandex/mem/ruby/system/RubySystem.py.cc -> .pyo
 [EMBED PY] src/mem/ruby/system/Sequencer.py -> Spandex/mem/ruby/system/Sequencer.py.cc
 [EMBED PY] src/mem/ruby/system/VIPERCoalescer.py -> Spandex/mem/ruby/system/VIPERCoalescer.py.cc
 [     CXX] Spandex/mem/ruby/system/Sequencer.py.cc -> .pyo
 [     CXX] Spandex/mem/ruby/system/VIPERCoalescer.py.cc -> .pyo
 [EMBED PY] src/mem/ruby/system/VIPERSequencer.py -> Spandex/mem/ruby/system/VIPERSequencer.py.cc
 [EMBED PY] src/mem/ruby/system/SpandexCoalescer.py -> Spandex/mem/ruby/system/SpandexCoalescer.py.cc
 [     CXX] Spandex/mem/ruby/system/VIPERSequencer.py.cc -> .pyo
 [     CXX] Spandex/mem/ruby/system/SpandexCoalescer.py.cc -> .pyo
 [EMBED PY] src/mem/probes/BaseMemProbe.py -> Spandex/mem/probes/BaseMemProbe.py.cc
 [EMBED PY] src/mem/probes/StackDistProbe.py -> Spandex/mem/probes/StackDistProbe.py.cc
 [     CXX] Spandex/mem/probes/BaseMemProbe.py.cc -> .pyo
 [     CXX] Spandex/mem/probes/StackDistProbe.py.cc -> .pyo
 [EMBED PY] src/mem/probes/MemFootprintProbe.py -> Spandex/mem/probes/MemFootprintProbe.py.cc
 [EMBED PY] src/mem/cache/Cache.py -> Spandex/mem/cache/Cache.py.cc
 [     CXX] Spandex/mem/probes/MemFootprintProbe.py.cc -> .pyo
 [     CXX] Spandex/mem/cache/Cache.py.cc -> .pyo
 [EMBED PY] src/mem/cache/replacement_policies/ReplacementPolicies.py -> Spandex/mem/cache/replacement_policies/ReplacementPolicies.py.cc
 [EMBED PY] src/mem/cache/tags/Tags.py -> Spandex/mem/cache/tags/Tags.py.cc
 [     CXX] Spandex/mem/cache/replacement_policies/ReplacementPolicies.py.cc -> .pyo
 [     CXX] Spandex/mem/cache/tags/Tags.py.cc -> .pyo
 [EMBED PY] src/mem/cache/tags/indexing_policies/IndexingPolicies.py -> Spandex/mem/cache/tags/indexing_policies/IndexingPolicies.py.cc
 [EMBED PY] src/mem/cache/tags/partitioning_policies/PartitioningPolicies.py -> Spandex/mem/cache/tags/partitioning_policies/PartitioningPolicies.py.cc
 [     CXX] Spandex/mem/cache/tags/indexing_policies/IndexingPolicies.py.cc -> .pyo
 [     CXX] Spandex/mem/cache/tags/partitioning_policies/PartitioningPolicies.py.cc -> .pyo
 [EMBED PY] src/mem/cache/compressors/Compressors.py -> Spandex/mem/cache/compressors/Compressors.py.cc
 [EMBED PY] src/mem/cache/prefetch/Prefetcher.py -> Spandex/mem/cache/prefetch/Prefetcher.py.cc
 [     CXX] Spandex/mem/cache/compressors/Compressors.py.cc -> .pyo
 [     CXX] Spandex/mem/cache/prefetch/Prefetcher.py.cc -> .pyo
 [EMBED PY] src/sim/ClockedObject.py -> Spandex/sim/ClockedObject.py.cc
 [EMBED PY] src/sim/TickedObject.py -> Spandex/sim/TickedObject.py.cc
 [     CXX] Spandex/sim/ClockedObject.py.cc -> .pyo
 [     CXX] Spandex/sim/TickedObject.py.cc -> .pyo
 [EMBED PY] src/sim/Workload.py -> Spandex/sim/Workload.py.cc
 [EMBED PY] src/sim/Root.py -> Spandex/sim/Root.py.cc
 [     CXX] Spandex/sim/Workload.py.cc -> .pyo
 [     CXX] Spandex/sim/Root.py.cc -> .pyo
 [EMBED PY] src/sim/ClockDomain.py -> Spandex/sim/ClockDomain.py.cc
 [EMBED PY] src/sim/VoltageDomain.py -> Spandex/sim/VoltageDomain.py.cc
 [     CXX] Spandex/sim/ClockDomain.py.cc -> .pyo
 [     CXX] Spandex/sim/VoltageDomain.py.cc -> .pyo
 [EMBED PY] src/sim/System.py -> Spandex/sim/System.py.cc
 [EMBED PY] src/sim/DVFSHandler.py -> Spandex/sim/DVFSHandler.py.cc
 [     CXX] Spandex/sim/System.py.cc -> .pyo
 [     CXX] Spandex/sim/DVFSHandler.py.cc -> .pyo
 [EMBED PY] src/sim/SubSystem.py -> Spandex/sim/SubSystem.py.cc
 [EMBED PY] src/sim/RedirectPath.py -> Spandex/sim/RedirectPath.py.cc
 [     CXX] Spandex/sim/SubSystem.py.cc -> .pyo
 [     CXX] Spandex/sim/RedirectPath.py.cc -> .pyo
 [EMBED PY] src/sim/PowerState.py -> Spandex/sim/PowerState.py.cc
 [EMBED PY] src/sim/PowerDomain.py -> Spandex/sim/PowerDomain.py.cc
 [     CXX] Spandex/sim/PowerState.py.cc -> .pyo
 [     CXX] Spandex/sim/PowerDomain.py.cc -> .pyo
 [EMBED PY] src/sim/SignalPort.py -> Spandex/sim/SignalPort.py.cc
 [EMBED PY] src/sim/InstTracer.py -> Spandex/sim/InstTracer.py.cc
 [     CXX] Spandex/sim/SignalPort.py.cc -> .pyo
 [     CXX] Spandex/sim/InstTracer.py.cc -> .pyo
 [EMBED PY] src/sim/Process.py -> Spandex/sim/Process.py.cc
 [EMBED PY] src/sim/power/MathExprPowerModel.py -> Spandex/sim/power/MathExprPowerModel.py.cc
 [     CXX] Spandex/sim/Process.py.cc -> .pyo
 [     CXX] Spandex/sim/power/MathExprPowerModel.py.cc -> .pyo
 [EMBED PY] src/sim/power/PowerModel.py -> Spandex/sim/power/PowerModel.py.cc
 [EMBED PY] src/sim/power/PowerModelState.py -> Spandex/sim/power/PowerModelState.py.cc
 [     CXX] Spandex/sim/power/PowerModel.py.cc -> .pyo
 [     CXX] Spandex/sim/power/PowerModelState.py.cc -> .pyo
 [EMBED PY] src/sim/power/ThermalDomain.py -> Spandex/sim/power/ThermalDomain.py.cc
 [EMBED PY] src/sim/power/ThermalModel.py -> Spandex/sim/power/ThermalModel.py.cc
 [     CXX] Spandex/sim/power/ThermalDomain.py.cc -> .pyo
 [     CXX] Spandex/sim/power/ThermalModel.py.cc -> .pyo
 [EMBED PY] src/sim/probe/Probe.py -> Spandex/sim/probe/Probe.py.cc
 [EMBED PY] src/dev/Device.py -> Spandex/dev/Device.py.cc
 [     CXX] Spandex/sim/probe/Probe.py.cc -> .pyo
 [     CXX] Spandex/dev/Device.py.cc -> .pyo
 [EMBED PY] src/dev/Platform.py -> Spandex/dev/Platform.py.cc
 [EMBED PY] src/dev/BadDevice.py -> Spandex/dev/BadDevice.py.cc
 [     CXX] Spandex/dev/Platform.py.cc -> .pyo
 [     CXX] Spandex/dev/BadDevice.py.cc -> .pyo
 [EMBED PY] src/dev/hsa/HSADevice.py -> Spandex/dev/hsa/HSADevice.py.cc
 [EMBED PY] src/dev/ps2/PS2.py -> Spandex/dev/ps2/PS2.py.cc
 [     CXX] Spandex/dev/hsa/HSADevice.py.cc -> .pyo
 [     CXX] Spandex/dev/ps2/PS2.py.cc -> .pyo
 [EMBED PY] src/dev/virtio/VirtIO.py -> Spandex/dev/virtio/VirtIO.py.cc
 [EMBED PY] src/dev/virtio/VirtIOConsole.py -> Spandex/dev/virtio/VirtIOConsole.py.cc
 [     CXX] Spandex/dev/virtio/VirtIO.py.cc -> .pyo
 [     CXX] Spandex/dev/virtio/VirtIOConsole.py.cc -> .pyo
 [EMBED PY] src/dev/virtio/VirtIOBlock.py -> Spandex/dev/virtio/VirtIOBlock.py.cc
 [EMBED PY] src/dev/virtio/VirtIORng.py -> Spandex/dev/virtio/VirtIORng.py.cc
 [     CXX] Spandex/dev/virtio/VirtIOBlock.py.cc -> .pyo
 [     CXX] Spandex/dev/virtio/VirtIORng.py.cc -> .pyo
 [EMBED PY] src/dev/virtio/VirtIO9P.py -> Spandex/dev/virtio/VirtIO9P.py.cc
 [EMBED PY] src/dev/pci/PciDevice.py -> Spandex/dev/pci/PciDevice.py.cc
 [     CXX] Spandex/dev/virtio/VirtIO9P.py.cc -> .pyo
 [     CXX] Spandex/dev/pci/PciDevice.py.cc -> .pyo
 [EMBED PY] src/dev/pci/PciUpstream.py -> Spandex/dev/pci/PciUpstream.py.cc
 [     CXX] Spandex/dev/pci/PciUpstream.py.cc -> .pyo
 [EMBED PY] src/dev/pci/PciHost.py -> Spandex/dev/pci/PciHost.py.cc
 [     CXX] Spandex/dev/pci/PciHost.py.cc -> .pyo
 [EMBED PY] src/dev/pci/CopyEngine.py -> Spandex/dev/pci/CopyEngine.py.cc
 [EMBED PY] src/dev/x86/Pc.py -> Spandex/dev/x86/Pc.py.cc
 [     CXX] Spandex/dev/pci/CopyEngine.py.cc -> .pyo
 [     CXX] Spandex/dev/x86/Pc.py.cc -> .pyo
 [EMBED PY] src/dev/x86/SouthBridge.py -> Spandex/dev/x86/SouthBridge.py.cc
 [EMBED PY] src/dev/x86/Cmos.py -> Spandex/dev/x86/Cmos.py.cc
 [     CXX] Spandex/dev/x86/SouthBridge.py.cc -> .pyo
 [     CXX] Spandex/dev/x86/Cmos.py.cc -> .pyo
 [EMBED PY] src/dev/x86/I8259.py -> Spandex/dev/x86/I8259.py.cc
 [EMBED PY] src/dev/x86/I8254.py -> Spandex/dev/x86/I8254.py.cc
 [     CXX] Spandex/dev/x86/I8259.py.cc -> .pyo
 [     CXX] Spandex/dev/x86/I8254.py.cc -> .pyo
 [EMBED PY] src/dev/x86/I8237.py -> Spandex/dev/x86/I8237.py.cc
 [EMBED PY] src/dev/x86/I8042.py -> Spandex/dev/x86/I8042.py.cc
 [     CXX] Spandex/dev/x86/I8237.py.cc -> .pyo
 [     CXX] Spandex/dev/x86/I8042.py.cc -> .pyo
 [EMBED PY] src/dev/x86/X86Ide.py -> Spandex/dev/x86/X86Ide.py.cc
 [EMBED PY] src/dev/x86/PcSpeaker.py -> Spandex/dev/x86/PcSpeaker.py.cc
 [     CXX] Spandex/dev/x86/X86Ide.py.cc -> .pyo
 [     CXX] Spandex/dev/x86/PcSpeaker.py.cc -> .pyo
 [EMBED PY] src/dev/x86/I82094AA.py -> Spandex/dev/x86/I82094AA.py.cc
 [EMBED PY] src/dev/x86/X86QemuFwCfg.py -> Spandex/dev/x86/X86QemuFwCfg.py.cc
 [     CXX] Spandex/dev/x86/I82094AA.py.cc -> .pyo
 [     CXX] Spandex/dev/x86/X86QemuFwCfg.py.cc -> .pyo
 [EMBED PY] src/dev/serial/Serial.py -> Spandex/dev/serial/Serial.py.cc
 [EMBED PY] src/dev/serial/Terminal.py -> Spandex/dev/serial/Terminal.py.cc
 [     CXX] Spandex/dev/serial/Serial.py.cc -> .pyo
 [     CXX] Spandex/dev/serial/Terminal.py.cc -> .pyo
 [EMBED PY] src/dev/serial/Uart.py -> Spandex/dev/serial/Uart.py.cc
 [EMBED PY] src/dev/storage/Ide.py -> Spandex/dev/storage/Ide.py.cc
 [     CXX] Spandex/dev/serial/Uart.py.cc -> .pyo
 [     CXX] Spandex/dev/storage/Ide.py.cc -> .pyo
 [EMBED PY] src/dev/storage/DiskImage.py -> Spandex/dev/storage/DiskImage.py.cc
 [EMBED PY] src/dev/storage/SimpleDisk.py -> Spandex/dev/storage/SimpleDisk.py.cc
 [     CXX] Spandex/dev/storage/DiskImage.py.cc -> .pyo
 [     CXX] Spandex/dev/storage/SimpleDisk.py.cc -> .pyo
 [EMBED PY] src/dev/amdgpu/AMDGPU.py -> Spandex/dev/amdgpu/AMDGPU.py.cc
 [EMBED PY] src/dev/net/Ethernet.py -> Spandex/dev/net/Ethernet.py.cc
 [     CXX] Spandex/dev/amdgpu/AMDGPU.py.cc -> .pyo
 [     CXX] Spandex/dev/net/Ethernet.py.cc -> .pyo
 [EMBED PY] src/dev/qemu/QemuFwCfg.py -> Spandex/dev/qemu/QemuFwCfg.py.cc
 [     CXX] Spandex/dev/qemu/QemuFwCfg.py.cc -> .pyo
 [EMBED PY] src/dev/i2c/I2C.py -> Spandex/dev/i2c/I2C.py.cc
 [     CXX] Spandex/dev/i2c/I2C.py.cc -> .pyo
 [EMBED PY] src/python/gem5/__init__.py -> Spandex/python/gem5/__init__.py.cc
 [     CXX] Spandex/python/gem5/__init__.py.cc -> .pyo
 [EMBED PY] src/python/gem5/coherence_protocol.py -> Spandex/python/gem5/coherence_protocol.py.cc
 [     CXX] Spandex/python/gem5/coherence_protocol.py.cc -> .pyo
 [EMBED PY] src/python/gem5/isas.py -> Spandex/python/gem5/isas.py.cc
 [     CXX] Spandex/python/gem5/isas.py.cc -> .pyo
 [EMBED PY] src/python/gem5/runtime.py -> Spandex/python/gem5/runtime.py.cc
 [     CXX] Spandex/python/gem5/runtime.py.cc -> .pyo
 [EMBED PY] src/python/gem5/simulate/__init__.py -> Spandex/python/gem5/simulate/__init__.py.cc
 [     CXX] Spandex/python/gem5/simulate/__init__.py.cc -> .pyo
 [EMBED PY] src/python/gem5/simulate/simulator.py -> Spandex/python/gem5/simulate/simulator.py.cc
 [     CXX] Spandex/python/gem5/simulate/simulator.py.cc -> .pyo
 [EMBED PY] src/python/gem5/simulate/exit_event.py -> Spandex/python/gem5/simulate/exit_event.py.cc
 [     CXX] Spandex/python/gem5/simulate/exit_event.py.cc -> .pyo
 [EMBED PY] src/python/gem5/simulate/exit_event_generators.py -> Spandex/python/gem5/simulate/exit_event_generators.py.cc
 [     CXX] Spandex/python/gem5/simulate/exit_event_generators.py.cc -> .pyo
 [EMBED PY] src/python/gem5/simulate/exit_handler.py -> Spandex/python/gem5/simulate/exit_handler.py.cc
 [     CXX] Spandex/python/gem5/simulate/exit_handler.py.cc -> .pyo
 [EMBED PY] src/python/gem5/components/__init__.py -> Spandex/python/gem5/components/__init__.py.cc
 [     CXX] Spandex/python/gem5/components/__init__.py.cc -> .pyo
 [EMBED PY] src/python/gem5/components/boards/__init__.py -> Spandex/python/gem5/components/boards/__init__.py.cc
 [     CXX] Spandex/python/gem5/components/boards/__init__.py.cc -> .pyo
 [EMBED PY] src/python/gem5/components/boards/abstract_board.py -> Spandex/python/gem5/components/boards/abstract_board.py.cc
 [     CXX] Spandex/python/gem5/components/boards/abstract_board.py.cc -> .pyo
 [EMBED PY] src/python/gem5/components/boards/abstract_system_board.py -> Spandex/python/gem5/components/boards/abstract_system_board.py.cc
 [     CXX] Spandex/python/gem5/components/boards/abstract_system_board.py.cc -> .pyo
 [EMBED PY] src/python/gem5/components/boards/mem_mode.py -> Spandex/python/gem5/components/boards/mem_mode.py.cc
 [     CXX] Spandex/python/gem5/components/boards/mem_mode.py.cc -> .pyo
 [EMBED PY] src/python/gem5/components/boards/riscv_board.py -> Spandex/python/gem5/components/boards/riscv_board.py.cc
 [     CXX] Spandex/python/gem5/components/boards/riscv_board.py.cc -> .pyo
 [EMBED PY] src/python/gem5/components/boards/experimental/__init__.py -> Spandex/python/gem5/components/boards/experimental/__init__.py.cc
 [     CXX] Spandex/python/gem5/components/boards/experimental/__init__.py.cc -> .pyo
 [EMBED PY] src/python/gem5/components/boards/experimental/lupv_board.py -> Spandex/python/gem5/components/boards/experimental/lupv_board.py.cc
 [     CXX] Spandex/python/gem5/components/boards/experimental/lupv_board.py.cc -> .pyo
 [EMBED PY] src/python/gem5/components/boards/simple_board.py -> Spandex/python/gem5/components/boards/simple_board.py.cc
 [     CXX] Spandex/python/gem5/components/boards/simple_board.py.cc -> .pyo
 [EMBED PY] src/python/gem5/components/boards/test_board.py -> Spandex/python/gem5/components/boards/test_board.py.cc
 [     CXX] Spandex/python/gem5/components/boards/test_board.py.cc -> .pyo
 [EMBED PY] src/python/gem5/components/boards/x86_board.py -> Spandex/python/gem5/components/boards/x86_board.py.cc
 [     CXX] Spandex/python/gem5/components/boards/x86_board.py.cc -> .pyo
 [EMBED PY] src/python/gem5/components/boards/arm_board.py -> Spandex/python/gem5/components/boards/arm_board.py.cc
 [     CXX] Spandex/python/gem5/components/boards/arm_board.py.cc -> .pyo
 [EMBED PY] src/python/gem5/components/boards/kernel_disk_workload.py -> Spandex/python/gem5/components/boards/kernel_disk_workload.py.cc
 [     CXX] Spandex/python/gem5/components/boards/kernel_disk_workload.py.cc -> .pyo
 [EMBED PY] src/python/gem5/components/boards/se_binary_workload.py -> Spandex/python/gem5/components/boards/se_binary_workload.py.cc
 [     CXX] Spandex/python/gem5/components/boards/se_binary_workload.py.cc -> .pyo
 [EMBED PY] src/python/gem5/components/cachehierarchies/__init__.py -> Spandex/python/gem5/components/cachehierarchies/__init__.py.cc
 [     CXX] Spandex/python/gem5/components/cachehierarchies/__init__.py.cc -> .pyo
 [EMBED PY] src/python/gem5/components/cachehierarchies/abstract_cache_hierarchy.py -> Spandex/python/gem5/components/cachehierarchies/abstract_cache_hierarchy.py.cc
 [     CXX] Spandex/python/gem5/components/cachehierarchies/abstract_cache_hierarchy.py.cc -> .pyo
 [EMBED PY] src/python/gem5/components/cachehierarchies/abstract_two_level_cache_hierarchy.py -> Spandex/python/gem5/components/cachehierarchies/abstract_two_level_cache_hierarchy.py.cc
 [     CXX] Spandex/python/gem5/components/cachehierarchies/abstract_two_level_cache_hierarchy.py.cc -> .pyo
 [EMBED PY] src/python/gem5/components/cachehierarchies/abstract_three_level_cache_hierarchy.py -> Spandex/python/gem5/components/cachehierarchies/abstract_three_level_cache_hierarchy.py.cc
 [     CXX] Spandex/python/gem5/components/cachehierarchies/abstract_three_level_cache_hierarchy.py.cc -> .pyo
 [EMBED PY] src/python/gem5/components/cachehierarchies/chi/__init__.py -> Spandex/python/gem5/components/cachehierarchies/chi/__init__.py.cc
 [     CXX] Spandex/python/gem5/components/cachehierarchies/chi/__init__.py.cc -> .pyo
 [EMBED PY] src/python/gem5/components/cachehierarchies/chi/private_l1_cache_hierarchy.py -> Spandex/python/gem5/components/cachehierarchies/chi/private_l1_cache_hierarchy.py.cc
 [     CXX] Spandex/python/gem5/components/cachehierarchies/chi/private_l1_cache_hierarchy.py.cc -> .pyo
 [EMBED PY] src/python/gem5/components/cachehierarchies/chi/private_l1_private_l2_cache_hierarchy.py -> Spandex/python/gem5/components/cachehierarchies/chi/private_l1_private_l2_cache_hierarchy.py.cc
 [     CXX] Spandex/python/gem5/components/cachehierarchies/chi/private_l1_private_l2_cache_hierarchy.py.cc -> .pyo
 [EMBED PY] src/python/gem5/components/cachehierarchies/chi/nodes/__init__.py -> Spandex/python/gem5/components/cachehierarchies/chi/nodes/__init__.py.cc
 [     CXX] Spandex/python/gem5/components/cachehierarchies/chi/nodes/__init__.py.cc -> .pyo
 [EMBED PY] src/python/gem5/components/cachehierarchies/chi/nodes/abstract_node.py -> Spandex/python/gem5/components/cachehierarchies/chi/nodes/abstract_node.py.cc
 [     CXX] Spandex/python/gem5/components/cachehierarchies/chi/nodes/abstract_node.py.cc -> .pyo
 [EMBED PY] src/python/gem5/components/cachehierarchies/chi/nodes/directory.py -> Spandex/python/gem5/components/cachehierarchies/chi/nodes/directory.py.cc
 [     CXX] Spandex/python/gem5/components/cachehierarchies/chi/nodes/directory.py.cc -> .pyo
 [EMBED PY] src/python/gem5/components/cachehierarchies/chi/nodes/dma_requestor.py -> Spandex/python/gem5/components/cachehierarchies/chi/nodes/dma_requestor.py.cc
 [     CXX] Spandex/python/gem5/components/cachehierarchies/chi/nodes/dma_requestor.py.cc -> .pyo
 [EMBED PY] src/python/gem5/components/cachehierarchies/chi/nodes/l1_cache.py -> Spandex/python/gem5/components/cachehierarchies/chi/nodes/l1_cache.py.cc
 [     CXX] Spandex/python/gem5/components/cachehierarchies/chi/nodes/l1_cache.py.cc -> .pyo
 [EMBED PY] src/python/gem5/components/cachehierarchies/chi/nodes/l2_cache.py -> Spandex/python/gem5/components/cachehierarchies/chi/nodes/l2_cache.py.cc
 [     CXX] Spandex/python/gem5/components/cachehierarchies/chi/nodes/l2_cache.py.cc -> .pyo
 [EMBED PY] src/python/gem5/components/cachehierarchies/chi/nodes/memory_controller.py -> Spandex/python/gem5/components/cachehierarchies/chi/nodes/memory_controller.py.cc
 [     CXX] Spandex/python/gem5/components/cachehierarchies/chi/nodes/memory_controller.py.cc -> .pyo
 [EMBED PY] src/python/gem5/components/cachehierarchies/classic/__init__.py -> Spandex/python/gem5/components/cachehierarchies/classic/__init__.py.cc
 [     CXX] Spandex/python/gem5/components/cachehierarchies/classic/__init__.py.cc -> .pyo
 [EMBED PY] src/python/gem5/components/cachehierarchies/classic/abstract_classic_cache_hierarchy.py -> Spandex/python/gem5/components/cachehierarchies/classic/abstract_classic_cache_hierarchy.py.cc
 [     CXX] Spandex/python/gem5/components/cachehierarchies/classic/abstract_classic_cache_hierarchy.py.cc -> .pyo
 [EMBED PY] src/python/gem5/components/cachehierarchies/classic/no_cache.py -> Spandex/python/gem5/components/cachehierarchies/classic/no_cache.py.cc
 [     CXX] Spandex/python/gem5/components/cachehierarchies/classic/no_cache.py.cc -> .pyo
 [EMBED PY] src/python/gem5/components/cachehierarchies/classic/private_l1_cache_hierarchy.py -> Spandex/python/gem5/components/cachehierarchies/classic/private_l1_cache_hierarchy.py.cc
 [     CXX] Spandex/python/gem5/components/cachehierarchies/classic/private_l1_cache_hierarchy.py.cc -> .pyo
 [EMBED PY] src/python/gem5/components/cachehierarchies/classic/private_l1_walk_cache_hierarchy.py -> Spandex/python/gem5/components/cachehierarchies/classic/private_l1_walk_cache_hierarchy.py.cc
 [     CXX] Spandex/python/gem5/components/cachehierarchies/classic/private_l1_walk_cache_hierarchy.py.cc -> .pyo
 [EMBED PY] src/python/gem5/components/cachehierarchies/classic/private_l1_private_l2_cache_hierarchy.py -> Spandex/python/gem5/components/cachehierarchies/classic/private_l1_private_l2_cache_hierarchy.py.cc
 [     CXX] Spandex/python/gem5/components/cachehierarchies/classic/private_l1_private_l2_cache_hierarchy.py.cc -> .pyo
 [EMBED PY] src/python/gem5/components/cachehierarchies/classic/two_level_fdp_cache_hierarchy.py -> Spandex/python/gem5/components/cachehierarchies/classic/two_level_fdp_cache_hierarchy.py.cc
 [     CXX] Spandex/python/gem5/components/cachehierarchies/classic/two_level_fdp_cache_hierarchy.py.cc -> .pyo
 [EMBED PY] src/python/gem5/components/cachehierarchies/classic/private_l1_private_l2_walk_cache_hierarchy.py -> Spandex/python/gem5/components/cachehierarchies/classic/private_l1_private_l2_walk_cache_hierarchy.py.cc
 [     CXX] Spandex/python/gem5/components/cachehierarchies/classic/private_l1_private_l2_walk_cache_hierarchy.py.cc -> .pyo
 [EMBED PY] src/python/gem5/components/cachehierarchies/classic/private_l1_shared_l2_cache_hierarchy.py -> Spandex/python/gem5/components/cachehierarchies/classic/private_l1_shared_l2_cache_hierarchy.py.cc
 [     CXX] Spandex/python/gem5/components/cachehierarchies/classic/private_l1_shared_l2_cache_hierarchy.py.cc -> .pyo
 [EMBED PY] src/python/gem5/components/cachehierarchies/classic/private_l1_shared_l2_walk_cache_hierarchy.py -> Spandex/python/gem5/components/cachehierarchies/classic/private_l1_shared_l2_walk_cache_hierarchy.py.cc
 [     CXX] Spandex/python/gem5/components/cachehierarchies/classic/private_l1_shared_l2_walk_cache_hierarchy.py.cc -> .pyo
 [EMBED PY] src/python/gem5/components/cachehierarchies/classic/caches/__init__.py -> Spandex/python/gem5/components/cachehierarchies/classic/caches/__init__.py.cc
 [     CXX] Spandex/python/gem5/components/cachehierarchies/classic/caches/__init__.py.cc -> .pyo
 [EMBED PY] src/python/gem5/components/cachehierarchies/classic/caches/l1dcache.py -> Spandex/python/gem5/components/cachehierarchies/classic/caches/l1dcache.py.cc
 [     CXX] Spandex/python/gem5/components/cachehierarchies/classic/caches/l1dcache.py.cc -> .pyo
 [EMBED PY] src/python/gem5/components/cachehierarchies/classic/caches/l1icache.py -> Spandex/python/gem5/components/cachehierarchies/classic/caches/l1icache.py.cc
 [     CXX] Spandex/python/gem5/components/cachehierarchies/classic/caches/l1icache.py.cc -> .pyo
 [EMBED PY] src/python/gem5/components/cachehierarchies/classic/caches/l2cache.py -> Spandex/python/gem5/components/cachehierarchies/classic/caches/l2cache.py.cc
 [     CXX] Spandex/python/gem5/components/cachehierarchies/classic/caches/l2cache.py.cc -> .pyo
 [EMBED PY] src/python/gem5/components/cachehierarchies/classic/caches/mmu_cache.py -> Spandex/python/gem5/components/cachehierarchies/classic/caches/mmu_cache.py.cc
 [     CXX] Spandex/python/gem5/components/cachehierarchies/classic/caches/mmu_cache.py.cc -> .pyo
 [EMBED PY] src/python/gem5/components/cachehierarchies/ruby/__init__.py -> Spandex/python/gem5/components/cachehierarchies/ruby/__init__.py.cc
 [     CXX] Spandex/python/gem5/components/cachehierarchies/ruby/__init__.py.cc -> .pyo
 [EMBED PY] src/python/gem5/components/cachehierarchies/ruby/abstract_ruby_cache_hierarchy.py -> Spandex/python/gem5/components/cachehierarchies/ruby/abstract_ruby_cache_hierarchy.py.cc
 [     CXX] Spandex/python/gem5/components/cachehierarchies/ruby/abstract_ruby_cache_hierarchy.py.cc -> .pyo
 [EMBED PY] src/python/gem5/components/cachehierarchies/ruby/mesi_two_level_cache_hierarchy.py -> Spandex/python/gem5/components/cachehierarchies/ruby/mesi_two_level_cache_hierarchy.py.cc
 [     CXX] Spandex/python/gem5/components/cachehierarchies/ruby/mesi_two_level_cache_hierarchy.py.cc -> .pyo
 [EMBED PY] src/python/gem5/components/cachehierarchies/ruby/mesi_three_level_cache_hierarchy.py -> Spandex/python/gem5/components/cachehierarchies/ruby/mesi_three_level_cache_hierarchy.py.cc
 [     CXX] Spandex/python/gem5/components/cachehierarchies/ruby/mesi_three_level_cache_hierarchy.py.cc -> .pyo
 [EMBED PY] src/python/gem5/components/cachehierarchies/ruby/mi_example_cache_hierarchy.py -> Spandex/python/gem5/components/cachehierarchies/ruby/mi_example_cache_hierarchy.py.cc
 [     CXX] Spandex/python/gem5/components/cachehierarchies/ruby/mi_example_cache_hierarchy.py.cc -> .pyo
 [EMBED PY] src/python/gem5/components/cachehierarchies/ruby/caches/__init__.py -> Spandex/python/gem5/components/cachehierarchies/ruby/caches/__init__.py.cc
 [     CXX] Spandex/python/gem5/components/cachehierarchies/ruby/caches/__init__.py.cc -> .pyo
 [EMBED PY] src/python/gem5/components/cachehierarchies/ruby/caches/mesi_two_level/__init__.py -> Spandex/python/gem5/components/cachehierarchies/ruby/caches/mesi_two_level/__init__.py.cc
 [     CXX] Spandex/python/gem5/components/cachehierarchies/ruby/caches/mesi_two_level/__init__.py.cc -> .pyo
 [EMBED PY] src/python/gem5/components/cachehierarchies/ruby/caches/mesi_two_level/directory.py -> Spandex/python/gem5/components/cachehierarchies/ruby/caches/mesi_two_level/directory.py.cc
 [     CXX] Spandex/python/gem5/components/cachehierarchies/ruby/caches/mesi_two_level/directory.py.cc -> .pyo
 [EMBED PY] src/python/gem5/components/cachehierarchies/ruby/caches/mesi_two_level/dma_controller.py -> Spandex/python/gem5/components/cachehierarchies/ruby/caches/mesi_two_level/dma_controller.py.cc
 [     CXX] Spandex/python/gem5/components/cachehierarchies/ruby/caches/mesi_two_level/dma_controller.py.cc -> .pyo
 [EMBED PY] src/python/gem5/components/cachehierarchies/ruby/caches/mesi_two_level/l1_cache.py -> Spandex/python/gem5/components/cachehierarchies/ruby/caches/mesi_two_level/l1_cache.py.cc
 [     CXX] Spandex/python/gem5/components/cachehierarchies/ruby/caches/mesi_two_level/l1_cache.py.cc -> .pyo
 [EMBED PY] src/python/gem5/components/cachehierarchies/ruby/caches/mesi_two_level/l2_cache.py -> Spandex/python/gem5/components/cachehierarchies/ruby/caches/mesi_two_level/l2_cache.py.cc
 [     CXX] Spandex/python/gem5/components/cachehierarchies/ruby/caches/mesi_two_level/l2_cache.py.cc -> .pyo
 [EMBED PY] src/python/gem5/components/cachehierarchies/ruby/caches/mesi_three_level/__init__.py -> Spandex/python/gem5/components/cachehierarchies/ruby/caches/mesi_three_level/__init__.py.cc
 [     CXX] Spandex/python/gem5/components/cachehierarchies/ruby/caches/mesi_three_level/__init__.py.cc -> .pyo
 [EMBED PY] src/python/gem5/components/cachehierarchies/ruby/caches/mesi_three_level/directory.py -> Spandex/python/gem5/components/cachehierarchies/ruby/caches/mesi_three_level/directory.py.cc
 [     CXX] Spandex/python/gem5/components/cachehierarchies/ruby/caches/mesi_three_level/directory.py.cc -> .pyo
 [EMBED PY] src/python/gem5/components/cachehierarchies/ruby/caches/mesi_three_level/dma_controller.py -> Spandex/python/gem5/components/cachehierarchies/ruby/caches/mesi_three_level/dma_controller.py.cc
 [     CXX] Spandex/python/gem5/components/cachehierarchies/ruby/caches/mesi_three_level/dma_controller.py.cc -> .pyo
 [EMBED PY] src/python/gem5/components/cachehierarchies/ruby/caches/mesi_three_level/l1_cache.py -> Spandex/python/gem5/components/cachehierarchies/ruby/caches/mesi_three_level/l1_cache.py.cc
 [     CXX] Spandex/python/gem5/components/cachehierarchies/ruby/caches/mesi_three_level/l1_cache.py.cc -> .pyo
 [EMBED PY] src/python/gem5/components/cachehierarchies/ruby/caches/mesi_three_level/l2_cache.py -> Spandex/python/gem5/components/cachehierarchies/ruby/caches/mesi_three_level/l2_cache.py.cc
 [     CXX] Spandex/python/gem5/components/cachehierarchies/ruby/caches/mesi_three_level/l2_cache.py.cc -> .pyo
 [EMBED PY] src/python/gem5/components/cachehierarchies/ruby/caches/mesi_three_level/l3_cache.py -> Spandex/python/gem5/components/cachehierarchies/ruby/caches/mesi_three_level/l3_cache.py.cc
 [     CXX] Spandex/python/gem5/components/cachehierarchies/ruby/caches/mesi_three_level/l3_cache.py.cc -> .pyo
 [EMBED PY] src/python/gem5/components/cachehierarchies/ruby/caches/prebuilt/__init__.py -> Spandex/python/gem5/components/cachehierarchies/ruby/caches/prebuilt/__init__.py.cc
 [     CXX] Spandex/python/gem5/components/cachehierarchies/ruby/caches/prebuilt/__init__.py.cc -> .pyo
 [EMBED PY] src/python/gem5/components/cachehierarchies/ruby/caches/prebuilt/octopi_cache/__init__.py -> Spandex/python/gem5/components/cachehierarchies/ruby/caches/prebuilt/octopi_cache/__init__.py.cc
 [     CXX] Spandex/python/gem5/components/cachehierarchies/ruby/caches/prebuilt/octopi_cache/__init__.py.cc -> .pyo
 [EMBED PY] src/python/gem5/components/cachehierarchies/ruby/caches/prebuilt/octopi_cache/octopi.py -> Spandex/python/gem5/components/cachehierarchies/ruby/caches/prebuilt/octopi_cache/octopi.py.cc
 [     CXX] Spandex/python/gem5/components/cachehierarchies/ruby/caches/prebuilt/octopi_cache/octopi.py.cc -> .pyo
 [EMBED PY] src/python/gem5/components/cachehierarchies/ruby/caches/prebuilt/octopi_cache/core_complex.py -> Spandex/python/gem5/components/cachehierarchies/ruby/caches/prebuilt/octopi_cache/core_complex.py.cc
 [     CXX] Spandex/python/gem5/components/cachehierarchies/ruby/caches/prebuilt/octopi_cache/core_complex.py.cc -> .pyo
 [EMBED PY] src/python/gem5/components/cachehierarchies/ruby/caches/prebuilt/octopi_cache/octopi_network.py -> Spandex/python/gem5/components/cachehierarchies/ruby/caches/prebuilt/octopi_cache/octopi_network.py.cc
 [     CXX] Spandex/python/gem5/components/cachehierarchies/ruby/caches/prebuilt/octopi_cache/octopi_network.py.cc -> .pyo
 [EMBED PY] src/python/gem5/components/cachehierarchies/ruby/caches/prebuilt/octopi_cache/ruby_network_components.py -> Spandex/python/gem5/components/cachehierarchies/ruby/caches/prebuilt/octopi_cache/ruby_network_components.py.cc
 [     CXX] Spandex/python/gem5/components/cachehierarchies/ruby/caches/prebuilt/octopi_cache/ruby_network_components.py.cc -> .pyo
 [EMBED PY] src/python/gem5/components/cachehierarchies/ruby/caches/mi_example/__init__.py -> Spandex/python/gem5/components/cachehierarchies/ruby/caches/mi_example/__init__.py.cc
 [     CXX] Spandex/python/gem5/components/cachehierarchies/ruby/caches/mi_example/__init__.py.cc -> .pyo
 [EMBED PY] src/python/gem5/components/cachehierarchies/ruby/caches/mi_example/directory.py -> Spandex/python/gem5/components/cachehierarchies/ruby/caches/mi_example/directory.py.cc
 [     CXX] Spandex/python/gem5/components/cachehierarchies/ruby/caches/mi_example/directory.py.cc -> .pyo
 [EMBED PY] src/python/gem5/components/cachehierarchies/ruby/caches/mi_example/dma_controller.py -> Spandex/python/gem5/components/cachehierarchies/ruby/caches/mi_example/dma_controller.py.cc
 [     CXX] Spandex/python/gem5/components/cachehierarchies/ruby/caches/mi_example/dma_controller.py.cc -> .pyo
 [EMBED PY] src/python/gem5/components/cachehierarchies/ruby/caches/mi_example/l1_cache.py -> Spandex/python/gem5/components/cachehierarchies/ruby/caches/mi_example/l1_cache.py.cc
 [     CXX] Spandex/python/gem5/components/cachehierarchies/ruby/caches/mi_example/l1_cache.py.cc -> .pyo
 [EMBED PY] src/python/gem5/components/cachehierarchies/ruby/caches/viper/__init__.py -> Spandex/python/gem5/components/cachehierarchies/ruby/caches/viper/__init__.py.cc
 [     CXX] Spandex/python/gem5/components/cachehierarchies/ruby/caches/viper/__init__.py.cc -> .pyo
 [EMBED PY] src/python/gem5/components/cachehierarchies/ruby/caches/viper/corepair_cache.py -> Spandex/python/gem5/components/cachehierarchies/ruby/caches/viper/corepair_cache.py.cc
 [     CXX] Spandex/python/gem5/components/cachehierarchies/ruby/caches/viper/corepair_cache.py.cc -> .pyo
 [EMBED PY] src/python/gem5/components/cachehierarchies/ruby/caches/viper/directory.py -> Spandex/python/gem5/components/cachehierarchies/ruby/caches/viper/directory.py.cc
 [     CXX] Spandex/python/gem5/components/cachehierarchies/ruby/caches/viper/directory.py.cc -> .pyo
 [EMBED PY] src/python/gem5/components/cachehierarchies/ruby/caches/viper/dma_controller.py -> Spandex/python/gem5/components/cachehierarchies/ruby/caches/viper/dma_controller.py.cc
 [     CXX] Spandex/python/gem5/components/cachehierarchies/ruby/caches/viper/dma_controller.py.cc -> .pyo
 [EMBED PY] src/python/gem5/components/cachehierarchies/ruby/caches/viper/tcp.py -> Spandex/python/gem5/components/cachehierarchies/ruby/caches/viper/tcp.py.cc
 [     CXX] Spandex/python/gem5/components/cachehierarchies/ruby/caches/viper/tcp.py.cc -> .pyo
 [EMBED PY] src/python/gem5/components/cachehierarchies/ruby/caches/viper/sqc.py -> Spandex/python/gem5/components/cachehierarchies/ruby/caches/viper/sqc.py.cc
 [     CXX] Spandex/python/gem5/components/cachehierarchies/ruby/caches/viper/sqc.py.cc -> .pyo
 [EMBED PY] src/python/gem5/components/cachehierarchies/ruby/caches/viper/tcc.py -> Spandex/python/gem5/components/cachehierarchies/ruby/caches/viper/tcc.py.cc
 [     CXX] Spandex/python/gem5/components/cachehierarchies/ruby/caches/viper/tcc.py.cc -> .pyo
 [EMBED PY] src/python/gem5/components/cachehierarchies/ruby/topologies/__init__.py -> Spandex/python/gem5/components/cachehierarchies/ruby/topologies/__init__.py.cc
 [     CXX] Spandex/python/gem5/components/cachehierarchies/ruby/topologies/__init__.py.cc -> .pyo
 [EMBED PY] src/python/gem5/components/cachehierarchies/ruby/topologies/simple_pt2pt.py -> Spandex/python/gem5/components/cachehierarchies/ruby/topologies/simple_pt2pt.py.cc
 [     CXX] Spandex/python/gem5/components/cachehierarchies/ruby/topologies/simple_pt2pt.py.cc -> .pyo
 [EMBED PY] src/python/gem5/components/devices/__init__.py -> Spandex/python/gem5/components/devices/__init__.py.cc
 [     CXX] Spandex/python/gem5/components/devices/__init__.py.cc -> .pyo
 [EMBED PY] src/python/gem5/components/devices/gpus/__init__.py -> Spandex/python/gem5/components/devices/gpus/__init__.py.cc
 [     CXX] Spandex/python/gem5/components/devices/gpus/__init__.py.cc -> .pyo
 [EMBED PY] src/python/gem5/components/devices/gpus/amdgpu.py -> Spandex/python/gem5/components/devices/gpus/amdgpu.py.cc
 [     CXX] Spandex/python/gem5/components/devices/gpus/amdgpu.py.cc -> .pyo
 [EMBED PY] src/python/gem5/components/devices/gpus/viper_shader.py -> Spandex/python/gem5/components/devices/gpus/viper_shader.py.cc
 [     CXX] Spandex/python/gem5/components/devices/gpus/viper_shader.py.cc -> .pyo
 [EMBED PY] src/python/gem5/components/memory/__init__.py -> Spandex/python/gem5/components/memory/__init__.py.cc
 [     CXX] Spandex/python/gem5/components/memory/__init__.py.cc -> .pyo
 [EMBED PY] src/python/gem5/components/memory/abstract_memory_system.py -> Spandex/python/gem5/components/memory/abstract_memory_system.py.cc
 [     CXX] Spandex/python/gem5/components/memory/abstract_memory_system.py.cc -> .pyo
 [EMBED PY] src/python/gem5/components/memory/dramsim_3.py -> Spandex/python/gem5/components/memory/dramsim_3.py.cc
 [     CXX] Spandex/python/gem5/components/memory/dramsim_3.py.cc -> .pyo
 [EMBED PY] src/python/gem5/components/memory/simple.py -> Spandex/python/gem5/components/memory/simple.py.cc
 [     CXX] Spandex/python/gem5/components/memory/simple.py.cc -> .pyo
 [EMBED PY] src/python/gem5/components/memory/memory.py -> Spandex/python/gem5/components/memory/memory.py.cc
 [     CXX] Spandex/python/gem5/components/memory/memory.py.cc -> .pyo
 [EMBED PY] src/python/gem5/components/memory/single_channel.py -> Spandex/python/gem5/components/memory/single_channel.py.cc
 [     CXX] Spandex/python/gem5/components/memory/single_channel.py.cc -> .pyo
 [EMBED PY] src/python/gem5/components/memory/multi_channel.py -> Spandex/python/gem5/components/memory/multi_channel.py.cc
 [     CXX] Spandex/python/gem5/components/memory/multi_channel.py.cc -> .pyo
 [EMBED PY] src/python/gem5/components/memory/hbm.py -> Spandex/python/gem5/components/memory/hbm.py.cc
 [     CXX] Spandex/python/gem5/components/memory/hbm.py.cc -> .pyo
 [EMBED PY] src/python/gem5/components/memory/dram_interfaces/__init__.py -> Spandex/python/gem5/components/memory/dram_interfaces/__init__.py.cc
 [     CXX] Spandex/python/gem5/components/memory/dram_interfaces/__init__.py.cc -> .pyo
 [EMBED PY] src/python/gem5/components/memory/dram_interfaces/ddr3.py -> Spandex/python/gem5/components/memory/dram_interfaces/ddr3.py.cc
 [     CXX] Spandex/python/gem5/components/memory/dram_interfaces/ddr3.py.cc -> .pyo
 [EMBED PY] src/python/gem5/components/memory/dram_interfaces/ddr4.py -> Spandex/python/gem5/components/memory/dram_interfaces/ddr4.py.cc
 [     CXX] Spandex/python/gem5/components/memory/dram_interfaces/ddr4.py.cc -> .pyo
 [EMBED PY] src/python/gem5/components/memory/dram_interfaces/ddr5.py -> Spandex/python/gem5/components/memory/dram_interfaces/ddr5.py.cc
 [     CXX] Spandex/python/gem5/components/memory/dram_interfaces/ddr5.py.cc -> .pyo
 [EMBED PY] src/python/gem5/components/memory/dram_interfaces/gddr.py -> Spandex/python/gem5/components/memory/dram_interfaces/gddr.py.cc
 [     CXX] Spandex/python/gem5/components/memory/dram_interfaces/gddr.py.cc -> .pyo
 [EMBED PY] src/python/gem5/components/memory/dram_interfaces/hbm.py -> Spandex/python/gem5/components/memory/dram_interfaces/hbm.py.cc
 [     CXX] Spandex/python/gem5/components/memory/dram_interfaces/hbm.py.cc -> .pyo
 [EMBED PY] src/python/gem5/components/memory/dram_interfaces/hmc.py -> Spandex/python/gem5/components/memory/dram_interfaces/hmc.py.cc
 [     CXX] Spandex/python/gem5/components/memory/dram_interfaces/hmc.py.cc -> .pyo
 [EMBED PY] src/python/gem5/components/memory/dram_interfaces/lpddr2.py -> Spandex/python/gem5/components/memory/dram_interfaces/lpddr2.py.cc
 [     CXX] Spandex/python/gem5/components/memory/dram_interfaces/lpddr2.py.cc -> .pyo
 [EMBED PY] src/python/gem5/components/memory/dram_interfaces/lpddr3.py -> Spandex/python/gem5/components/memory/dram_interfaces/lpddr3.py.cc
 [     CXX] Spandex/python/gem5/components/memory/dram_interfaces/lpddr3.py.cc -> .pyo
 [EMBED PY] src/python/gem5/components/memory/dram_interfaces/lpddr5.py -> Spandex/python/gem5/components/memory/dram_interfaces/lpddr5.py.cc
 [     CXX] Spandex/python/gem5/components/memory/dram_interfaces/lpddr5.py.cc -> .pyo
 [EMBED PY] src/python/gem5/components/memory/dram_interfaces/wideio.py -> Spandex/python/gem5/components/memory/dram_interfaces/wideio.py.cc
 [     CXX] Spandex/python/gem5/components/memory/dram_interfaces/wideio.py.cc -> .pyo
 [EMBED PY] src/python/gem5/components/processors/__init__.py -> Spandex/python/gem5/components/processors/__init__.py.cc
 [     CXX] Spandex/python/gem5/components/processors/__init__.py.cc -> .pyo
 [EMBED PY] src/python/gem5/components/processors/abstract_core.py -> Spandex/python/gem5/components/processors/abstract_core.py.cc
 [     CXX] Spandex/python/gem5/components/processors/abstract_core.py.cc -> .pyo
 [EMBED PY] src/python/gem5/components/processors/abstract_generator_core.py -> Spandex/python/gem5/components/processors/abstract_generator_core.py.cc
 [     CXX] Spandex/python/gem5/components/processors/abstract_generator_core.py.cc -> .pyo
 [EMBED PY] src/python/gem5/components/processors/abstract_generator.py -> Spandex/python/gem5/components/processors/abstract_generator.py.cc
 [     CXX] Spandex/python/gem5/components/processors/abstract_generator.py.cc -> .pyo
 [EMBED PY] src/python/gem5/components/processors/abstract_processor.py -> Spandex/python/gem5/components/processors/abstract_processor.py.cc
 [     CXX] Spandex/python/gem5/components/processors/abstract_processor.py.cc -> .pyo
 [EMBED PY] src/python/gem5/components/processors/complex_generator_core.py -> Spandex/python/gem5/components/processors/complex_generator_core.py.cc
 [     CXX] Spandex/python/gem5/components/processors/complex_generator_core.py.cc -> .pyo
 [EMBED PY] src/python/gem5/components/processors/complex_generator.py -> Spandex/python/gem5/components/processors/complex_generator.py.cc
 [     CXX] Spandex/python/gem5/components/processors/complex_generator.py.cc -> .pyo
 [EMBED PY] src/python/gem5/components/processors/cpu_types.py -> Spandex/python/gem5/components/processors/cpu_types.py.cc
 [     CXX] Spandex/python/gem5/components/processors/cpu_types.py.cc -> .pyo
 [EMBED PY] src/python/gem5/components/processors/gups_generator_core.py -> Spandex/python/gem5/components/processors/gups_generator_core.py.cc
 [     CXX] Spandex/python/gem5/components/processors/gups_generator_core.py.cc -> .pyo
 [EMBED PY] src/python/gem5/components/processors/gups_generator.py -> Spandex/python/gem5/components/processors/gups_generator.py.cc
 [     CXX] Spandex/python/gem5/components/processors/gups_generator.py.cc -> .pyo
 [EMBED PY] src/python/gem5/components/processors/gups_generator_ep.py -> Spandex/python/gem5/components/processors/gups_generator_ep.py.cc
 [     CXX] Spandex/python/gem5/components/processors/gups_generator_ep.py.cc -> .pyo
 [EMBED PY] src/python/gem5/components/processors/gups_generator_par.py -> Spandex/python/gem5/components/processors/gups_generator_par.py.cc
 [     CXX] Spandex/python/gem5/components/processors/gups_generator_par.py.cc -> .pyo
 [EMBED PY] src/python/gem5/components/processors/linear_generator_core.py -> Spandex/python/gem5/components/processors/linear_generator_core.py.cc
 [     CXX] Spandex/python/gem5/components/processors/linear_generator_core.py.cc -> .pyo
 [EMBED PY] src/python/gem5/components/processors/linear_generator.py -> Spandex/python/gem5/components/processors/linear_generator.py.cc
 [     CXX] Spandex/python/gem5/components/processors/linear_generator.py.cc -> .pyo
 [EMBED PY] src/python/gem5/components/processors/strided_generator_core.py -> Spandex/python/gem5/components/processors/strided_generator_core.py.cc
 [     CXX] Spandex/python/gem5/components/processors/strided_generator_core.py.cc -> .pyo
 [EMBED PY] src/python/gem5/components/processors/strided_generator.py -> Spandex/python/gem5/components/processors/strided_generator.py.cc
 [     CXX] Spandex/python/gem5/components/processors/strided_generator.py.cc -> .pyo
 [EMBED PY] src/python/gem5/components/processors/random_generator_core.py -> Spandex/python/gem5/components/processors/random_generator_core.py.cc
 [     CXX] Spandex/python/gem5/components/processors/random_generator_core.py.cc -> .pyo
 [EMBED PY] src/python/gem5/components/processors/random_generator.py -> Spandex/python/gem5/components/processors/random_generator.py.cc
 [     CXX] Spandex/python/gem5/components/processors/random_generator.py.cc -> .pyo
 [EMBED PY] src/python/gem5/components/processors/spatter_gen/__init__.py -> Spandex/python/gem5/components/processors/spatter_gen/__init__.py.cc
 [     CXX] Spandex/python/gem5/components/processors/spatter_gen/__init__.py.cc -> .pyo
 [EMBED PY] src/python/gem5/components/processors/spatter_gen/spatter_generator_core.py -> Spandex/python/gem5/components/processors/spatter_gen/spatter_generator_core.py.cc
 [     CXX] Spandex/python/gem5/components/processors/spatter_gen/spatter_generator_core.py.cc -> .pyo
 [EMBED PY] src/python/gem5/components/processors/spatter_gen/spatter_generator.py -> Spandex/python/gem5/components/processors/spatter_gen/spatter_generator.py.cc
 [     CXX] Spandex/python/gem5/components/processors/spatter_gen/spatter_generator.py.cc -> .pyo
 [EMBED PY] src/python/gem5/components/processors/spatter_gen/spatter_kernel.py -> Spandex/python/gem5/components/processors/spatter_gen/spatter_kernel.py.cc
 [     CXX] Spandex/python/gem5/components/processors/spatter_gen/spatter_kernel.py.cc -> .pyo
 [EMBED PY] src/python/gem5/components/processors/simple_core.py -> Spandex/python/gem5/components/processors/simple_core.py.cc
 [     CXX] Spandex/python/gem5/components/processors/simple_core.py.cc -> .pyo
 [EMBED PY] src/python/gem5/components/processors/base_cpu_core.py -> Spandex/python/gem5/components/processors/base_cpu_core.py.cc
 [     CXX] Spandex/python/gem5/components/processors/base_cpu_core.py.cc -> .pyo
 [EMBED PY] src/python/gem5/components/processors/simple_processor.py -> Spandex/python/gem5/components/processors/simple_processor.py.cc
 [     CXX] Spandex/python/gem5/components/processors/simple_processor.py.cc -> .pyo
 [EMBED PY] src/python/gem5/components/processors/decoupled_processor.py -> Spandex/python/gem5/components/processors/decoupled_processor.py.cc
 [     CXX] Spandex/python/gem5/components/processors/decoupled_processor.py.cc -> .pyo
 [EMBED PY] src/python/gem5/components/processors/base_cpu_processor.py -> Spandex/python/gem5/components/processors/base_cpu_processor.py.cc
 [     CXX] Spandex/python/gem5/components/processors/base_cpu_processor.py.cc -> .pyo
 [EMBED PY] src/python/gem5/components/processors/simple_switchable_processor.py -> Spandex/python/gem5/components/processors/simple_switchable_processor.py.cc
 [     CXX] Spandex/python/gem5/components/processors/simple_switchable_processor.py.cc -> .pyo
 [EMBED PY] src/python/gem5/components/processors/switchable_processor.py -> Spandex/python/gem5/components/processors/switchable_processor.py.cc
 [     CXX] Spandex/python/gem5/components/processors/switchable_processor.py.cc -> .pyo
 [EMBED PY] src/python/gem5/utils/simpoint.py -> Spandex/python/gem5/utils/simpoint.py.cc
 [     CXX] Spandex/python/gem5/utils/simpoint.py.cc -> .pyo
 [EMBED PY] src/python/gem5/components/processors/traffic_generator_core.py -> Spandex/python/gem5/components/processors/traffic_generator_core.py.cc
 [     CXX] Spandex/python/gem5/components/processors/traffic_generator_core.py.cc -> .pyo
 [EMBED PY] src/python/gem5/components/processors/traffic_generator.py -> Spandex/python/gem5/components/processors/traffic_generator.py.cc
 [     CXX] Spandex/python/gem5/components/processors/traffic_generator.py.cc -> .pyo
 [EMBED PY] src/python/gem5/prebuilt/__init__.py -> Spandex/python/gem5/prebuilt/__init__.py.cc
 [     CXX] Spandex/python/gem5/prebuilt/__init__.py.cc -> .pyo
 [EMBED PY] src/python/gem5/prebuilt/demo/__init__.py -> Spandex/python/gem5/prebuilt/demo/__init__.py.cc
 [     CXX] Spandex/python/gem5/prebuilt/demo/__init__.py.cc -> .pyo
 [EMBED PY] src/python/gem5/prebuilt/demo/x86_demo_board.py -> Spandex/python/gem5/prebuilt/demo/x86_demo_board.py.cc
 [     CXX] Spandex/python/gem5/prebuilt/demo/x86_demo_board.py.cc -> .pyo
 [EMBED PY] src/python/gem5/prebuilt/demo/riscv_demo_board.py -> Spandex/python/gem5/prebuilt/demo/riscv_demo_board.py.cc
 [     CXX] Spandex/python/gem5/prebuilt/demo/riscv_demo_board.py.cc -> .pyo
 [EMBED PY] src/python/gem5/prebuilt/demo/arm_demo_board.py -> Spandex/python/gem5/prebuilt/demo/arm_demo_board.py.cc
 [     CXX] Spandex/python/gem5/prebuilt/demo/arm_demo_board.py.cc -> .pyo
 [EMBED PY] src/python/gem5/prebuilt/riscvmatched/__init__.py -> Spandex/python/gem5/prebuilt/riscvmatched/__init__.py.cc
 [     CXX] Spandex/python/gem5/prebuilt/riscvmatched/__init__.py.cc -> .pyo
 [EMBED PY] src/python/gem5/prebuilt/riscvmatched/riscvmatched_board.py -> Spandex/python/gem5/prebuilt/riscvmatched/riscvmatched_board.py.cc
 [     CXX] Spandex/python/gem5/prebuilt/riscvmatched/riscvmatched_board.py.cc -> .pyo
 [EMBED PY] src/python/gem5/prebuilt/riscvmatched/riscvmatched_cache.py -> Spandex/python/gem5/prebuilt/riscvmatched/riscvmatched_cache.py.cc
 [     CXX] Spandex/python/gem5/prebuilt/riscvmatched/riscvmatched_cache.py.cc -> .pyo
 [EMBED PY] src/python/gem5/prebuilt/riscvmatched/riscvmatched_processor.py -> Spandex/python/gem5/prebuilt/riscvmatched/riscvmatched_processor.py.cc
 [     CXX] Spandex/python/gem5/prebuilt/riscvmatched/riscvmatched_processor.py.cc -> .pyo
 [EMBED PY] src/python/gem5/prebuilt/riscvmatched/riscvmatched_core.py -> Spandex/python/gem5/prebuilt/riscvmatched/riscvmatched_core.py.cc
 [     CXX] Spandex/python/gem5/prebuilt/riscvmatched/riscvmatched_core.py.cc -> .pyo
 [EMBED PY] src/python/gem5/prebuilt/viper/__init__.py -> Spandex/python/gem5/prebuilt/viper/__init__.py.cc
 [     CXX] Spandex/python/gem5/prebuilt/viper/__init__.py.cc -> .pyo
 [EMBED PY] src/python/gem5/prebuilt/viper/board.py -> Spandex/python/gem5/prebuilt/viper/board.py.cc
 [     CXX] Spandex/python/gem5/prebuilt/viper/board.py.cc -> .pyo
 [EMBED PY] src/python/gem5/prebuilt/viper/cpu_cache_hierarchy.py -> Spandex/python/gem5/prebuilt/viper/cpu_cache_hierarchy.py.cc
 [     CXX] Spandex/python/gem5/prebuilt/viper/cpu_cache_hierarchy.py.cc -> .pyo
 [EMBED PY] src/python/gem5/prebuilt/viper/gpu_cache_hierarchy.py -> Spandex/python/gem5/prebuilt/viper/gpu_cache_hierarchy.py.cc
 [     CXX] Spandex/python/gem5/prebuilt/viper/gpu_cache_hierarchy.py.cc -> .pyo
 [EMBED PY] src/python/gem5/prebuilt/viper/viper_network.py -> Spandex/python/gem5/prebuilt/viper/viper_network.py.cc
 [     CXX] Spandex/python/gem5/prebuilt/viper/viper_network.py.cc -> .pyo
 [EMBED PY] src/python/gem5/resources/__init__.py -> Spandex/python/gem5/resources/__init__.py.cc
 [     CXX] Spandex/python/gem5/resources/__init__.py.cc -> .pyo
 [EMBED PY] src/python/gem5/resources/client.py -> Spandex/python/gem5/resources/client.py.cc
 [     CXX] Spandex/python/gem5/resources/client.py.cc -> .pyo
 [EMBED PY] src/python/gem5/resources/downloader.py -> Spandex/python/gem5/resources/downloader.py.cc
 [     CXX] Spandex/python/gem5/resources/downloader.py.cc -> .pyo
 [EMBED PY] src/python/gem5/resources/md5_utils.py -> Spandex/python/gem5/resources/md5_utils.py.cc
 [     CXX] Spandex/python/gem5/resources/md5_utils.py.cc -> .pyo
 [EMBED PY] src/python/gem5/resources/resource.py -> Spandex/python/gem5/resources/resource.py.cc
 [     CXX] Spandex/python/gem5/resources/resource.py.cc -> .pyo
 [EMBED PY] src/python/gem5/resources/workload.py -> Spandex/python/gem5/resources/workload.py.cc
 [     CXX] Spandex/python/gem5/resources/workload.py.cc -> .pyo
 [EMBED PY] src/python/gem5/resources/looppoint.py -> Spandex/python/gem5/resources/looppoint.py.cc
 [     CXX] Spandex/python/gem5/resources/looppoint.py.cc -> .pyo
 [EMBED PY] src/python/gem5/resources/elfie.py -> Spandex/python/gem5/resources/elfie.py.cc
 [     CXX] Spandex/python/gem5/resources/elfie.py.cc -> .pyo
 [EMBED PY] src/python/gem5/resources/client_api/__init__.py -> Spandex/python/gem5/resources/client_api/__init__.py.cc
 [     CXX] Spandex/python/gem5/resources/client_api/__init__.py.cc -> .pyo
 [EMBED PY] src/python/gem5/resources/client_api/jsonclient.py -> Spandex/python/gem5/resources/client_api/jsonclient.py.cc
 [     CXX] Spandex/python/gem5/resources/client_api/jsonclient.py.cc -> .pyo
 [EMBED PY] src/python/gem5/resources/client_api/azure_functions_client.py -> Spandex/python/gem5/resources/client_api/azure_functions_client.py.cc
 [     CXX] Spandex/python/gem5/resources/client_api/azure_functions_client.py.cc -> .pyo
 [EMBED PY] src/python/gem5/resources/client_api/abstract_client.py -> Spandex/python/gem5/resources/client_api/abstract_client.py.cc
 [     CXX] Spandex/python/gem5/resources/client_api/abstract_client.py.cc -> .pyo
 [EMBED PY] src/python/gem5/resources/client_api/client_query.py -> Spandex/python/gem5/resources/client_api/client_query.py.cc
 [     CXX] Spandex/python/gem5/resources/client_api/client_query.py.cc -> .pyo
 [EMBED PY] src/python/gem5/gem5_default_config.py -> Spandex/python/gem5/gem5_default_config.py.cc
 [     CXX] Spandex/python/gem5/gem5_default_config.py.cc -> .pyo
 [EMBED PY] src/python/gem5/utils/__init__.py -> Spandex/python/gem5/utils/__init__.py.cc
 [     CXX] Spandex/python/gem5/utils/__init__.py.cc -> .pyo
 [EMBED PY] src/python/gem5/utils/filelock.py -> Spandex/python/gem5/utils/filelock.py.cc
 [     CXX] Spandex/python/gem5/utils/filelock.py.cc -> .pyo
 [EMBED PY] src/python/gem5/utils/override.py -> Spandex/python/gem5/utils/override.py.cc
 [     CXX] Spandex/python/gem5/utils/override.py.cc -> .pyo
 [EMBED PY] src/python/gem5/utils/progress_bar.py -> Spandex/python/gem5/utils/progress_bar.py.cc
 [     CXX] Spandex/python/gem5/utils/progress_bar.py.cc -> .pyo
 [EMBED PY] src/python/gem5/utils/requires.py -> Spandex/python/gem5/utils/requires.py.cc
 [     CXX] Spandex/python/gem5/utils/requires.py.cc -> .pyo
 [EMBED PY] src/python/gem5/utils/socks_ssl_context.py -> Spandex/python/gem5/utils/socks_ssl_context.py.cc
 [     CXX] Spandex/python/gem5/utils/socks_ssl_context.py.cc -> .pyo
 [EMBED PY] src/python/gem5/utils/multisim/__init__.py -> Spandex/python/gem5/utils/multisim/__init__.py.cc
 [     CXX] Spandex/python/gem5/utils/multisim/__init__.py.cc -> .pyo
 [EMBED PY] src/python/gem5/utils/multisim/multisim.py -> Spandex/python/gem5/utils/multisim/multisim.py.cc
 [     CXX] Spandex/python/gem5/utils/multisim/multisim.py.cc -> .pyo
 [EMBED PY] src/python/gem5/utils/multisim/__main__.py -> Spandex/python/gem5/utils/multisim/__main__.py.cc
 [     CXX] Spandex/python/gem5/utils/multisim/__main__.py.cc -> .pyo
 [EMBED PY] src/python/gem5/utils/multiprocessing/__init__.py -> Spandex/python/gem5/utils/multiprocessing/__init__.py.cc
 [     CXX] Spandex/python/gem5/utils/multiprocessing/__init__.py.cc -> .pyo
 [EMBED PY] src/python/gem5/utils/multiprocessing/_command_line.py -> Spandex/python/gem5/utils/multiprocessing/_command_line.py.cc
 [     CXX] Spandex/python/gem5/utils/multiprocessing/_command_line.py.cc -> .pyo
 [EMBED PY] src/python/gem5/utils/multiprocessing/context.py -> Spandex/python/gem5/utils/multiprocessing/context.py.cc
 [     CXX] Spandex/python/gem5/utils/multiprocessing/context.py.cc -> .pyo
 [EMBED PY] src/python/gem5/utils/multiprocessing/popen_spawn_gem5.py -> Spandex/python/gem5/utils/multiprocessing/popen_spawn_gem5.py.cc
 [     CXX] Spandex/python/gem5/utils/multiprocessing/popen_spawn_gem5.py.cc -> .pyo
 [EMBED PY] src/python/importer.py -> Spandex/python/importer.py.cc
 [     CXX] Spandex/python/importer.py.cc -> .pyo
 [EMBED PY] src/python/m5/__init__.py -> Spandex/python/m5/__init__.py.cc
 [     CXX] Spandex/python/m5/__init__.py.cc -> .pyo
 [EMBED PY] src/python/m5/SimObject.py -> Spandex/python/m5/SimObject.py.cc
 [     CXX] Spandex/python/m5/SimObject.py.cc -> .pyo
 [EMBED PY] src/python/m5/citations.py -> Spandex/python/m5/citations.py.cc
 [     CXX] Spandex/python/m5/citations.py.cc -> .pyo
 [EMBED PY] src/python/m5/core.py -> Spandex/python/m5/core.py.cc
 [     CXX] Spandex/python/m5/core.py.cc -> .pyo
 [EMBED PY] src/python/m5/debug.py -> Spandex/python/m5/debug.py.cc
 [     CXX] Spandex/python/m5/debug.py.cc -> .pyo
 [EMBED PY] src/python/m5/event.py -> Spandex/python/m5/event.py.cc
 [     CXX] Spandex/python/m5/event.py.cc -> .pyo
 [EMBED PY] src/python/m5/main.py -> Spandex/python/m5/main.py.cc
 [     CXX] Spandex/python/m5/main.py.cc -> .pyo
 [EMBED PY] src/python/m5/options.py -> Spandex/python/m5/options.py.cc
 [     CXX] Spandex/python/m5/options.py.cc -> .pyo
 [EMBED PY] src/python/m5/proxy.py -> Spandex/python/m5/proxy.py.cc
 [     CXX] Spandex/python/m5/proxy.py.cc -> .pyo
 [EMBED PY] src/python/m5/simulate.py -> Spandex/python/m5/simulate.py.cc
 [     CXX] Spandex/python/m5/simulate.py.cc -> .pyo
 [EMBED PY] src/python/m5/ticks.py -> Spandex/python/m5/ticks.py.cc
 [     CXX] Spandex/python/m5/ticks.py.cc -> .pyo
 [EMBED PY] src/python/m5/trace.py -> Spandex/python/m5/trace.py.cc
 [     CXX] Spandex/python/m5/trace.py.cc -> .pyo
 [EMBED PY] src/python/m5/objects/__init__.py -> Spandex/python/m5/objects/__init__.py.cc
 [     CXX] Spandex/python/m5/objects/__init__.py.cc -> .pyo
 [EMBED PY] src/python/m5/params/__init__.py -> Spandex/python/m5/params/__init__.py.cc
 [     CXX] Spandex/python/m5/params/__init__.py.cc -> .pyo
 [EMBED PY] src/python/m5/params/base_params.py -> Spandex/python/m5/params/base_params.py.cc
 [     CXX] Spandex/python/m5/params/base_params.py.cc -> .pyo
 [EMBED PY] src/python/m5/params/deprecated_params.py -> Spandex/python/m5/params/deprecated_params.py.cc
 [     CXX] Spandex/python/m5/params/deprecated_params.py.cc -> .pyo
 [EMBED PY] src/python/m5/params/enum_params.py -> Spandex/python/m5/params/enum_params.py.cc
 [     CXX] Spandex/python/m5/params/enum_params.py.cc -> .pyo
 [EMBED PY] src/python/m5/params/network_params.py -> Spandex/python/m5/params/network_params.py.cc
 [     CXX] Spandex/python/m5/params/network_params.py.cc -> .pyo
 [EMBED PY] src/python/m5/params/null_params.py -> Spandex/python/m5/params/null_params.py.cc
 [     CXX] Spandex/python/m5/params/null_params.py.cc -> .pyo
 [EMBED PY] src/python/m5/params/pin_params.py -> Spandex/python/m5/params/pin_params.py.cc
 [     CXX] Spandex/python/m5/params/pin_params.py.cc -> .pyo
 [EMBED PY] src/python/m5/params/param_types.py -> Spandex/python/m5/params/param_types.py.cc
 [     CXX] Spandex/python/m5/params/param_types.py.cc -> .pyo
 [EMBED PY] src/python/m5/params/port_params.py -> Spandex/python/m5/params/port_params.py.cc
 [     CXX] Spandex/python/m5/params/port_params.py.cc -> .pyo
 [EMBED PY] src/python/m5/params/power_params.py -> Spandex/python/m5/params/power_params.py.cc
 [     CXX] Spandex/python/m5/params/power_params.py.cc -> .pyo
 [EMBED PY] src/python/m5/params/time_params.py -> Spandex/python/m5/params/time_params.py.cc
 [     CXX] Spandex/python/m5/params/time_params.py.cc -> .pyo
 [EMBED PY] src/python/m5/stats/__init__.py -> Spandex/python/m5/stats/__init__.py.cc
 [     CXX] Spandex/python/m5/stats/__init__.py.cc -> .pyo
 [EMBED PY] src/python/m5/util/__init__.py -> Spandex/python/m5/util/__init__.py.cc
 [     CXX] Spandex/python/m5/util/__init__.py.cc -> .pyo
 [EMBED PY] src/python/m5/util/attrdict.py -> Spandex/python/m5/util/attrdict.py.cc
 [     CXX] Spandex/python/m5/util/attrdict.py.cc -> .pyo
 [EMBED PY] src/python/m5/util/convert.py -> Spandex/python/m5/util/convert.py.cc
 [     CXX] Spandex/python/m5/util/convert.py.cc -> .pyo
 [EMBED PY] src/python/m5/util/dot_writer.py -> Spandex/python/m5/util/dot_writer.py.cc
 [     CXX] Spandex/python/m5/util/dot_writer.py.cc -> .pyo
 [EMBED PY] src/python/m5/util/dot_writer_ruby.py -> Spandex/python/m5/util/dot_writer_ruby.py.cc
 [     CXX] Spandex/python/m5/util/dot_writer_ruby.py.cc -> .pyo
 [EMBED PY] src/python/m5/util/fdthelper.py -> Spandex/python/m5/util/fdthelper.py.cc
 [     CXX] Spandex/python/m5/util/fdthelper.py.cc -> .pyo
 [EMBED PY] src/python/m5/util/multidict.py -> Spandex/python/m5/util/multidict.py.cc
 [     CXX] Spandex/python/m5/util/multidict.py.cc -> .pyo
 [EMBED PY] src/python/m5/util/pybind.py -> Spandex/python/m5/util/pybind.py.cc
 [     CXX] Spandex/python/m5/util/pybind.py.cc -> .pyo
 [EMBED PY] src/python/m5/util/terminal.py -> Spandex/python/m5/util/terminal.py.cc
 [     CXX] Spandex/python/m5/util/terminal.py.cc -> .pyo
 [EMBED PY] src/python/m5/util/terminal_formatter.py -> Spandex/python/m5/util/terminal_formatter.py.cc
 [     CXX] Spandex/python/m5/util/terminal_formatter.py.cc -> .pyo
 [EMBED PY] src/python/m5/ext/__init__.py -> Spandex/python/m5/ext/__init__.py.cc
 [     CXX] Spandex/python/m5/ext/__init__.py.cc -> .pyo
 [EMBED PY] src/python/m5/ext/pyfdt/pyfdt.py -> Spandex/python/m5/ext/pyfdt/pyfdt.py.cc
 [EMBED PY] src/python/m5/ext/pyfdt/__init__.py -> Spandex/python/m5/ext/pyfdt/__init__.py.cc
 [     CXX] Spandex/python/m5/ext/pyfdt/pyfdt.py.cc -> .pyo
 [     CXX] Spandex/python/m5/ext/pyfdt/__init__.py.cc -> .pyo
 [EMBED PY] src/python/m5/ext/pystats/__init__.py -> Spandex/python/m5/ext/pystats/__init__.py.cc
 [EMBED PY] src/python/m5/ext/pystats/serializable_stat.py -> Spandex/python/m5/ext/pystats/serializable_stat.py.cc
 [     CXX] Spandex/python/m5/ext/pystats/__init__.py.cc -> .pyo
 [     CXX] Spandex/python/m5/ext/pystats/serializable_stat.py.cc -> .pyo
 [EMBED PY] src/python/m5/ext/pystats/abstract_stat.py -> Spandex/python/m5/ext/pystats/abstract_stat.py.cc
 [EMBED PY] src/python/m5/ext/pystats/group.py -> Spandex/python/m5/ext/pystats/group.py.cc
 [     CXX] Spandex/python/m5/ext/pystats/abstract_stat.py.cc -> .pyo
 [     CXX] Spandex/python/m5/ext/pystats/group.py.cc -> .pyo
 [EMBED PY] src/python/m5/ext/pystats/simstat.py -> Spandex/python/m5/ext/pystats/simstat.py.cc
 [EMBED PY] src/python/m5/ext/pystats/statistic.py -> Spandex/python/m5/ext/pystats/statistic.py.cc
 [     CXX] Spandex/python/m5/ext/pystats/simstat.py.cc -> .pyo
 [     CXX] Spandex/python/m5/ext/pystats/statistic.py.cc -> .pyo
 [EMBED PY] src/python/m5/ext/pystats/storagetype.py -> Spandex/python/m5/ext/pystats/storagetype.py.cc
 [EMBED PY] src/python/m5/ext/pystats/timeconversion.py -> Spandex/python/m5/ext/pystats/timeconversion.py.cc
 [     CXX] Spandex/python/m5/ext/pystats/storagetype.py.cc -> .pyo
 [     CXX] Spandex/python/m5/ext/pystats/timeconversion.py.cc -> .pyo
 [EMBED PY] src/python/m5/ext/pystats/jsonloader.py -> Spandex/python/m5/ext/pystats/jsonloader.py.cc
 [EMBED PY] src/python/m5/stats/gem5stats.py -> Spandex/python/m5/stats/gem5stats.py.cc
 [     CXX] Spandex/python/m5/ext/pystats/jsonloader.py.cc -> .pyo
 [     CXX] Spandex/python/m5/stats/gem5stats.py.cc -> .pyo
 [     CXX] src/python/embedded.cc -> Spandex/python/embedded.pyo
 [EMBED BLOB] src/python/importer.py, m5ImporterCode -> Spandex/python/m5ImporterCode.cc, Spandex/python/m5ImporterCode.hh
 [     CXX] src/python/importer.cc -> Spandex/python/importer.pyo
 [     CXX] Spandex/python/m5ImporterCode.cc -> .pyo
 [EMBED PY] src/python/m5/objects/SimObject.py -> Spandex/python/m5/objects/SimObject.py.cc
 [ DEFINES]  -> Spandex/python/m5/defines.py
 [EMBED PY] Spandex/python/m5/defines.py -> .cc
 [     CXX] Spandex/python/m5/objects/SimObject.py.cc -> .pyo
 [     CXX] Spandex/python/m5/defines.py.cc -> .pyo
 [    INFO] COPYING, LICENSE, README.md -> Spandex/python/m5/info.py
 [CONFIG H] HAVE_DEPRECATED_NAMESPACE, 1 -> Spandex/config/have_deprecated_namespace.hh
 [ TRACING]  -> Spandex/debug/IntPin.hh
 [EMBED PY] Spandex/python/m5/info.py -> .cc
 [ TRACING]  -> Spandex/debug/Event.hh
 [     CXX] Spandex/python/m5/info.py.cc -> .pyo
 [ TRACING]  -> Spandex/debug/InvalidReg.hh
 [ TRACING]  -> Spandex/debug/SyscallVerbose.hh
 [ TRACING]  -> Spandex/debug/Vma.hh
 [     CXX] src/kern/operatingsystem.cc -> Spandex/kern/operatingsystem.o
 [ TRACING]  -> Spandex/debug/PCEvent.hh
 [ TRACING]  -> Spandex/debug/DebugPrintf.cc
 [     CXX] Spandex/debug/DebugPrintf.cc -> .o
 [ TRACING]  -> Spandex/debug/Printf.cc
 [ TRACING]  -> Spandex/debug/Printf.hh
 [     CXX] Spandex/debug/Printf.cc -> .o
 [     CXX] Spandex/systemc/Tlm.py.cc -> .o
 [    LINK]  -> Spandex/gem5py_m5
 [     CXX] Spandex/systemc/tlm_bridge/TlmBridge.py.cc -> .o
 [     CXX] src/systemc/tlm_bridge/sc_mm.cc -> Spandex/systemc/tlm_bridge/sc_mm.o
 [ TRACING]  -> Spandex/debug/TlmBridge.hh
 [ TRACING]  -> Spandex/debug/TlmBridge.cc
 [     CXX] Spandex/debug/TlmBridge.cc -> .o
 [     CXX] src/systemc/tlm_utils/convenience_socket_bases.cc -> Spandex/systemc/tlm_utils/convenience_socket_bases.o
 [     CXX] src/systemc/tlm_utils/instance_specific_extensions.cc -> Spandex/systemc/tlm_utils/instance_specific_extensions.o
 [     CXX] src/systemc/utils/functions.cc -> Spandex/systemc/utils/functions.o
 [     CXX] src/systemc/utils/messages.cc -> Spandex/systemc/utils/messages.o
 [     CXX] src/systemc/utils/report.cc -> Spandex/systemc/utils/report.o
 [     CXX] src/systemc/utils/sc_report.cc -> Spandex/systemc/utils/sc_report.o
 [CONFIG H] HAVE_VALGRIND, 1 -> Spandex/config/have_valgrind.hh
 [     CXX] src/systemc/utils/sc_report_handler.cc -> Spandex/systemc/utils/sc_report_handler.o
 [     CXX] src/systemc/utils/sc_trace_file.cc -> Spandex/systemc/utils/sc_trace_file.o
 [SO Param] m5.objects.TlmBridge, Gem5ToTlmBridge64 -> Spandex/python/_m5/param_Gem5ToTlmBridge64.cc
 [SO Param] m5.objects.RedirectPath, RedirectPath -> Spandex/params/RedirectPath.hh
 [SO Param] m5.objects.Workload, SEWorkload -> Spandex/params/SEWorkload.hh
 [SO Param] m5.objects.TlmBridge, TlmToGem5Bridge64 -> Spandex/python/_m5/param_TlmToGem5Bridge64.cc
 [SO Param] m5.objects.TlmBridge, TlmToGem5Bridge32 -> Spandex/python/_m5/param_TlmToGem5Bridge32.cc
 [SO Param] m5.objects.TlmBridge, Gem5ToTlmBridge32 -> Spandex/python/_m5/param_Gem5ToTlmBridge32.cc
 [SO Param] m5.objects.TlmBridge, Gem5ToTlmBridge128 -> Spandex/params/Gem5ToTlmBridge128.hh
 [SO Param] m5.objects.TlmBridge, TlmToGem5Bridge64 -> Spandex/params/TlmToGem5Bridge64.hh
 [SO Param] m5.objects.TlmBridge, Gem5ToTlmBridge256 -> Spandex/params/Gem5ToTlmBridge256.hh
 [SO Param] m5.objects.TlmBridge, Gem5ToTlmBridge256 -> Spandex/python/_m5/param_Gem5ToTlmBridge256.cc
 [SO Param] m5.objects.TlmBridge, Gem5ToTlmBridge128 -> Spandex/python/_m5/param_Gem5ToTlmBridge128.cc
 [SO Param] m5.objects.BaseMMU, BaseMMU -> Spandex/params/BaseMMU.hh
 [ENUMDECL] m5.objects.StaticInstFlags, StaticInstFlags -> Spandex/enums/StaticInstFlags.hh
 [SO Param] m5.objects.ClockDomain, DerivedClockDomain -> Spandex/params/DerivedClockDomain.hh
 [SO Param] m5.objects.Workload, StubWorkload -> Spandex/params/StubWorkload.hh
 [SO Param] m5.objects.BaseInterrupts, BaseInterrupts -> Spandex/params/BaseInterrupts.hh
 [ENUMDECL] m5.objects.Workload, KernelPanicOopsBehaviour -> Spandex/enums/KernelPanicOopsBehaviour.hh
 [SO Param] m5.objects.SimObject, SimObject -> Spandex/params/SimObject.hh
 [ENUMDECL] m5.objects.System, MemoryMode -> Spandex/enums/MemoryMode.hh
 [SO Param] m5.objects.ClockDomain, ClockDomain -> Spandex/params/ClockDomain.hh
 [SO Param] m5.objects.TlmBridge, Gem5ToTlmBridgeBase -> Spandex/python/_m5/param_Gem5ToTlmBridgeBase.cc
 [ENUMDECL] m5.objects.PowerState, PwrState -> Spandex/enums/PwrState.hh
 [SO Param] m5.objects.InstTracer, InstTracer -> Spandex/params/InstTracer.hh
 [SO Param] m5.objects.TlmBridge, Gem5ToTlmBridge512 -> Spandex/params/Gem5ToTlmBridge512.hh
 [SO Param] m5.objects.TlmBridge, TlmToGem5Bridge256 -> Spandex/python/_m5/param_TlmToGem5Bridge256.cc
 [SO Param] m5.objects.TlmBridge, TlmToGem5Bridge128 -> Spandex/params/TlmToGem5Bridge128.hh
 [ENUMDECL] m5.objects.SimObject, ByteOrder -> Spandex/enums/ByteOrder.hh
 [SO Param] m5.objects.TlmBridge, TlmToGem5BridgeBase -> Spandex/params/TlmToGem5BridgeBase.hh
 [     CXX] src/kern/system_events.cc -> Spandex/kern/system_events.o
 [SO Param] m5.objects.SystemC, SystemC_ScModule -> Spandex/params/SystemC_ScModule.hh
 [SO Param] m5.objects.BaseTLB, BaseTLB -> Spandex/params/BaseTLB.hh
 [ENUMDECL] m5.objects.BaseTLB, TypeTLB -> Spandex/enums/TypeTLB.hh
 [     CXX] src/kern/linux/printk.cc -> Spandex/kern/linux/printk.o
 [ENUMDECL] m5.objects.FuncUnit, OpClass -> Spandex/enums/OpClass.hh
 [SO Param] m5.objects.TlmBridge, Gem5ToTlmBridge512 -> Spandex/python/_m5/param_Gem5ToTlmBridge512.cc
 [SO Param] m5.objects.TlmBridge, TlmToGem5Bridge512 -> Spandex/params/TlmToGem5Bridge512.hh
 [SO Param] m5.objects.ClockedObject, ClockedObject -> Spandex/params/ClockedObject.hh
 [SO Param] m5.objects.System, System -> Spandex/params/System.hh
 [SO Param] m5.objects.Workload, Workload -> Spandex/params/Workload.hh
 [SO Param] m5.objects.AbstractMemory, AbstractMemory -> Spandex/params/AbstractMemory.hh
 [SO Param] m5.objects.ThermalModel, ThermalModel -> Spandex/params/ThermalModel.hh
 [SO Param] m5.objects.PowerModel, PowerModel -> Spandex/params/PowerModel.hh
 [SO Param] m5.objects.SystemC, SystemC_ScObject -> Spandex/params/SystemC_ScObject.hh
 [SO Param] m5.objects.TlmBridge, Gem5ToTlmBridgeBase -> Spandex/params/Gem5ToTlmBridgeBase.hh
 [ENUMDECL] m5.objects.PowerModel, PMType -> Spandex/enums/PMType.hh
 [SO Param] m5.objects.PowerModelState, PowerModelState -> Spandex/params/PowerModelState.hh
 [SO Param] m5.objects.SubSystem, SubSystem -> Spandex/params/SubSystem.hh
 [SO Param] m5.objects.TlmBridge, TlmToGem5Bridge128 -> Spandex/python/_m5/param_TlmToGem5Bridge128.cc
 [SO Param] m5.objects.ClockDomain, SrcClockDomain -> Spandex/params/SrcClockDomain.hh
 [SO Param] m5.objects.ThermalDomain, ThermalDomain -> Spandex/params/ThermalDomain.hh
 [SO Param] m5.objects.TlmBridge, TlmToGem5BridgeBase -> Spandex/python/_m5/param_TlmToGem5BridgeBase.cc
 [SO Param] m5.objects.TlmBridge, Gem5ToTlmBridge64 -> Spandex/params/Gem5ToTlmBridge64.hh
 [SO Param] m5.objects.TlmBridge, TlmToGem5Bridge256 -> Spandex/params/TlmToGem5Bridge256.hh
 [SO Param] m5.objects.PowerState, PowerState -> Spandex/params/PowerState.hh
 [SO Param] m5.objects.TlmBridge, TlmToGem5Bridge32 -> Spandex/params/TlmToGem5Bridge32.hh
 [     CXX] Spandex/python/_m5/param_Gem5ToTlmBridge256.cc -> .o
 [     CXX] Spandex/python/_m5/param_TlmToGem5Bridge32.cc -> .o
 [     CXX] src/systemc/tlm_bridge/tlm_to_gem5.cc -> Spandex/systemc/tlm_bridge/tlm_to_gem5.o
 [     CXX] Spandex/python/_m5/param_Gem5ToTlmBridge128.cc -> .o
 [SO Param] m5.objects.InstTracer, InstDisassembler -> Spandex/params/InstDisassembler.hh
 [SO Param] m5.objects.VoltageDomain, VoltageDomain -> Spandex/params/VoltageDomain.hh
 [     CXX] src/kern/linux/linux.cc -> Spandex/kern/linux/linux.o
 [     CXX] src/kern/linux/events.cc -> Spandex/kern/linux/events.o
 [     CXX] Spandex/python/_m5/param_TlmToGem5Bridge256.cc -> .o
 [     CXX] Spandex/python/_m5/param_TlmToGem5Bridge128.cc -> .o
 [     CXX] Spandex/python/_m5/param_Gem5ToTlmBridge64.cc -> .o
 [     CXX] src/kern/freebsd/events.cc -> Spandex/kern/freebsd/events.o
 [     CXX] Spandex/python/_m5/param_TlmToGem5Bridge64.cc -> .o
 [     CXX] Spandex/python/_m5/param_TlmToGem5BridgeBase.cc -> .o
 [     CXX] src/systemc/tlm_bridge/sc_ext.cc -> Spandex/systemc/tlm_bridge/sc_ext.o
 [     CXX] src/kern/linux/helpers.cc -> Spandex/kern/linux/helpers.o
 [     CXX] Spandex/python/_m5/param_Gem5ToTlmBridge512.cc -> .o
 [     CXX] Spandex/python/_m5/param_Gem5ToTlmBridgeBase.cc -> .o
 [SO Param] m5.objects.TlmBridge, TlmToGem5Bridge512 -> Spandex/python/_m5/param_TlmToGem5Bridge512.cc
 [     CXX] Spandex/python/_m5/param_TlmToGem5Bridge512.cc -> .o
 [SO Param] m5.objects.TlmBridge, Gem5ToTlmBridge32 -> Spandex/params/Gem5ToTlmBridge32.hh
 [     CXX] src/systemc/tlm_bridge/gem5_to_tlm.cc -> Spandex/systemc/tlm_bridge/gem5_to_tlm.o
 [     CXX] Spandex/python/_m5/param_Gem5ToTlmBridge32.cc -> .o
 [     CXX] src/systemc/utils/sc_vector.cc -> Spandex/systemc/utils/sc_vector.o
 [     CXX] src/systemc/utils/tracefile.cc -> Spandex/systemc/utils/tracefile.o
 [     CXX] src/systemc/utils/vcd.cc -> Spandex/systemc/utils/vcd.o
 [     CXX] src/systemc/dt/sc_mempool.cc -> Spandex/systemc/dt/sc_mempool.o
 [     CXX] src/systemc/dt/bit/messages.cc -> Spandex/systemc/dt/bit/messages.o
 [     CXX] src/systemc/dt/bit/sc_bit.cc -> Spandex/systemc/dt/bit/sc_bit.o
 [     CXX] src/systemc/dt/bit/sc_bv_base.cc -> Spandex/systemc/dt/bit/sc_bv_base.o
 [     CXX] src/systemc/dt/bit/sc_logic.cc -> Spandex/systemc/dt/bit/sc_logic.o
 [     CXX] src/systemc/dt/bit/sc_lv_base.cc -> Spandex/systemc/dt/bit/sc_lv_base.o
 [     CXX] src/systemc/dt/fx/messages.cc -> Spandex/systemc/dt/fx/messages.o
 [     CXX] src/systemc/dt/fx/sc_fxcast_switch.cc -> Spandex/systemc/dt/fx/sc_fxcast_switch.o
 [     CXX] src/systemc/dt/fx/sc_fxdefs.cc -> Spandex/systemc/dt/fx/sc_fxdefs.o
 [     CXX] src/systemc/dt/fx/scfx_mant.cc -> Spandex/systemc/dt/fx/scfx_mant.o
 [     CXX] src/systemc/dt/fx/sc_fxnum.cc -> Spandex/systemc/dt/fx/sc_fxnum.o
 [     CXX] src/systemc/dt/fx/sc_fxnum_observer.cc -> Spandex/systemc/dt/fx/sc_fxnum_observer.o
 [     CXX] src/systemc/dt/fx/scfx_pow10.cc -> Spandex/systemc/dt/fx/scfx_pow10.o
 [     CXX] src/systemc/dt/fx/scfx_rep.cc -> Spandex/systemc/dt/fx/scfx_rep.o
 [     CXX] src/systemc/dt/fx/sc_fxtype_params.cc -> Spandex/systemc/dt/fx/sc_fxtype_params.o
 [     CXX] src/systemc/dt/fx/scfx_utils.cc -> Spandex/systemc/dt/fx/scfx_utils.o
 [     CXX] src/systemc/dt/fx/sc_fxval.cc -> Spandex/systemc/dt/fx/sc_fxval.o
 [     CXX] src/systemc/dt/fx/sc_fxval_observer.cc -> Spandex/systemc/dt/fx/sc_fxval_observer.o
 [     CXX] src/systemc/dt/int/messages.cc -> Spandex/systemc/dt/int/messages.o
 [     CXX] src/systemc/dt/int/sc_int_base.cc -> Spandex/systemc/dt/int/sc_int_base.o
 [     CXX] src/systemc/dt/int/sc_int_mask.cc -> Spandex/systemc/dt/int/sc_int_mask.o
 [     CXX] src/systemc/dt/int/sc_length_param.cc -> Spandex/systemc/dt/int/sc_length_param.o
 [     CXX] src/systemc/dt/int/sc_nbexterns.cc -> Spandex/systemc/dt/int/sc_nbexterns.o
 [     CXX] src/systemc/dt/int/sc_nbutils.cc -> Spandex/systemc/dt/int/sc_nbutils.o
 [     CXX] src/systemc/dt/int/sc_signed.cc -> Spandex/systemc/dt/int/sc_signed.o
 [     CXX] src/systemc/dt/int/sc_uint_base.cc -> Spandex/systemc/dt/int/sc_uint_base.o
 [     CXX] src/systemc/dt/int/sc_unsigned.cc -> Spandex/systemc/dt/int/sc_unsigned.o
 [     CXX] src/systemc/dt/misc/sc_concatref.cc -> Spandex/systemc/dt/misc/sc_concatref.o
 [     CXX] src/systemc/dt/misc/sc_value_base.cc -> Spandex/systemc/dt/misc/sc_value_base.o
 [     CXX] src/systemc/channel/messages.cc -> Spandex/systemc/channel/messages.o
 [SO Param] m5.objects.SystemC, SystemC_Kernel -> Spandex/params/SystemC_Kernel.hh
 [     CXX] src/systemc/channel/sc_clock.cc -> Spandex/systemc/channel/sc_clock.o
 [     CXX] src/systemc/channel/sc_event_queue.cc -> Spandex/systemc/channel/sc_event_queue.o
 [     CXX] src/systemc/channel/sc_in_resolved.cc -> Spandex/systemc/channel/sc_in_resolved.o
 [     CXX] src/systemc/channel/sc_inout_resolved.cc -> Spandex/systemc/channel/sc_inout_resolved.o
 [     CXX] src/systemc/channel/sc_out_resolved.cc -> Spandex/systemc/channel/sc_out_resolved.o
 [     CXX] src/systemc/channel/sc_mutex.cc -> Spandex/systemc/channel/sc_mutex.o
 [     CXX] src/systemc/channel/sc_semaphore.cc -> Spandex/systemc/channel/sc_semaphore.o
 [     CXX] src/systemc/channel/sc_signal.cc -> Spandex/systemc/channel/sc_signal.o
 [     CXX] src/systemc/channel/sc_signal_resolved.cc -> Spandex/systemc/channel/sc_signal_resolved.o
 [     CXX] Spandex/systemc/core/SystemC.py.cc -> .o
 [SO Param] m5.objects.SystemC, SystemC_Kernel -> Spandex/python/_m5/param_SystemC_Kernel.cc
 [     CXX] Spandex/python/_m5/param_SystemC_Kernel.cc -> .o
 [SO Param] m5.objects.SystemC, SystemC_ScObject -> Spandex/python/_m5/param_SystemC_ScObject.cc
 [     CXX] Spandex/python/_m5/param_SystemC_ScObject.cc -> .o
 [SO Param] m5.objects.SystemC, SystemC_ScModule -> Spandex/python/_m5/param_SystemC_ScModule.cc
 [     CXX] Spandex/python/_m5/param_SystemC_ScModule.cc -> .o
 [     CXX] src/systemc/core/channel.cc -> Spandex/systemc/core/channel.o
 [     CXX] src/systemc/core/event.cc -> Spandex/systemc/core/event.o
 [     CXX] src/systemc/core/kernel.cc -> Spandex/systemc/core/kernel.o
 [     CXX] src/systemc/core/messages.cc -> Spandex/systemc/core/messages.o
 [     CXX] src/systemc/core/module.cc -> Spandex/systemc/core/module.o
 [     CXX] src/systemc/core/object.cc -> Spandex/systemc/core/object.o
 [     CXX] src/systemc/core/port.cc -> Spandex/systemc/core/port.o
 [     CXX] src/systemc/core/process.cc -> Spandex/systemc/core/process.o
 [     CXX] src/systemc/core/sched_event.cc -> Spandex/systemc/core/sched_event.o
 [     CXX] src/systemc/core/scheduler.cc -> Spandex/systemc/core/scheduler.o
 [     CXX] src/systemc/core/sensitivity.cc -> Spandex/systemc/core/sensitivity.o
 [     CXX] src/systemc/core/time.cc -> Spandex/systemc/core/time.o
 [     CXX] src/systemc/core/sc_attr.cc -> Spandex/systemc/core/sc_attr.o
 [     CXX] src/systemc/core/sc_event.cc -> Spandex/systemc/core/sc_event.o
 [     CXX] src/systemc/core/sc_export.cc -> Spandex/systemc/core/sc_export.o
 [     CXX] src/systemc/core/sc_interface.cc -> Spandex/systemc/core/sc_interface.o
 [     CXX] src/systemc/core/sc_join.cc -> Spandex/systemc/core/sc_join.o
 [     CXX] src/systemc/core/sc_main.cc -> Spandex/systemc/core/sc_main.o
 [     CXX] src/systemc/core/sc_main_fiber.cc -> Spandex/systemc/core/sc_main_fiber.o
 [     CXX] src/systemc/core/sc_module.cc -> Spandex/systemc/core/sc_module.o
 [     CXX] src/systemc/core/sc_module_name.cc -> Spandex/systemc/core/sc_module_name.o
 [     CXX] src/systemc/core/sc_object.cc -> Spandex/systemc/core/sc_object.o
 [     CXX] src/systemc/core/sc_port.cc -> Spandex/systemc/core/sc_port.o
 [     CXX] src/systemc/core/sc_process_handle.cc -> Spandex/systemc/core/sc_process_handle.o
 [     CXX] src/systemc/core/sc_prim.cc -> Spandex/systemc/core/sc_prim.o
 [     CXX] src/systemc/core/sc_sensitive.cc -> Spandex/systemc/core/sc_sensitive.o
 [     CXX] src/systemc/core/sc_simcontext.cc -> Spandex/systemc/core/sc_simcontext.o
 [     CXX] src/systemc/core/sc_spawn.cc -> Spandex/systemc/core/sc_spawn.o
 [     CXX] src/systemc/core/sc_time.cc -> Spandex/systemc/core/sc_time.o
 [     CXX] src/systemc/core/python.cc -> Spandex/systemc/core/python.o
 [     CXX] src/systemc/core/sc_main_python.cc -> Spandex/systemc/core/sc_main_python.o
 [     CXX] src/systemc/core/sc_time_python.cc -> Spandex/systemc/core/sc_time_python.o
 [     CXX] src/systemc/tlm_core/2/quantum/global_quantum.cc -> Spandex/systemc/tlm_core/2/quantum/global_quantum.o
 [     CXX] src/systemc/tlm_core/2/quantum/global_quantum_python.cc -> Spandex/systemc/tlm_core/2/quantum/global_quantum_python.o
 [     CXX] src/systemc/tlm_core/2/generic_payload/gp.cc -> Spandex/systemc/tlm_core/2/generic_payload/gp.o
 [     CXX] src/systemc/tlm_core/2/generic_payload/phase.cc -> Spandex/systemc/tlm_core/2/generic_payload/phase.o
 [     CXX] Spandex/systemc/python/systemc.py.cc -> .o
 [     CXX] Spandex/systemc/python/tlm.py.cc -> .o
 [ TRACING]  -> Spandex/debug/Activity.cc
 [ TRACING]  -> Spandex/debug/Activity.hh
 [     CXX] Spandex/debug/Activity.cc -> .o
 [ TRACING]  -> Spandex/debug/Commit.cc
 [ TRACING]  -> Spandex/debug/Commit.hh
 [     CXX] Spandex/debug/Commit.cc -> .o
 [ TRACING]  -> Spandex/debug/Context.cc
 [ TRACING]  -> Spandex/debug/Context.hh
 [     CXX] Spandex/debug/Context.cc -> .o
 [ TRACING]  -> Spandex/debug/Decode.cc
 [ TRACING]  -> Spandex/debug/Decode.hh
 [     CXX] Spandex/debug/Decode.cc -> .o
 [ TRACING]  -> Spandex/debug/DynInst.cc
 [ TRACING]  -> Spandex/debug/DynInst.hh
 [     CXX] Spandex/debug/DynInst.cc -> .o
 [ TRACING]  -> Spandex/debug/ExecEnable.cc
 [ TRACING]  -> Spandex/debug/ExecEnable.hh
 [     CXX] Spandex/debug/ExecEnable.cc -> .o
 [ TRACING]  -> Spandex/debug/ExecCPSeq.cc
 [ TRACING]  -> Spandex/debug/ExecCPSeq.hh
 [     CXX] Spandex/debug/ExecCPSeq.cc -> .o
 [ TRACING]  -> Spandex/debug/ExecEffAddr.cc
 [ TRACING]  -> Spandex/debug/ExecEffAddr.hh
 [     CXX] Spandex/debug/ExecEffAddr.cc -> .o
 [ TRACING]  -> Spandex/debug/ExecFaulting.cc
 [ TRACING]  -> Spandex/debug/ExecFaulting.hh
 [     CXX] Spandex/debug/ExecFaulting.cc -> .o
 [ TRACING]  -> Spandex/debug/ExecFetchSeq.cc
 [ TRACING]  -> Spandex/debug/ExecFetchSeq.hh
 [     CXX] Spandex/debug/ExecFetchSeq.cc -> .o
 [ TRACING]  -> Spandex/debug/ExecOpClass.cc
 [ TRACING]  -> Spandex/debug/ExecOpClass.hh
 [     CXX] Spandex/debug/ExecOpClass.cc -> .o
 [ TRACING]  -> Spandex/debug/ExecRegDelta.cc
 [ TRACING]  -> Spandex/debug/ExecRegDelta.hh
 [     CXX] Spandex/debug/ExecRegDelta.cc -> .o
 [ TRACING]  -> Spandex/debug/ExecResult.cc
 [ TRACING]  -> Spandex/debug/ExecResult.hh
 [     CXX] Spandex/debug/ExecResult.cc -> .o
 [ TRACING]  -> Spandex/debug/ExecSymbol.cc
 [ TRACING]  -> Spandex/debug/ExecSymbol.hh
 [     CXX] Spandex/debug/ExecSymbol.cc -> .o
 [ TRACING]  -> Spandex/debug/ExecThread.cc
 [ TRACING]  -> Spandex/debug/ExecThread.hh
 [     CXX] Spandex/debug/ExecThread.cc -> .o
 [ TRACING]  -> Spandex/debug/ExecMicro.cc
 [ TRACING]  -> Spandex/debug/ExecMicro.hh
 [     CXX] Spandex/debug/ExecMicro.cc -> .o
 [ TRACING]  -> Spandex/debug/ExecMacro.cc
 [ TRACING]  -> Spandex/debug/ExecMacro.hh
 [     CXX] Spandex/debug/ExecMacro.cc -> .o
 [ TRACING]  -> Spandex/debug/ExecUser.cc
 [ TRACING]  -> Spandex/debug/ExecUser.hh
 [     CXX] Spandex/debug/ExecUser.cc -> .o
 [ TRACING]  -> Spandex/debug/ExecKernel.cc
 [ TRACING]  -> Spandex/debug/ExecKernel.hh
 [     CXX] Spandex/debug/ExecKernel.cc -> .o
 [ TRACING]  -> Spandex/debug/ExecAsid.cc
 [ TRACING]  -> Spandex/debug/ExecAsid.hh
 [     CXX] Spandex/debug/ExecAsid.cc -> .o
 [ TRACING]  -> Spandex/debug/ExecFlags.cc
 [ TRACING]  -> Spandex/debug/ExecFlags.hh
 [     CXX] Spandex/debug/ExecFlags.cc -> .o
 [ TRACING]  -> Spandex/debug/Fetch.cc
 [ TRACING]  -> Spandex/debug/Fetch.hh
 [     CXX] Spandex/debug/Fetch.cc -> .o
 [ TRACING]  -> Spandex/debug/HtmCpu.cc
 [ TRACING]  -> Spandex/debug/HtmCpu.hh
 [     CXX] Spandex/debug/HtmCpu.cc -> .o
 [ TRACING]  -> Spandex/debug/InvalidReg.cc
 [     CXX] Spandex/debug/InvalidReg.cc -> .o
 [ TRACING]  -> Spandex/debug/O3PipeView.cc
 [ TRACING]  -> Spandex/debug/O3PipeView.hh
 [     CXX] Spandex/debug/O3PipeView.cc -> .o
 [ TRACING]  -> Spandex/debug/PCEvent.cc
 [     CXX] Spandex/debug/PCEvent.cc -> .o
 [ TRACING]  -> Spandex/debug/Quiesce.cc
 [ TRACING]  -> Spandex/debug/Quiesce.hh
 [ TRACING]  -> Spandex/debug/Mwait.cc
 [     CXX] Spandex/debug/Quiesce.cc -> .o
 [     CXX] Spandex/debug/Mwait.cc -> .o
 [ TRACING]  -> Spandex/debug/ExecAll.cc
 [ TRACING]  -> Spandex/debug/Exec.cc
 [ TRACING]  -> Spandex/debug/ExecAll.hh
 [ TRACING]  -> Spandex/debug/Exec.hh
 [     CXX] Spandex/debug/ExecAll.cc -> .o
 [     CXX] Spandex/debug/Exec.cc -> .o
 [ TRACING]  -> Spandex/debug/ExecNoTicks.cc
 [SO Param] m5.objects.FuncUnit, FUDesc -> Spandex/params/FUDesc.hh
 [ TRACING]  -> Spandex/debug/ExecNoTicks.hh
 [ TRACING]  -> Spandex/debug/FmtTicksOff.hh
 [     CXX] Spandex/debug/ExecNoTicks.cc -> .o
 [SO Param] m5.objects.FuncUnit, OpDesc -> Spandex/params/OpDesc.hh
 [     CXX] src/cpu/pc_event.cc -> Spandex/cpu/pc_event.o
 [     CXX] src/cpu/func_unit.cc -> Spandex/cpu/func_unit.o
 [     CXX] Spandex/cpu/FuncUnit.py.cc -> .o
 [SO Param] m5.objects.FuncUnit, OpDesc -> Spandex/python/_m5/param_OpDesc.cc
 [     CXX] Spandex/python/_m5/param_OpDesc.cc -> .o
 [SO Param] m5.objects.FuncUnit, FUDesc -> Spandex/python/_m5/param_FUDesc.cc
 [     CXX] Spandex/python/_m5/param_FUDesc.cc -> .o
 [ENUM STR] m5.objects.FuncUnit, OpClass -> Spandex/enums/OpClass.cc
 [     CXX] Spandex/enums/OpClass.cc -> .o
 [     CXX] Spandex/cpu/StaticInstFlags.py.cc -> .o
 [ENUM STR] m5.objects.StaticInstFlags, StaticInstFlags -> Spandex/enums/StaticInstFlags.cc
 [     CXX] Spandex/enums/StaticInstFlags.cc -> .o
 [     CXX] Spandex/cpu/BaseCPU.py.cc -> .o
 [SO Param] m5.objects.BaseCPU, BaseCPU -> Spandex/python/_m5/param_BaseCPU.cc
 [SO Param] m5.objects.BaseCPU, BaseCPU -> Spandex/params/BaseCPU.hh
 [SO Param] m5.objects.InstDecoder, InstDecoder -> Spandex/params/InstDecoder.hh
 [SO Param] m5.objects.BaseISA, BaseISA -> Spandex/params/BaseISA.hh
 [SO Param] m5.objects.Process, Process -> Spandex/params/Process.hh
 [SO Param] m5.objects.Process, EmulatedDriver -> Spandex/params/EmulatedDriver.hh
 [     CXX] Spandex/python/_m5/param_BaseCPU.cc -> .o
 [     CXX] Spandex/cpu/CpuCluster.py.cc -> .o
 [SO Param] m5.objects.CpuCluster, CpuCluster -> Spandex/python/_m5/param_CpuCluster.cc
 [SO Param] m5.objects.CpuCluster, CpuCluster -> Spandex/params/CpuCluster.hh
 [     CXX] Spandex/python/_m5/param_CpuCluster.cc -> .o
 [     CXX] Spandex/cpu/CPUTracers.py.cc -> .o
 [SO Param] m5.objects.CPUTracers, ExeTracer -> Spandex/python/_m5/param_ExeTracer.cc
 [SO Param] m5.objects.CPUTracers, ExeTracer -> Spandex/params/ExeTracer.hh
 [     CXX] Spandex/python/_m5/param_ExeTracer.cc -> .o
 [SO Param] m5.objects.CPUTracers, IntelTrace -> Spandex/python/_m5/param_IntelTrace.cc
 [SO Param] m5.objects.CPUTracers, IntelTrace -> Spandex/params/IntelTrace.hh
 [     CXX] Spandex/python/_m5/param_IntelTrace.cc -> .o
 [SO Param] m5.objects.CPUTracers, NativeTrace -> Spandex/python/_m5/param_NativeTrace.cc
 [SO Param] m5.objects.CPUTracers, NativeTrace -> Spandex/params/NativeTrace.hh
 [     CXX] Spandex/python/_m5/param_NativeTrace.cc -> .o
 [     CXX] Spandex/cpu/TimingExpr.py.cc -> .o
 [SO Param] m5.objects.TimingExpr, TimingExpr -> Spandex/python/_m5/param_TimingExpr.cc
 [SO Param] m5.objects.TimingExpr, TimingExprLiteral -> Spandex/python/_m5/param_TimingExprLiteral.cc
 [SO Param] m5.objects.TimingExpr, TimingExpr -> Spandex/params/TimingExpr.hh
 [SO Param] m5.objects.TimingExpr, TimingExprLiteral -> Spandex/params/TimingExprLiteral.hh
 [ENUMDECL] m5.objects.TimingExpr, TimingExprOp -> Spandex/enums/TimingExprOp.hh
 [SO Param] m5.objects.TimingExpr, TimingExprBin -> Spandex/params/TimingExprBin.hh
 [SO Param] m5.objects.TimingExpr, TimingExprIf -> Spandex/params/TimingExprIf.hh
 [SO Param] m5.objects.TimingExpr, TimingExprLet -> Spandex/params/TimingExprLet.hh
 [SO Param] m5.objects.TimingExpr, TimingExprRef -> Spandex/params/TimingExprRef.hh
 [SO Param] m5.objects.TimingExpr, TimingExprSrcReg -> Spandex/params/TimingExprSrcReg.hh
 [SO Param] m5.objects.TimingExpr, TimingExprUn -> Spandex/params/TimingExprUn.hh
 [SO Param] m5.objects.TimingExpr, TimingExprSrcReg -> Spandex/python/_m5/param_TimingExprSrcReg.cc
 [     CXX] Spandex/python/_m5/param_TimingExprLiteral.cc -> .o
 [     CXX] Spandex/python/_m5/param_TimingExprSrcReg.cc -> .o
 [     CXX] Spandex/python/_m5/param_TimingExpr.cc -> .o
 [SO Param] m5.objects.TimingExpr, TimingExprLet -> Spandex/python/_m5/param_TimingExprLet.cc
 [     CXX] Spandex/python/_m5/param_TimingExprLet.cc -> .o
 [SO Param] m5.objects.TimingExpr, TimingExprRef -> Spandex/python/_m5/param_TimingExprRef.cc
 [     CXX] Spandex/python/_m5/param_TimingExprRef.cc -> .o
 [SO Param] m5.objects.TimingExpr, TimingExprUn -> Spandex/python/_m5/param_TimingExprUn.cc
 [     CXX] Spandex/python/_m5/param_TimingExprUn.cc -> .o
 [SO Param] m5.objects.TimingExpr, TimingExprBin -> Spandex/python/_m5/param_TimingExprBin.cc
 [     CXX] Spandex/python/_m5/param_TimingExprBin.cc -> .o
 [SO Param] m5.objects.TimingExpr, TimingExprIf -> Spandex/python/_m5/param_TimingExprIf.cc
 [     CXX] Spandex/python/_m5/param_TimingExprIf.cc -> .o
 [ENUM STR] m5.objects.TimingExpr, TimingExprOp -> Spandex/enums/TimingExprOp.cc
 [     CXX] Spandex/enums/TimingExprOp.cc -> .o
 [     CXX] src/cpu/activity.cc -> Spandex/cpu/activity.o
 [ TRACING]  -> Spandex/debug/Thread.hh
 [ TRACING]  -> Spandex/debug/Checker.hh
 [SO Param] m5.objects.CheckerCPU, CheckerCPU -> Spandex/params/CheckerCPU.hh
 [SO Param] m5.objects.Root, Root -> Spandex/params/Root.hh
 [ TRACING]  -> Spandex/debug/CCRegs.hh
 [ TRACING]  -> Spandex/debug/FloatRegs.hh
 [ TRACING]  -> Spandex/debug/IntRegs.hh
 [ TRACING]  -> Spandex/debug/MatRegs.hh
 [ TRACING]  -> Spandex/debug/VecPredRegs.hh
 [ TRACING]  -> Spandex/debug/VecRegs.hh
 [     CXX] src/cpu/base.cc -> Spandex/cpu/base.o
 [     CXX] src/cpu/exetrace.cc -> Spandex/cpu/exetrace.o
 [     CXX] src/cpu/inteltrace.cc -> Spandex/cpu/inteltrace.o
 [ TRACING]  -> Spandex/debug/GDBMisc.hh
 [     CXX] src/cpu/nativetrace.cc -> Spandex/cpu/nativetrace.o
 [     CXX] src/cpu/nop_static_inst.cc -> Spandex/cpu/nop_static_inst.o
 [     CXX] src/cpu/null_static_inst.cc -> Spandex/cpu/null_static_inst.o
 [ TRACING]  -> Spandex/debug/Stack.hh
 [     CXX] src/cpu/reg_class.cc -> Spandex/cpu/reg_class.o
 [     CXX] src/cpu/profile.cc -> Spandex/cpu/profile.o
 [     CXX] src/cpu/static_inst.cc -> Spandex/cpu/static_inst.o
 [     CXX] src/cpu/simple_thread.cc -> Spandex/cpu/simple_thread.o
 [     CXX] src/cpu/thread_context.cc -> Spandex/cpu/thread_context.o
 [     CXX] src/cpu/thread_state.cc -> Spandex/cpu/thread_state.o
 [     CXX] src/cpu/timing_expr.cc -> Spandex/cpu/timing_expr.o
 [     CXX] Spandex/cpu/DummyChecker.py.cc -> .o
 [SO Param] m5.objects.DummyChecker, DummyChecker -> Spandex/python/_m5/param_DummyChecker.cc
 [SO Param] m5.objects.DummyChecker, DummyChecker -> Spandex/params/DummyChecker.hh
 [     CXX] Spandex/python/_m5/param_DummyChecker.cc -> .o
 [ TRACING]  -> Spandex/debug/Checker.cc
 [     CXX] Spandex/debug/Checker.cc -> .o
 [     CXX] Spandex/cpu/testers/memtest/MemTest.py.cc -> .o
 [SO Param] m5.objects.MemTest, MemTest -> Spandex/python/_m5/param_MemTest.cc
 [ TRACING]  -> Spandex/debug/MemTest.hh
 [SO Param] m5.objects.MemTest, MemTest -> Spandex/params/MemTest.hh
 [ TRACING]  -> Spandex/debug/MemTest.cc
 [     CXX] Spandex/debug/MemTest.cc -> .o
 [     CXX] Spandex/python/_m5/param_MemTest.cc -> .o
 [     CXX] src/cpu/testers/memtest/memtest.cc -> Spandex/cpu/testers/memtest/memtest.o
 [     CXX] Spandex/cpu/testers/spatter_gen/SpatterGen.py.cc -> .o
 [SO Param] m5.objects.SpatterGen, SpatterGen -> Spandex/python/_m5/param_SpatterGen.cc
 [ENUMDECL] m5.objects.SpatterGen, SpatterProcessingMode -> Spandex/enums/SpatterProcessingMode.hh
 [SO Param] m5.objects.SpatterGen, SpatterGen -> Spandex/params/SpatterGen.hh
 [ENUMDECL] m5.objects.SpatterGen, SpatterKernelType -> Spandex/enums/SpatterKernelType.hh
 [ENUM STR] m5.objects.SpatterGen, SpatterKernelType -> Spandex/enums/SpatterKernelType.cc
 [     CXX] Spandex/python/_m5/param_SpatterGen.cc -> .o
 [     CXX] Spandex/enums/SpatterKernelType.cc -> .o
 [ENUM STR] m5.objects.SpatterGen, SpatterProcessingMode -> Spandex/enums/SpatterProcessingMode.cc
 [     CXX] Spandex/enums/SpatterProcessingMode.cc -> .o
 [ TRACING]  -> Spandex/debug/SpatterGen.hh
 [ TRACING]  -> Spandex/debug/SpatterKernel.hh
 [     CXX] src/cpu/testers/spatter_gen/spatter_gen.cc -> Spandex/cpu/testers/spatter_gen/spatter_gen.o
 [ TRACING]  -> Spandex/debug/SpatterGen.cc
 [     CXX] Spandex/debug/SpatterGen.cc -> .o
 [ TRACING]  -> Spandex/debug/SpatterKernel.cc
 [     CXX] Spandex/debug/SpatterKernel.cc -> .o
 [CONFIG H] HAVE_PROTOBUF, 0 -> Spandex/config/have_protobuf.hh
 [ TRACING]  -> Spandex/debug/Checkpoint.hh
 [ TRACING]  -> Spandex/debug/TrafficGen.hh
 [ENUMDECL] m5.objects.MemInterface, AddrMap -> Spandex/enums/AddrMap.hh
 [SO Param] m5.objects.BaseTrafficGen, BaseTrafficGen -> Spandex/params/BaseTrafficGen.hh
 [ENUMDECL] m5.objects.BaseTrafficGen, StreamGenType -> Spandex/enums/StreamGenType.hh
 [     CXX] src/cpu/testers/traffic_gen/base_gen.cc -> Spandex/cpu/testers/traffic_gen/base_gen.o
 [     CXX] src/cpu/testers/traffic_gen/base.cc -> Spandex/cpu/testers/traffic_gen/base.o
 [     CXX] src/cpu/testers/traffic_gen/dram_gen.cc -> Spandex/cpu/testers/traffic_gen/dram_gen.o
 [     CXX] src/cpu/testers/traffic_gen/dram_rot_gen.cc -> Spandex/cpu/testers/traffic_gen/dram_rot_gen.o
 [     CXX] src/cpu/testers/traffic_gen/exit_gen.cc -> Spandex/cpu/testers/traffic_gen/exit_gen.o
 [ TRACING]  -> Spandex/debug/GUPSGen.hh
 [SO Param] m5.objects.GUPSGen, GUPSGen -> Spandex/params/GUPSGen.hh
 [     CXX] src/cpu/testers/traffic_gen/hybrid_gen.cc -> Spandex/cpu/testers/traffic_gen/hybrid_gen.o
 [     CXX] src/cpu/testers/traffic_gen/gups_gen.cc -> Spandex/cpu/testers/traffic_gen/gups_gen.o
 [     CXX] src/cpu/testers/traffic_gen/idle_gen.cc -> Spandex/cpu/testers/traffic_gen/idle_gen.o
 [     CXX] src/cpu/testers/traffic_gen/linear_gen.cc -> Spandex/cpu/testers/traffic_gen/linear_gen.o
 [     CXX] src/cpu/testers/traffic_gen/nvm_gen.cc -> Spandex/cpu/testers/traffic_gen/nvm_gen.o
 [     CXX] src/cpu/testers/traffic_gen/random_gen.cc -> Spandex/cpu/testers/traffic_gen/random_gen.o
 [     CXX] src/cpu/testers/traffic_gen/stream_gen.cc -> Spandex/cpu/testers/traffic_gen/stream_gen.o
 [     CXX] src/cpu/testers/traffic_gen/strided_gen.cc -> Spandex/cpu/testers/traffic_gen/strided_gen.o
 [ TRACING]  -> Spandex/debug/TrafficGen.cc
 [     CXX] Spandex/debug/TrafficGen.cc -> .o
 [     CXX] Spandex/cpu/testers/traffic_gen/BaseTrafficGen.py.cc -> .o
 [SO Param] m5.objects.BaseTrafficGen, BaseTrafficGen -> Spandex/python/_m5/param_BaseTrafficGen.cc
 [     CXX] Spandex/python/_m5/param_BaseTrafficGen.cc -> .o
 [ENUM STR] m5.objects.BaseTrafficGen, StreamGenType -> Spandex/enums/StreamGenType.cc
 [     CXX] Spandex/enums/StreamGenType.cc -> .o
 [ TRACING]  -> Spandex/debug/GUPSGen.cc
 [     CXX] Spandex/debug/GUPSGen.cc -> .o
 [     CXX] Spandex/cpu/testers/traffic_gen/GUPSGen.py.cc -> .o
 [SO Param] m5.objects.GUPSGen, GUPSGen -> Spandex/python/_m5/param_GUPSGen.cc
 [     CXX] Spandex/python/_m5/param_GUPSGen.cc -> .o
 [SO Param] m5.objects.PyTrafficGen, PyTrafficGen -> Spandex/params/PyTrafficGen.hh
 [     CXX] src/cpu/testers/traffic_gen/pygen.cc -> Spandex/cpu/testers/traffic_gen/pygen.o
 [     CXX] Spandex/cpu/testers/traffic_gen/PyTrafficGen.py.cc -> .o
 [SO Param] m5.objects.PyTrafficGen, PyTrafficGen -> Spandex/python/_m5/param_PyTrafficGen.cc
 [     CXX] Spandex/python/_m5/param_PyTrafficGen.cc -> .o
 [     CXX] Spandex/cpu/testers/rubytest/RubyTester.py.cc -> .o
 [SO Param] m5.objects.RubyTester, RubyTester -> Spandex/python/_m5/param_RubyTester.cc
 [SO Param] m5.objects.RubyTester, RubyTester -> Spandex/params/RubyTester.hh
 [     CXX] Spandex/python/_m5/param_RubyTester.cc -> .o
 [ TRACING]  -> Spandex/debug/RubyTest.hh
 [     CXX] src/cpu/testers/rubytest/RubyTester.cc -> Spandex/cpu/testers/rubytest/RubyTester.o
 [     CXX] src/cpu/testers/rubytest/Check.cc -> Spandex/cpu/testers/rubytest/Check.o
 [     CXX] src/cpu/testers/rubytest/CheckTable.cc -> Spandex/cpu/testers/rubytest/CheckTable.o
 [ TRACING]  -> Spandex/debug/RubyTest.cc
 [     CXX] Spandex/debug/RubyTest.cc -> .o
 [     CXX] Spandex/cpu/testers/garnet_synthetic_traffic/GarnetSyntheticTraffic.py.cc -> .o
 [SO Param] m5.objects.GarnetSyntheticTraffic, GarnetSyntheticTraffic -> Spandex/python/_m5/param_GarnetSyntheticTraffic.cc
 [SO Param] m5.objects.GarnetSyntheticTraffic, GarnetSyntheticTraffic -> Spandex/params/GarnetSyntheticTraffic.hh
 [     CXX] Spandex/python/_m5/param_GarnetSyntheticTraffic.cc -> .o
 [ TRACING]  -> Spandex/debug/GarnetSyntheticTraffic.hh
 [     CXX] src/cpu/testers/garnet_synthetic_traffic/GarnetSyntheticTraffic.cc -> Spandex/cpu/testers/garnet_synthetic_traffic/GarnetSyntheticTraffic.o
 [ TRACING]  -> Spandex/debug/GarnetSyntheticTraffic.cc
 [     CXX] Spandex/debug/GarnetSyntheticTraffic.cc -> .o
 [     CXX] Spandex/cpu/testers/gpu_ruby_test/ProtocolTester.py.cc -> .o
 [SO Param] m5.objects.ProtocolTester, ProtocolTester -> Spandex/python/_m5/param_ProtocolTester.cc
 [SO Param] m5.objects.ProtocolTester, ProtocolTester -> Spandex/params/ProtocolTester.hh
 [SO Param] m5.objects.CpuThread, CpuThread -> Spandex/params/CpuThread.hh
 [SO Param] m5.objects.DmaThread, DmaThread -> Spandex/params/DmaThread.hh
 [SO Param] m5.objects.GpuWavefront, GpuWavefront -> Spandex/params/GpuWavefront.hh
 [SO Param] m5.objects.Sequencer, RubyPort -> Spandex/params/RubyPort.hh
 [ TRACING]  -> Spandex/debug/GPUMem.hh
 [ENUMDECL] m5.objects.GPU, StorageClassType -> Spandex/enums/StorageClassType.hh
 [ TRACING]  -> Spandex/debug/RubyQueue.hh
 [SO Param] m5.objects.MessageBuffer, MessageBuffer -> Spandex/params/MessageBuffer.hh
 [SO Param] m5.objects.RubySystem, RubySystem -> Spandex/params/RubySystem.hh
 [ CFG ISA]  -> Spandex/config/the_gpu_isa.hh
 [ENUMDECL] m5.objects.GPU, GfxVersion -> Spandex/enums/GfxVersion.hh
 [ENUMDECL] m5.objects.GPU, PrefetchType -> Spandex/enums/PrefetchType.hh
 [GENERATE] amdgpu/vega -> Spandex/arch/gpu_isa.hh
 [GENERATE] amdgpu/vega -> Spandex/arch/gpu_registers.hh
 [SO Param] m5.objects.GPU, ComputeUnit -> Spandex/params/ComputeUnit.hh
 [GENERATE] amdgpu/vega -> Spandex/arch/gpu_decoder.hh
 [SO Param] m5.objects.GPU, PoolManager -> Spandex/params/PoolManager.hh
 [     CXX] Spandex/cpu/testers/gpu_ruby_test/CpuThread.py.cc -> .o
 [SO Param] m5.objects.TesterThread, TesterThread -> Spandex/params/TesterThread.hh
 [ENUMDECL] m5.objects.MessageBuffer, MessageRandomization -> Spandex/enums/MessageRandomization.hh
 [SO Param] m5.objects.SimpleMemory, SimpleMemory -> Spandex/params/SimpleMemory.hh
 [SO Param] m5.objects.LdsState, LdsState -> Spandex/params/LdsState.hh
 [SO Param] m5.objects.GPU, RegisterFileCache -> Spandex/params/RegisterFileCache.hh
 [SO Param] m5.objects.GPU, RegisterManager -> Spandex/params/RegisterManager.hh
 [SO Param] m5.objects.GPU, ScalarRegisterFile -> Spandex/params/ScalarRegisterFile.hh
 [SO Param] m5.objects.GPU, VectorRegisterFile -> Spandex/params/VectorRegisterFile.hh
 [SO Param] m5.objects.GPU, Wavefront -> Spandex/params/Wavefront.hh
 [SO Param] m5.objects.VegaGPUTLB, VegaGPUTLB -> Spandex/params/VegaGPUTLB.hh
 [SO Param] m5.objects.GPU, GPUDispatcher -> Spandex/params/GPUDispatcher.hh
 [SO Param] m5.objects.GPU, RegisterFile -> Spandex/params/RegisterFile.hh
 [SO Param] m5.objects.AMDGPU, AMDGPUDevice -> Spandex/params/AMDGPUDevice.hh
 [SO Param] m5.objects.VegaGPUTLB, VegaPagetableWalker -> Spandex/params/VegaPagetableWalker.hh
 [SO Param] m5.objects.AMDGPU, AMDGPUInterruptHandler -> Spandex/params/AMDGPUInterruptHandler.hh
 [SO Param] m5.objects.AMDGPU, AMDGPUMemoryManager -> Spandex/params/AMDGPUMemoryManager.hh
 [SO Param] m5.objects.GPU, GPUCommandProcessor -> Spandex/params/GPUCommandProcessor.hh
 [SO Param] m5.objects.AMDGPU, PM4PacketProcessor -> Spandex/params/PM4PacketProcessor.hh
 [SO Param] m5.objects.PciDevice, PciEndpoint -> Spandex/params/PciEndpoint.hh
 [SO Param] m5.objects.AMDGPU, SDMAEngine -> Spandex/params/SDMAEngine.hh
 [SO Param] m5.objects.ReplacementPolicies, BaseReplacementPolicy -> Spandex/params/BaseReplacementPolicy.hh
 [SO Param] m5.objects.VegaGPUTLB, VegaPWCIndexingPolicy -> Spandex/params/VegaPWCIndexingPolicy.hh
 [SO Param] m5.objects.CpuThread, CpuThread -> Spandex/python/_m5/param_CpuThread.cc
 [SO Param] m5.objects.Device, DmaDevice -> Spandex/params/DmaDevice.hh
 [SO Param] m5.objects.Device, DmaVirtDevice -> Spandex/params/DmaVirtDevice.hh
 [SO Param] m5.objects.HSADevice, HSAPacketProcessor -> Spandex/params/HSAPacketProcessor.hh
 [SO Param] m5.objects.PciDevice, PciBar -> Spandex/params/PciBar.hh
 [SO Param] m5.objects.PciDevice, PciDevice -> Spandex/params/PciDevice.hh
 [SO Param] m5.objects.IndexingPolicies, BaseIndexingPolicy -> Spandex/params/BaseIndexingPolicy.hh
 [     CXX] Spandex/cpu/testers/gpu_ruby_test/DmaThread.py.cc -> .o
 [SO Param] m5.objects.Device, PioDevice -> Spandex/params/PioDevice.hh
 [SO Param] m5.objects.PciUpstream, PciUpstream -> Spandex/params/PciUpstream.hh
 [SO Param] m5.objects.Bridge, BridgeBase -> Spandex/params/BridgeBase.hh
 [SO Param] m5.objects.PciUpstream, PciConfigError -> Spandex/params/PciConfigError.hh
 [SO Param] m5.objects.PciUpstream, PciUpDownBridge -> Spandex/params/PciUpDownBridge.hh
 [SO Param] m5.objects.Device, IsaFake -> Spandex/params/IsaFake.hh
 [SO Param] m5.objects.Device, BasicPioDevice -> Spandex/params/BasicPioDevice.hh
 [     CXX] Spandex/python/_m5/param_CpuThread.cc -> .o
 [     CXX] Spandex/python/_m5/param_ProtocolTester.cc -> .o
 [SO Param] m5.objects.DmaThread, DmaThread -> Spandex/python/_m5/param_DmaThread.cc
 [     CXX] Spandex/python/_m5/param_DmaThread.cc -> .o
 [     CXX] Spandex/cpu/testers/gpu_ruby_test/GpuWavefront.py.cc -> .o
 [SO Param] m5.objects.GpuWavefront, GpuWavefront -> Spandex/python/_m5/param_GpuWavefront.cc
 [     CXX] Spandex/python/_m5/param_GpuWavefront.cc -> .o
 [     CXX] Spandex/cpu/testers/gpu_ruby_test/TesterThread.py.cc -> .o
 [SO Param] m5.objects.TesterThread, TesterThread -> Spandex/python/_m5/param_TesterThread.cc
 [     CXX] Spandex/python/_m5/param_TesterThread.cc -> .o
 [     CXX] Spandex/cpu/testers/gpu_ruby_test/TesterDma.py.cc -> .o
 [SO Param] m5.objects.TesterDma, TesterDma -> Spandex/python/_m5/param_TesterDma.cc
 [SO Param] m5.objects.TesterDma, TesterDma -> Spandex/params/TesterDma.hh
 [     CXX] Spandex/python/_m5/param_TesterDma.cc -> .o
 [     CXX] src/cpu/testers/gpu_ruby_test/address_manager.cc -> Spandex/cpu/testers/gpu_ruby_test/address_manager.o
 [ TRACING]  -> Spandex/debug/EpisodeCount.hh
 [     CXX] src/cpu/testers/gpu_ruby_test/episode.cc -> Spandex/cpu/testers/gpu_ruby_test/episode.o
 [ TRACING]  -> Spandex/debug/ProtocolTest.hh
 [     CXX] src/cpu/testers/gpu_ruby_test/protocol_tester.cc -> Spandex/cpu/testers/gpu_ruby_test/protocol_tester.o
 [     CXX] src/cpu/testers/gpu_ruby_test/cpu_thread.cc -> Spandex/cpu/testers/gpu_ruby_test/cpu_thread.o
 [     CXX] src/cpu/testers/gpu_ruby_test/dma_thread.cc -> Spandex/cpu/testers/gpu_ruby_test/dma_thread.o
 [     CXX] src/cpu/testers/gpu_ruby_test/gpu_wavefront.cc -> Spandex/cpu/testers/gpu_ruby_test/gpu_wavefront.o
 [     CXX] src/cpu/testers/gpu_ruby_test/tester_thread.cc -> Spandex/cpu/testers/gpu_ruby_test/tester_thread.o
 [ TRACING]  -> Spandex/debug/ProtocolTest.cc
 [     CXX] Spandex/debug/ProtocolTest.cc -> .o
 [ TRACING]  -> Spandex/debug/EpisodeCount.cc
 [     CXX] Spandex/debug/EpisodeCount.cc -> .o
 [     CXX] Spandex/cpu/testers/directedtest/RubyDirectedTester.py.cc -> .o
 [SO Param] m5.objects.RubyDirectedTester, DirectedGenerator -> Spandex/python/_m5/param_DirectedGenerator.cc
 [SO Param] m5.objects.RubyDirectedTester, DirectedGenerator -> Spandex/params/DirectedGenerator.hh
 [SO Param] m5.objects.RubyDirectedTester, RubyDirectedTester -> Spandex/params/RubyDirectedTester.hh
 [     CXX] Spandex/python/_m5/param_DirectedGenerator.cc -> .o
 [SO Param] m5.objects.RubyDirectedTester, SeriesRequestGenerator -> Spandex/python/_m5/param_SeriesRequestGenerator.cc
 [SO Param] m5.objects.RubyDirectedTester, SeriesRequestGenerator -> Spandex/params/SeriesRequestGenerator.hh
 [     CXX] Spandex/python/_m5/param_SeriesRequestGenerator.cc -> .o
 [SO Param] m5.objects.RubyDirectedTester, InvalidateGenerator -> Spandex/python/_m5/param_InvalidateGenerator.cc
 [SO Param] m5.objects.RubyDirectedTester, InvalidateGenerator -> Spandex/params/InvalidateGenerator.hh
 [     CXX] Spandex/python/_m5/param_InvalidateGenerator.cc -> .o
 [SO Param] m5.objects.RubyDirectedTester, RubyDirectedTester -> Spandex/python/_m5/param_RubyDirectedTester.cc
 [     CXX] Spandex/python/_m5/param_RubyDirectedTester.cc -> .o
 [ TRACING]  -> Spandex/debug/DirectedTest.hh
 [     CXX] src/cpu/testers/directedtest/RubyDirectedTester.cc -> Spandex/cpu/testers/directedtest/RubyDirectedTester.o
 [     CXX] src/cpu/testers/directedtest/DirectedGenerator.cc -> Spandex/cpu/testers/directedtest/DirectedGenerator.o
 [     CXX] src/cpu/testers/directedtest/SeriesRequestGenerator.cc -> Spandex/cpu/testers/directedtest/SeriesRequestGenerator.o
 [     CXX] src/cpu/testers/directedtest/InvalidateGenerator.cc -> Spandex/cpu/testers/directedtest/InvalidateGenerator.o
 [ TRACING]  -> Spandex/debug/DirectedTest.cc
 [     CXX] Spandex/debug/DirectedTest.cc -> .o
 [     CXX] Spandex/cpu/minor/BaseMinorCPU.py.cc -> .o
 [SO Param] m5.objects.BaseMinorCPU, MinorOpClass -> Spandex/python/_m5/param_MinorOpClass.cc
 [SO Param] m5.objects.BaseMinorCPU, MinorOpClass -> Spandex/params/MinorOpClass.hh
 [SO Param] m5.objects.BaseMinorCPU, MinorFU -> Spandex/params/MinorFU.hh
 [SO Param] m5.objects.BaseMinorCPU, MinorFUPool -> Spandex/params/MinorFUPool.hh
 [SO Param] m5.objects.BaseMinorCPU, MinorOpClassSet -> Spandex/params/MinorOpClassSet.hh
 [ TRACING]  -> Spandex/debug/MinorTrace.hh
 [SO Param] m5.objects.BaseMinorCPU, MinorFUTiming -> Spandex/params/MinorFUTiming.hh
 [     CXX] Spandex/python/_m5/param_MinorOpClass.cc -> .o
 [SO Param] m5.objects.BaseMinorCPU, MinorOpClassSet -> Spandex/python/_m5/param_MinorOpClassSet.cc
 [     CXX] Spandex/python/_m5/param_MinorOpClassSet.cc -> .o
 [SO Param] m5.objects.BaseMinorCPU, MinorFUTiming -> Spandex/python/_m5/param_MinorFUTiming.cc
 [     CXX] Spandex/python/_m5/param_MinorFUTiming.cc -> .o
 [SO Param] m5.objects.BaseMinorCPU, MinorFU -> Spandex/python/_m5/param_MinorFU.cc
 [     CXX] Spandex/python/_m5/param_MinorFU.cc -> .o
 [SO Param] m5.objects.BaseMinorCPU, MinorFUPool -> Spandex/python/_m5/param_MinorFUPool.cc
 [     CXX] Spandex/python/_m5/param_MinorFUPool.cc -> .o
 [SO Param] m5.objects.BaseMinorCPU, BaseMinorCPU -> Spandex/python/_m5/param_BaseMinorCPU.cc
 [ENUMDECL] m5.objects.BaseMinorCPU, ThreadPolicy -> Spandex/enums/ThreadPolicy.hh
 [SO Param] m5.objects.BaseMinorCPU, BaseMinorCPU -> Spandex/params/BaseMinorCPU.hh
 [ENUMDECL] m5.objects.BranchPredictor, TargetProvider -> Spandex/enums/TargetProvider.hh
 [SO Param] m5.objects.BranchPredictor, BranchPredictor -> Spandex/params/BranchPredictor.hh
 [ENUMDECL] m5.objects.BranchPredictor, BranchType -> Spandex/enums/BranchType.hh
 [SO Param] m5.objects.BranchPredictor, BranchTargetBuffer -> Spandex/params/BranchTargetBuffer.hh
 [SO Param] m5.objects.BranchPredictor, ConditionalPredictor -> Spandex/params/ConditionalPredictor.hh
 [SO Param] m5.objects.BranchPredictor, IndirectPredictor -> Spandex/params/IndirectPredictor.hh
 [SO Param] m5.objects.BranchPredictor, ReturnAddrStack -> Spandex/params/ReturnAddrStack.hh
 [     CXX] Spandex/python/_m5/param_BaseMinorCPU.cc -> .o
 [ENUM STR] m5.objects.BaseMinorCPU, ThreadPolicy -> Spandex/enums/ThreadPolicy.cc
 [     CXX] Spandex/enums/ThreadPolicy.cc -> .o
 [     CXX] src/cpu/minor/activity.cc -> Spandex/cpu/minor/activity.o
 [ TRACING]  -> Spandex/debug/Drain.hh
 [ TRACING]  -> Spandex/debug/MinorCPU.hh
 [     CXX] src/cpu/minor/cpu.cc -> Spandex/cpu/minor/cpu.o
 [     CXX] src/cpu/minor/decode.cc -> Spandex/cpu/minor/decode.o
 [ TRACING]  -> Spandex/debug/MinorExecute.hh
 [     CXX] src/cpu/minor/dyn_inst.cc -> Spandex/cpu/minor/dyn_inst.o
 [ TRACING]  -> Spandex/debug/Branch.hh
 [ TRACING]  -> Spandex/debug/MinorInterrupt.hh
 [ TRACING]  -> Spandex/debug/MinorMem.hh
 [     CXX] src/cpu/minor/execute.cc -> Spandex/cpu/minor/execute.o
 [     CXX] src/cpu/minor/fetch1.cc -> Spandex/cpu/minor/fetch1.o
 [     CXX] src/cpu/minor/fetch2.cc -> Spandex/cpu/minor/fetch2.o
 [ TRACING]  -> Spandex/debug/MinorTiming.hh
 [     CXX] src/cpu/minor/func_unit.cc -> Spandex/cpu/minor/func_unit.o
 [     CXX] src/cpu/minor/lsq.cc -> Spandex/cpu/minor/lsq.o
 [     CXX] src/cpu/minor/pipe_data.cc -> Spandex/cpu/minor/pipe_data.o
 [     CXX] src/cpu/minor/pipeline.cc -> Spandex/cpu/minor/pipeline.o
 [ TRACING]  -> Spandex/debug/MinorScoreboard.hh
 [     CXX] src/cpu/minor/scoreboard.cc -> Spandex/cpu/minor/scoreboard.o
 [     CXX] src/cpu/minor/stats.cc -> Spandex/cpu/minor/stats.o
 [ TRACING]  -> Spandex/debug/MinorCPU.cc
 [     CXX] Spandex/debug/MinorCPU.cc -> .o
 [ TRACING]  -> Spandex/debug/MinorExecute.cc
 [     CXX] Spandex/debug/MinorExecute.cc -> .o
 [ TRACING]  -> Spandex/debug/MinorInterrupt.cc
 [     CXX] Spandex/debug/MinorInterrupt.cc -> .o
 [ TRACING]  -> Spandex/debug/MinorMem.cc
 [     CXX] Spandex/debug/MinorMem.cc -> .o
 [ TRACING]  -> Spandex/debug/MinorScoreboard.cc
 [     CXX] Spandex/debug/MinorScoreboard.cc -> .o
 [ TRACING]  -> Spandex/debug/MinorTrace.cc
 [     CXX] Spandex/debug/MinorTrace.cc -> .o
 [ TRACING]  -> Spandex/debug/MinorTiming.cc
 [     CXX] Spandex/debug/MinorTiming.cc -> .o
 [ TRACING]  -> Spandex/debug/Minor.cc
 [ TRACING]  -> Spandex/debug/Minor.hh
 [     CXX] Spandex/debug/Minor.cc -> .o
 [     CXX] Spandex/cpu/minor/MinorCPU.py.cc -> .o
 [     CXX] Spandex/cpu/simple/BaseAtomicSimpleCPU.py.cc -> .o
 [SO Param] m5.objects.BaseAtomicSimpleCPU, BaseAtomicSimpleCPU -> Spandex/python/_m5/param_BaseAtomicSimpleCPU.cc
 [ TRACING]  -> Spandex/debug/SimpleCPU.hh
 [SO Param] m5.objects.BaseAtomicSimpleCPU, BaseAtomicSimpleCPU -> Spandex/params/BaseAtomicSimpleCPU.hh
 [     CXX] Spandex/cpu/simple/BaseNonCachingSimpleCPU.py.cc -> .o
 [SO Param] m5.objects.BaseSimpleCPU, BaseSimpleCPU -> Spandex/params/BaseSimpleCPU.hh
 [     CXX] Spandex/python/_m5/param_BaseAtomicSimpleCPU.cc -> .o
 [     CXX] src/cpu/simple/atomic.cc -> Spandex/cpu/simple/atomic.o
 [SO Param] m5.objects.BaseNonCachingSimpleCPU, BaseNonCachingSimpleCPU -> Spandex/python/_m5/param_BaseNonCachingSimpleCPU.cc
 [SO Param] m5.objects.BaseNonCachingSimpleCPU, BaseNonCachingSimpleCPU -> Spandex/params/BaseNonCachingSimpleCPU.hh
 [     CXX] Spandex/cpu/simple/BaseTimingSimpleCPU.py.cc -> .o
 [     CXX] Spandex/python/_m5/param_BaseNonCachingSimpleCPU.cc -> .o
 [     CXX] src/cpu/simple/noncaching.cc -> Spandex/cpu/simple/noncaching.o
 [SO Param] m5.objects.BaseTimingSimpleCPU, BaseTimingSimpleCPU -> Spandex/python/_m5/param_BaseTimingSimpleCPU.cc
 [ TRACING]  -> Spandex/debug/Config.hh
 [SO Param] m5.objects.BaseTimingSimpleCPU, BaseTimingSimpleCPU -> Spandex/params/BaseTimingSimpleCPU.hh
 [ TRACING]  -> Spandex/debug/SimpleCPU.cc
 [     CXX] Spandex/debug/SimpleCPU.cc -> .o
 [     CXX] src/cpu/simple/timing.cc -> Spandex/cpu/simple/timing.o
 [     CXX] Spandex/python/_m5/param_BaseTimingSimpleCPU.cc -> .o
 [     CXX] src/cpu/simple/base.cc -> Spandex/cpu/simple/base.o
 [     CXX] Spandex/cpu/simple/BaseSimpleCPU.py.cc -> .o
 [SO Param] m5.objects.BaseSimpleCPU, BaseSimpleCPU -> Spandex/python/_m5/param_BaseSimpleCPU.cc
 [     CXX] Spandex/python/_m5/param_BaseSimpleCPU.cc -> .o
 [     CXX] Spandex/cpu/simple/AtomicSimpleCPU.py.cc -> .o
 [     CXX] Spandex/cpu/simple/NonCachingSimpleCPU.py.cc -> .o
 [     CXX] Spandex/cpu/simple/TimingSimpleCPU.py.cc -> .o
 [     CXX] Spandex/cpu/simple/probes/SimPoint.py.cc -> .o
 [SO Param] m5.objects.SimPoint, SimPoint -> Spandex/python/_m5/param_SimPoint.cc
 [SO Param] m5.objects.SimPoint, SimPoint -> Spandex/params/SimPoint.hh
 [SO Param] m5.objects.Probe, ProbeListenerObject -> Spandex/params/ProbeListenerObject.hh
 [     CXX] Spandex/python/_m5/param_SimPoint.cc -> .o
 [     CXX] src/cpu/simple/probes/simpoint.cc -> Spandex/cpu/simple/probes/simpoint.o
 [     CXX] Spandex/cpu/simple/probes/LooppointAnalysis.py.cc -> .o
 [SO Param] m5.objects.LooppointAnalysis, LooppointAnalysis -> Spandex/python/_m5/param_LooppointAnalysis.cc
 [SO Param] m5.objects.LooppointAnalysis, LooppointAnalysis -> Spandex/params/LooppointAnalysis.hh
 [ TRACING]  -> Spandex/debug/LooppointAnalysis.hh
 [SO Param] m5.objects.LooppointAnalysis, LooppointAnalysisManager -> Spandex/params/LooppointAnalysisManager.hh
 [     CXX] Spandex/python/_m5/param_LooppointAnalysis.cc -> .o
 [SO Param] m5.objects.LooppointAnalysis, LooppointAnalysisManager -> Spandex/python/_m5/param_LooppointAnalysisManager.cc
 [     CXX] Spandex/python/_m5/param_LooppointAnalysisManager.cc -> .o
 [     CXX] src/cpu/simple/probes/looppoint_analysis.cc -> Spandex/cpu/simple/probes/looppoint_analysis.o
 [ TRACING]  -> Spandex/debug/LooppointAnalysis.cc
 [     CXX] Spandex/debug/LooppointAnalysis.cc -> .o
 [     CXX] Spandex/cpu/checker/CheckerCPU.py.cc -> .o
 [SO Param] m5.objects.CheckerCPU, CheckerCPU -> Spandex/python/_m5/param_CheckerCPU.cc
 [     CXX] Spandex/python/_m5/param_CheckerCPU.cc -> .o
 [     CXX] src/cpu/checker/cpu.cc -> Spandex/cpu/checker/cpu.o
 [     CXX] Spandex/cpu/o3/FUPool.py.cc -> .o
 [SO Param] m5.objects.FUPool, FUPool -> Spandex/python/_m5/param_FUPool.cc
 [SO Param] m5.objects.FUPool, FUPool -> Spandex/params/FUPool.hh
 [     CXX] Spandex/python/_m5/param_FUPool.cc -> .o
 [     CXX] Spandex/cpu/o3/FuncUnitConfig.py.cc -> .o
 [     CXX] Spandex/cpu/o3/BaseO3CPU.py.cc -> .o
 [SO Param] m5.objects.BaseO3CPU, BaseO3CPU -> Spandex/python/_m5/param_BaseO3CPU.cc
 [ENUMDECL] m5.objects.SMT, CommitPolicy -> Spandex/enums/CommitPolicy.hh
 [ENUMDECL] m5.objects.SMT, SMTFetchPolicy -> Spandex/enums/SMTFetchPolicy.hh
 [ENUMDECL] m5.objects.SMT, SMTQueuePolicy -> Spandex/enums/SMTQueuePolicy.hh
 [SO Param] m5.objects.BaseO3CPU, BaseO3CPU -> Spandex/params/BaseO3CPU.hh
 [ TRACING]  -> Spandex/debug/LSQUnit.hh
 [ TRACING]  -> Spandex/debug/MemDepUnit.hh
 [ TRACING]  -> Spandex/debug/FreeList.hh
 [ TRACING]  -> Spandex/debug/IEW.hh
 [ TRACING]  -> Spandex/debug/Scoreboard.hh
 [SO Param] m5.objects.IQUnit, IQUnit -> Spandex/params/IQUnit.hh
 [     CXX] Spandex/python/_m5/param_BaseO3CPU.cc -> .o
 [     CXX] Spandex/cpu/o3/IQUnit.py.cc -> .o
 [SO Param] m5.objects.IQUnit, IQUnit -> Spandex/python/_m5/param_IQUnit.cc
 [     CXX] Spandex/python/_m5/param_IQUnit.cc -> .o
 [     CXX] Spandex/cpu/o3/SMT.py.cc -> .o
 [ENUM STR] m5.objects.SMT, SMTFetchPolicy -> Spandex/enums/SMTFetchPolicy.cc
 [     CXX] Spandex/enums/SMTFetchPolicy.cc -> .o
 [ENUM STR] m5.objects.SMT, SMTQueuePolicy -> Spandex/enums/SMTQueuePolicy.cc
 [     CXX] Spandex/enums/SMTQueuePolicy.cc -> .o
 [ENUM STR] m5.objects.SMT, CommitPolicy -> Spandex/enums/CommitPolicy.cc
 [     CXX] Spandex/enums/CommitPolicy.cc -> .o
 [ TRACING]  -> Spandex/debug/BAC.hh
 [ TRACING]  -> Spandex/debug/FTQ.hh
 [     CXX] src/cpu/o3/bac.cc -> Spandex/cpu/o3/bac.o
 [ TRACING]  -> Spandex/debug/CommitRate.hh
 [     CXX] src/cpu/o3/commit.cc -> Spandex/cpu/o3/commit.o
 [ TRACING]  -> Spandex/debug/O3CPU.hh
 [     CXX] src/cpu/o3/cpu.cc -> Spandex/cpu/o3/cpu.o
 [     CXX] src/cpu/o3/decode.cc -> Spandex/cpu/o3/decode.o
 [ TRACING]  -> Spandex/debug/IQ.hh
 [     CXX] src/cpu/o3/dyn_inst.cc -> Spandex/cpu/o3/dyn_inst.o
 [     CXX] src/cpu/o3/fetch.cc -> Spandex/cpu/o3/fetch.o
 [     CXX] src/cpu/o3/free_list.cc -> Spandex/cpu/o3/free_list.o
 [     CXX] src/cpu/o3/ftq.cc -> Spandex/cpu/o3/ftq.o
 [     CXX] src/cpu/o3/fu_pool.cc -> Spandex/cpu/o3/fu_pool.o
 [     CXX] src/cpu/o3/iew.cc -> Spandex/cpu/o3/iew.o
 [     CXX] src/cpu/o3/inst_queue.cc -> Spandex/cpu/o3/inst_queue.o
 [ TRACING]  -> Spandex/debug/LSQ.hh
 [ TRACING]  -> Spandex/debug/Writeback.hh
 [     CXX] src/cpu/o3/lsq.cc -> Spandex/cpu/o3/lsq.o
 [     CXX] src/cpu/o3/lsq_unit.cc -> Spandex/cpu/o3/lsq_unit.o
 [     CXX] src/cpu/o3/mem_dep_unit.cc -> Spandex/cpu/o3/mem_dep_unit.o
 [     CXX] src/cpu/o3/regfile.cc -> Spandex/cpu/o3/regfile.o
 [ TRACING]  -> Spandex/debug/Rename.hh
 [     CXX] src/cpu/o3/rename.cc -> Spandex/cpu/o3/rename.o
 [     CXX] src/cpu/o3/rename_map.cc -> Spandex/cpu/o3/rename_map.o
 [ TRACING]  -> Spandex/debug/ROB.hh
 [     CXX] src/cpu/o3/rob.cc -> Spandex/cpu/o3/rob.o
 [     CXX] src/cpu/o3/scoreboard.cc -> Spandex/cpu/o3/scoreboard.o
 [ TRACING]  -> Spandex/debug/StoreSet.hh
 [     CXX] src/cpu/o3/store_set.cc -> Spandex/cpu/o3/store_set.o
 [     CXX] src/cpu/o3/thread_context.cc -> Spandex/cpu/o3/thread_context.o
 [     CXX] src/cpu/o3/thread_state.cc -> Spandex/cpu/o3/thread_state.o
 [ TRACING]  -> Spandex/debug/BAC.cc
 [     CXX] Spandex/debug/BAC.cc -> .o
 [ TRACING]  -> Spandex/debug/CommitRate.cc
 [     CXX] Spandex/debug/CommitRate.cc -> .o
 [ TRACING]  -> Spandex/debug/FTQ.cc
 [     CXX] Spandex/debug/FTQ.cc -> .o
 [ TRACING]  -> Spandex/debug/IEW.cc
 [     CXX] Spandex/debug/IEW.cc -> .o
 [ TRACING]  -> Spandex/debug/IQ.cc
 [     CXX] Spandex/debug/IQ.cc -> .o
 [ TRACING]  -> Spandex/debug/LSQ.cc
 [     CXX] Spandex/debug/LSQ.cc -> .o
 [ TRACING]  -> Spandex/debug/LSQUnit.cc
 [     CXX] Spandex/debug/LSQUnit.cc -> .o
 [ TRACING]  -> Spandex/debug/MemDepUnit.cc
 [     CXX] Spandex/debug/MemDepUnit.cc -> .o
 [ TRACING]  -> Spandex/debug/O3CPU.cc
 [     CXX] Spandex/debug/O3CPU.cc -> .o
 [ TRACING]  -> Spandex/debug/ROB.cc
 [     CXX] Spandex/debug/ROB.cc -> .o
 [ TRACING]  -> Spandex/debug/Rename.cc
 [     CXX] Spandex/debug/Rename.cc -> .o
 [ TRACING]  -> Spandex/debug/Scoreboard.cc
 [     CXX] Spandex/debug/Scoreboard.cc -> .o
 [ TRACING]  -> Spandex/debug/StoreSet.cc
 [     CXX] Spandex/debug/StoreSet.cc -> .o
 [ TRACING]  -> Spandex/debug/Writeback.cc
 [     CXX] Spandex/debug/Writeback.cc -> .o
 [ TRACING]  -> Spandex/debug/O3CPUAll.cc
 [ TRACING]  -> Spandex/debug/O3CPUAll.hh
 [     CXX] Spandex/debug/O3CPUAll.cc -> .o
 [     CXX] Spandex/cpu/o3/BaseO3Checker.py.cc -> .o
 [SO Param] m5.objects.BaseO3Checker, BaseO3Checker -> Spandex/python/_m5/param_BaseO3Checker.cc
 [SO Param] m5.objects.BaseO3Checker, BaseO3Checker -> Spandex/params/BaseO3Checker.hh
 [     CXX] Spandex/python/_m5/param_BaseO3Checker.cc -> .o
 [     CXX] src/cpu/o3/checker.cc -> Spandex/cpu/o3/checker.o
 [     CXX] Spandex/cpu/o3/O3CPU.py.cc -> .o
 [     CXX] Spandex/cpu/o3/O3Checker.py.cc -> .o
 [     CXX] Spandex/cpu/o3/probe/SimpleTrace.py.cc -> .o
 [SO Param] m5.objects.SimpleTrace, SimpleTrace -> Spandex/python/_m5/param_SimpleTrace.cc
 [SO Param] m5.objects.SimpleTrace, SimpleTrace -> Spandex/params/SimpleTrace.hh
 [     CXX] Spandex/python/_m5/param_SimpleTrace.cc -> .o
 [ TRACING]  -> Spandex/debug/SimpleTrace.hh
 [     CXX] src/cpu/o3/probe/simple_trace.cc -> Spandex/cpu/o3/probe/simple_trace.o
 [ TRACING]  -> Spandex/debug/SimpleTrace.cc
 [     CXX] Spandex/debug/SimpleTrace.cc -> .o
 [     CXX] Spandex/cpu/pred/BranchPredictor.py.cc -> .o
 [SO Param] m5.objects.BranchPredictor, BranchPredictor -> Spandex/python/_m5/param_BranchPredictor.cc
 [     CXX] Spandex/python/_m5/param_BranchPredictor.cc -> .o
 [SO Param] m5.objects.BranchPredictor, ConditionalPredictor -> Spandex/python/_m5/param_ConditionalPredictor.cc
 [     CXX] Spandex/python/_m5/param_ConditionalPredictor.cc -> .o
 [SO Param] m5.objects.BranchPredictor, IndirectPredictor -> Spandex/python/_m5/param_IndirectPredictor.cc
 [     CXX] Spandex/python/_m5/param_IndirectPredictor.cc -> .o
 [SO Param] m5.objects.BranchPredictor, SimpleIndirectPredictor -> Spandex/python/_m5/param_SimpleIndirectPredictor.cc
 [SO Param] m5.objects.BranchPredictor, SimpleIndirectPredictor -> Spandex/params/SimpleIndirectPredictor.hh
 [     CXX] Spandex/python/_m5/param_SimpleIndirectPredictor.cc -> .o
 [SO Param] m5.objects.BranchPredictor, BranchTargetBuffer -> Spandex/python/_m5/param_BranchTargetBuffer.cc
 [     CXX] Spandex/python/_m5/param_BranchTargetBuffer.cc -> .o
 [SO Param] m5.objects.BranchPredictor, SimpleBTB -> Spandex/python/_m5/param_SimpleBTB.cc
 [SO Param] m5.objects.BranchPredictor, SimpleBTB -> Spandex/params/SimpleBTB.hh
 [SO Param] m5.objects.BranchPredictor, BTBIndexingPolicy -> Spandex/params/BTBIndexingPolicy.hh
 [SO Param] m5.objects.BranchPredictor, BTBSetAssociative -> Spandex/params/BTBSetAssociative.hh
 [     CXX] Spandex/python/_m5/param_SimpleBTB.cc -> .o
 [SO Param] m5.objects.BranchPredictor, BTBIndexingPolicy -> Spandex/python/_m5/param_BTBIndexingPolicy.cc
 [     CXX] Spandex/python/_m5/param_BTBIndexingPolicy.cc -> .o
 [SO Param] m5.objects.BranchPredictor, BTBSetAssociative -> Spandex/python/_m5/param_BTBSetAssociative.cc
 [     CXX] Spandex/python/_m5/param_BTBSetAssociative.cc -> .o
 [SO Param] m5.objects.BranchPredictor, ReturnAddrStack -> Spandex/python/_m5/param_ReturnAddrStack.cc
 [     CXX] Spandex/python/_m5/param_ReturnAddrStack.cc -> .o
 [SO Param] m5.objects.BranchPredictor, LocalBP -> Spandex/python/_m5/param_LocalBP.cc
 [SO Param] m5.objects.BranchPredictor, LocalBP -> Spandex/params/LocalBP.hh
 [     CXX] Spandex/python/_m5/param_LocalBP.cc -> .o
 [SO Param] m5.objects.BranchPredictor, TournamentBP -> Spandex/python/_m5/param_TournamentBP.cc
 [SO Param] m5.objects.BranchPredictor, TournamentBP -> Spandex/params/TournamentBP.hh
 [     CXX] Spandex/python/_m5/param_TournamentBP.cc -> .o
 [SO Param] m5.objects.BranchPredictor, BiModeBP -> Spandex/python/_m5/param_BiModeBP.cc
 [SO Param] m5.objects.BranchPredictor, BiModeBP -> Spandex/params/BiModeBP.hh
 [     CXX] Spandex/python/_m5/param_BiModeBP.cc -> .o
 [SO Param] m5.objects.BranchPredictor, TAGEBase -> Spandex/python/_m5/param_TAGEBase.cc
 [SO Param] m5.objects.BranchPredictor, TAGEBase -> Spandex/params/TAGEBase.hh
 [     CXX] Spandex/python/_m5/param_TAGEBase.cc -> .o
 [SO Param] m5.objects.BranchPredictor, TAGE -> Spandex/python/_m5/param_TAGE.cc
 [SO Param] m5.objects.BranchPredictor, TAGE -> Spandex/params/TAGE.hh
 [     CXX] Spandex/python/_m5/param_TAGE.cc -> .o
 [SO Param] m5.objects.BranchPredictor, LoopPredictor -> Spandex/python/_m5/param_LoopPredictor.cc
 [SO Param] m5.objects.BranchPredictor, LoopPredictor -> Spandex/params/LoopPredictor.hh
 [     CXX] Spandex/python/_m5/param_LoopPredictor.cc -> .o
 [SO Param] m5.objects.BranchPredictor, TAGE_SC_L_TAGE -> Spandex/python/_m5/param_TAGE_SC_L_TAGE.cc
 [SO Param] m5.objects.BranchPredictor, TAGE_SC_L_TAGE -> Spandex/params/TAGE_SC_L_TAGE.hh
 [SO Param] m5.objects.BranchPredictor, TAGE_SC_L -> Spandex/params/TAGE_SC_L.hh
 [SO Param] m5.objects.BranchPredictor, TAGE_SC_L_LoopPredictor -> Spandex/params/TAGE_SC_L_LoopPredictor.hh
 [SO Param] m5.objects.BranchPredictor, LTAGE -> Spandex/params/LTAGE.hh
 [SO Param] m5.objects.BranchPredictor, StatisticalCorrector -> Spandex/params/StatisticalCorrector.hh
 [     CXX] Spandex/python/_m5/param_TAGE_SC_L_TAGE.cc -> .o
 [SO Param] m5.objects.BranchPredictor, TAGE_SC_L_TAGE_64KB -> Spandex/python/_m5/param_TAGE_SC_L_TAGE_64KB.cc
 [SO Param] m5.objects.BranchPredictor, TAGE_SC_L_TAGE_64KB -> Spandex/params/TAGE_SC_L_TAGE_64KB.hh
 [SO Param] m5.objects.BranchPredictor, TAGE_SC_L_64KB -> Spandex/params/TAGE_SC_L_64KB.hh
 [SO Param] m5.objects.BranchPredictor, TAGE_SC_L_64KB_StatisticalCorrector -> Spandex/params/TAGE_SC_L_64KB_StatisticalCorrector.hh
 [     CXX] Spandex/python/_m5/param_TAGE_SC_L_TAGE_64KB.cc -> .o
 [SO Param] m5.objects.BranchPredictor, TAGE_SC_L_TAGE_8KB -> Spandex/python/_m5/param_TAGE_SC_L_TAGE_8KB.cc
 [SO Param] m5.objects.BranchPredictor, TAGE_SC_L_TAGE_8KB -> Spandex/params/TAGE_SC_L_TAGE_8KB.hh
 [SO Param] m5.objects.BranchPredictor, TAGE_SC_L_8KB -> Spandex/params/TAGE_SC_L_8KB.hh
 [SO Param] m5.objects.BranchPredictor, TAGE_SC_L_8KB_StatisticalCorrector -> Spandex/params/TAGE_SC_L_8KB_StatisticalCorrector.hh
 [     CXX] Spandex/python/_m5/param_TAGE_SC_L_TAGE_8KB.cc -> .o
 [SO Param] m5.objects.BranchPredictor, LTAGE -> Spandex/python/_m5/param_LTAGE.cc
 [     CXX] Spandex/python/_m5/param_LTAGE.cc -> .o
 [SO Param] m5.objects.BranchPredictor, TAGE_SC_L_LoopPredictor -> Spandex/python/_m5/param_TAGE_SC_L_LoopPredictor.cc
 [     CXX] Spandex/python/_m5/param_TAGE_SC_L_LoopPredictor.cc -> .o
 [SO Param] m5.objects.BranchPredictor, StatisticalCorrector -> Spandex/python/_m5/param_StatisticalCorrector.cc
 [     CXX] Spandex/python/_m5/param_StatisticalCorrector.cc -> .o
 [SO Param] m5.objects.BranchPredictor, TAGE_SC_L -> Spandex/python/_m5/param_TAGE_SC_L.cc
 [     CXX] Spandex/python/_m5/param_TAGE_SC_L.cc -> .o
 [SO Param] m5.objects.BranchPredictor, TAGE_SC_L_64KB_StatisticalCorrector -> Spandex/python/_m5/param_TAGE_SC_L_64KB_StatisticalCorrector.cc
 [     CXX] Spandex/python/_m5/param_TAGE_SC_L_64KB_StatisticalCorrector.cc -> .o
 [SO Param] m5.objects.BranchPredictor, TAGE_SC_L_8KB_StatisticalCorrector -> Spandex/python/_m5/param_TAGE_SC_L_8KB_StatisticalCorrector.cc
 [     CXX] Spandex/python/_m5/param_TAGE_SC_L_8KB_StatisticalCorrector.cc -> .o
 [SO Param] m5.objects.BranchPredictor, TAGE_SC_L_64KB -> Spandex/python/_m5/param_TAGE_SC_L_64KB.cc
 [     CXX] Spandex/python/_m5/param_TAGE_SC_L_64KB.cc -> .o
 [SO Param] m5.objects.BranchPredictor, TAGE_SC_L_8KB -> Spandex/python/_m5/param_TAGE_SC_L_8KB.cc
 [     CXX] Spandex/python/_m5/param_TAGE_SC_L_8KB.cc -> .o
 [SO Param] m5.objects.BranchPredictor, MultiperspectivePerceptron -> Spandex/python/_m5/param_MultiperspectivePerceptron.cc
 [SO Param] m5.objects.BranchPredictor, MultiperspectivePerceptron -> Spandex/params/MultiperspectivePerceptron.hh
 [     CXX] Spandex/python/_m5/param_MultiperspectivePerceptron.cc -> .o
 [SO Param] m5.objects.BranchPredictor, MultiperspectivePerceptron8KB -> Spandex/python/_m5/param_MultiperspectivePerceptron8KB.cc
 [SO Param] m5.objects.BranchPredictor, MultiperspectivePerceptron8KB -> Spandex/params/MultiperspectivePerceptron8KB.hh
 [     CXX] Spandex/python/_m5/param_MultiperspectivePerceptron8KB.cc -> .o
 [SO Param] m5.objects.BranchPredictor, MultiperspectivePerceptron64KB -> Spandex/python/_m5/param_MultiperspectivePerceptron64KB.cc
 [SO Param] m5.objects.BranchPredictor, MultiperspectivePerceptron64KB -> Spandex/params/MultiperspectivePerceptron64KB.hh
 [     CXX] Spandex/python/_m5/param_MultiperspectivePerceptron64KB.cc -> .o
 [SO Param] m5.objects.BranchPredictor, MPP_TAGE -> Spandex/python/_m5/param_MPP_TAGE.cc
 [SO Param] m5.objects.BranchPredictor, MPP_TAGE -> Spandex/params/MPP_TAGE.hh
 [SO Param] m5.objects.BranchPredictor, MPP_LoopPredictor -> Spandex/params/MPP_LoopPredictor.hh
 [SO Param] m5.objects.BranchPredictor, MPP_StatisticalCorrector -> Spandex/params/MPP_StatisticalCorrector.hh
 [SO Param] m5.objects.BranchPredictor, MultiperspectivePerceptronTAGE -> Spandex/params/MultiperspectivePerceptronTAGE.hh
 [     CXX] Spandex/python/_m5/param_MPP_TAGE.cc -> .o
 [SO Param] m5.objects.BranchPredictor, MPP_LoopPredictor -> Spandex/python/_m5/param_MPP_LoopPredictor.cc
 [     CXX] Spandex/python/_m5/param_MPP_LoopPredictor.cc -> .o
 [SO Param] m5.objects.BranchPredictor, MPP_StatisticalCorrector -> Spandex/python/_m5/param_MPP_StatisticalCorrector.cc
 [SO Param] m5.objects.BranchPredictor, MultiperspectivePerceptronTAGE -> Spandex/python/_m5/param_MultiperspectivePerceptronTAGE.cc
 [     CXX] Spandex/python/_m5/param_MPP_StatisticalCorrector.cc -> .o
 [     CXX] Spandex/python/_m5/param_MultiperspectivePerceptronTAGE.cc -> .o
 [SO Param] m5.objects.BranchPredictor, MPP_StatisticalCorrector_64KB -> Spandex/python/_m5/param_MPP_StatisticalCorrector_64KB.cc
 [SO Param] m5.objects.BranchPredictor, MPP_StatisticalCorrector_64KB -> Spandex/params/MPP_StatisticalCorrector_64KB.hh
 [SO Param] m5.objects.BranchPredictor, MultiperspectivePerceptronTAGE64KB -> Spandex/params/MultiperspectivePerceptronTAGE64KB.hh
 [SO Param] m5.objects.BranchPredictor, MultiperspectivePerceptronTAGE64KB -> Spandex/python/_m5/param_MultiperspectivePerceptronTAGE64KB.cc
 [     CXX] Spandex/python/_m5/param_MPP_StatisticalCorrector_64KB.cc -> .o
 [     CXX] Spandex/python/_m5/param_MultiperspectivePerceptronTAGE64KB.cc -> .o
 [SO Param] m5.objects.BranchPredictor, MPP_TAGE_8KB -> Spandex/python/_m5/param_MPP_TAGE_8KB.cc
 [SO Param] m5.objects.BranchPredictor, MPP_TAGE_8KB -> Spandex/params/MPP_TAGE_8KB.hh
 [SO Param] m5.objects.BranchPredictor, MPP_LoopPredictor_8KB -> Spandex/params/MPP_LoopPredictor_8KB.hh
 [SO Param] m5.objects.BranchPredictor, MPP_StatisticalCorrector_8KB -> Spandex/params/MPP_StatisticalCorrector_8KB.hh
 [SO Param] m5.objects.BranchPredictor, MultiperspectivePerceptronTAGE8KB -> Spandex/params/MultiperspectivePerceptronTAGE8KB.hh
 [SO Param] m5.objects.BranchPredictor, MPP_LoopPredictor_8KB -> Spandex/python/_m5/param_MPP_LoopPredictor_8KB.cc
 [     CXX] Spandex/python/_m5/param_MPP_TAGE_8KB.cc -> .o
 [     CXX] Spandex/python/_m5/param_MPP_LoopPredictor_8KB.cc -> .o
 [SO Param] m5.objects.BranchPredictor, MPP_StatisticalCorrector_8KB -> Spandex/python/_m5/param_MPP_StatisticalCorrector_8KB.cc
 [SO Param] m5.objects.BranchPredictor, MultiperspectivePerceptronTAGE8KB -> Spandex/python/_m5/param_MultiperspectivePerceptronTAGE8KB.cc
 [     CXX] Spandex/python/_m5/param_MPP_StatisticalCorrector_8KB.cc -> .o
 [     CXX] Spandex/python/_m5/param_MultiperspectivePerceptronTAGE8KB.cc -> .o
 [SO Param] m5.objects.BranchPredictor, GshareBP -> Spandex/python/_m5/param_GshareBP.cc
 [ENUM STR] m5.objects.BranchPredictor, BranchType -> Spandex/enums/BranchType.cc
 [SO Param] m5.objects.BranchPredictor, GshareBP -> Spandex/params/GshareBP.hh
 [     CXX] Spandex/enums/BranchType.cc -> .o
 [     CXX] Spandex/python/_m5/param_GshareBP.cc -> .o
 [ENUM STR] m5.objects.BranchPredictor, TargetProvider -> Spandex/enums/TargetProvider.cc
 [     CXX] src/cpu/pred/bpred_unit.cc -> Spandex/cpu/pred/bpred_unit.o
 [     CXX] Spandex/enums/TargetProvider.cc -> .o
 [     CXX] src/cpu/pred/2bit_local.cc -> Spandex/cpu/pred/2bit_local.o
 [ TRACING]  -> Spandex/debug/Indirect.hh
 [     CXX] src/cpu/pred/simple_indirect.cc -> Spandex/cpu/pred/simple_indirect.o
 [     CXX] src/cpu/pred/conditional.cc -> Spandex/cpu/pred/conditional.o
 [     CXX] src/cpu/pred/indirect.cc -> Spandex/cpu/pred/indirect.o
 [ TRACING]  -> Spandex/debug/RAS.hh
 [     CXX] src/cpu/pred/ras.cc -> Spandex/cpu/pred/ras.o
 [     CXX] src/cpu/pred/tournament.cc -> Spandex/cpu/pred/tournament.o
 [     CXX] src/cpu/pred/bi_mode.cc -> Spandex/cpu/pred/bi_mode.o
 [ TRACING]  -> Spandex/debug/Tage.hh
 [     CXX] src/cpu/pred/tage_base.cc -> Spandex/cpu/pred/tage_base.o
 [     CXX] src/cpu/pred/tage.cc -> Spandex/cpu/pred/tage.o
 [ TRACING]  -> Spandex/debug/LTage.hh
 [     CXX] src/cpu/pred/loop_predictor.cc -> Spandex/cpu/pred/loop_predictor.o
 [     CXX] src/cpu/pred/ltage.cc -> Spandex/cpu/pred/ltage.o
 [     CXX] src/cpu/pred/multiperspective_perceptron.cc -> Spandex/cpu/pred/multiperspective_perceptron.o
 [     CXX] src/cpu/pred/multiperspective_perceptron_8KB.cc -> Spandex/cpu/pred/multiperspective_perceptron_8KB.o
 [     CXX] src/cpu/pred/multiperspective_perceptron_64KB.cc -> Spandex/cpu/pred/multiperspective_perceptron_64KB.o
 [     CXX] src/cpu/pred/multiperspective_perceptron_tage.cc -> Spandex/cpu/pred/multiperspective_perceptron_tage.o
 [     CXX] src/cpu/pred/multiperspective_perceptron_tage_8KB.cc -> Spandex/cpu/pred/multiperspective_perceptron_tage_8KB.o
 [     CXX] src/cpu/pred/multiperspective_perceptron_tage_64KB.cc -> Spandex/cpu/pred/multiperspective_perceptron_tage_64KB.o
 [     CXX] src/cpu/pred/statistical_corrector.cc -> Spandex/cpu/pred/statistical_corrector.o
 [ TRACING]  -> Spandex/debug/TageSCL.hh
 [     CXX] src/cpu/pred/tage_sc_l.cc -> Spandex/cpu/pred/tage_sc_l.o
 [     CXX] src/cpu/pred/tage_sc_l_8KB.cc -> Spandex/cpu/pred/tage_sc_l_8KB.o
 [     CXX] src/cpu/pred/tage_sc_l_64KB.cc -> Spandex/cpu/pred/tage_sc_l_64KB.o
 [     CXX] src/cpu/pred/gshare.cc -> Spandex/cpu/pred/gshare.o
 [     CXX] src/cpu/pred/btb.cc -> Spandex/cpu/pred/btb.o
 [ TRACING]  -> Spandex/debug/BTB.hh
 [     CXX] src/cpu/pred/simple_btb.cc -> Spandex/cpu/pred/simple_btb.o
 [ TRACING]  -> Spandex/debug/Indirect.cc
 [     CXX] Spandex/debug/Indirect.cc -> .o
 [ TRACING]  -> Spandex/debug/BTB.cc
 [     CXX] Spandex/debug/BTB.cc -> .o
 [ TRACING]  -> Spandex/debug/RAS.cc
 [     CXX] Spandex/debug/RAS.cc -> .o
 [ TRACING]  -> Spandex/debug/FreeList.cc
 [     CXX] Spandex/debug/FreeList.cc -> .o
 [ TRACING]  -> Spandex/debug/Branch.cc
 [     CXX] Spandex/debug/Branch.cc -> .o
 [ TRACING]  -> Spandex/debug/Tage.cc
 [     CXX] Spandex/debug/Tage.cc -> .o
 [ TRACING]  -> Spandex/debug/LTage.cc
 [     CXX] Spandex/debug/LTage.cc -> .o
 [ TRACING]  -> Spandex/debug/TageSCL.cc
 [     CXX] Spandex/debug/TageSCL.cc -> .o
 [     CXX] Spandex/cpu/probes/PcCountTracker.py.cc -> .o
 [SO Param] m5.objects.PcCountTracker, PcCountTracker -> Spandex/python/_m5/param_PcCountTracker.cc
 [SO Param] m5.objects.PcCountTracker, PcCountTracker -> Spandex/params/PcCountTracker.hh
 [ TRACING]  -> Spandex/debug/PcCountTracker.hh
 [SO Param] m5.objects.PcCountTracker, PcCountTrackerManager -> Spandex/params/PcCountTrackerManager.hh
 [     CXX] Spandex/python/_m5/param_PcCountTracker.cc -> .o
 [SO Param] m5.objects.PcCountTracker, PcCountTrackerManager -> Spandex/python/_m5/param_PcCountTrackerManager.cc
 [     CXX] Spandex/python/_m5/param_PcCountTrackerManager.cc -> .o
 [     CXX] src/cpu/probes/pc_count_tracker.cc -> Spandex/cpu/probes/pc_count_tracker.o
 [     CXX] src/cpu/probes/pc_count_tracker_manager.cc -> Spandex/cpu/probes/pc_count_tracker_manager.o
 [ TRACING]  -> Spandex/debug/PcCountTracker.cc
 [     CXX] Spandex/debug/PcCountTracker.cc -> .o
 [     CXX] Spandex/cpu/probes/InstTracker.py.cc -> .o
 [SO Param] m5.objects.InstTracker, GlobalInstTracker -> Spandex/python/_m5/param_GlobalInstTracker.cc
 [SO Param] m5.objects.InstTracker, GlobalInstTracker -> Spandex/params/GlobalInstTracker.hh
 [ TRACING]  -> Spandex/debug/InstTracker.hh
 [SO Param] m5.objects.InstTracker, LocalInstTracker -> Spandex/params/LocalInstTracker.hh
 [     CXX] Spandex/python/_m5/param_GlobalInstTracker.cc -> .o
 [SO Param] m5.objects.InstTracker, LocalInstTracker -> Spandex/python/_m5/param_LocalInstTracker.cc
 [     CXX] Spandex/python/_m5/param_LocalInstTracker.cc -> .o
 [     CXX] src/cpu/probes/inst_tracker.cc -> Spandex/cpu/probes/inst_tracker.o
 [ TRACING]  -> Spandex/debug/InstTracker.cc
 [     CXX] Spandex/debug/InstTracker.cc -> .o
 [     CXX] Spandex/cpu/kvm/KvmVM.py.cc -> .o
 [SO Param] m5.objects.KvmVM, KvmVM -> Spandex/python/_m5/param_KvmVM.cc
 [SO Param] m5.objects.KvmVM, KvmVM -> Spandex/params/KvmVM.hh
 [     CXX] Spandex/python/_m5/param_KvmVM.cc -> .o
 [     CXX] Spandex/cpu/kvm/BaseKvmCPU.py.cc -> .o
 [SO Param] m5.objects.BaseKvmCPU, BaseKvmCPU -> Spandex/python/_m5/param_BaseKvmCPU.cc
 [SO Param] m5.objects.BaseKvmCPU, BaseKvmCPU -> Spandex/params/BaseKvmCPU.hh
 [CONFIG H] HAVE_PERF_ATTR_EXCLUDE_HOST, 1 -> Spandex/config/have_perf_attr_exclude_host.hh
 [     CXX] Spandex/python/_m5/param_BaseKvmCPU.cc -> .o
 [ TRACING]  -> Spandex/debug/Kvm.hh
 [ TRACING]  -> Spandex/debug/KvmIO.hh
 [ TRACING]  -> Spandex/debug/KvmRun.hh
 [     CXX] src/cpu/kvm/base.cc -> Spandex/cpu/kvm/base.o
 [     CXX] src/cpu/kvm/device.cc -> Spandex/cpu/kvm/device.o
 [     CXX] src/cpu/kvm/vm.cc -> Spandex/cpu/kvm/vm.o
 [     CXX] src/cpu/kvm/perfevent.cc -> Spandex/cpu/kvm/perfevent.o
 [ TRACING]  -> Spandex/debug/KvmTimer.hh
 [     CXX] src/cpu/kvm/timer.cc -> Spandex/cpu/kvm/timer.o
 [ TRACING]  -> Spandex/debug/Kvm.cc
 [     CXX] Spandex/debug/Kvm.cc -> .o
 [ TRACING]  -> Spandex/debug/KvmContext.cc
 [ TRACING]  -> Spandex/debug/KvmContext.hh
 [     CXX] Spandex/debug/KvmContext.cc -> .o
 [ TRACING]  -> Spandex/debug/KvmIO.cc
 [     CXX] Spandex/debug/KvmIO.cc -> .o
 [ TRACING]  -> Spandex/debug/KvmInt.cc
 [ TRACING]  -> Spandex/debug/KvmInt.hh
 [     CXX] Spandex/debug/KvmInt.cc -> .o
 [ TRACING]  -> Spandex/debug/KvmRun.cc
 [     CXX] Spandex/debug/KvmRun.cc -> .o
 [ TRACING]  -> Spandex/debug/KvmTimer.cc
 [     CXX] Spandex/debug/KvmTimer.cc -> .o
 [ TRACING]  -> Spandex/debug/KvmAll.cc
 [ TRACING]  -> Spandex/debug/KvmAll.hh
 [     CXX] Spandex/debug/KvmAll.cc -> .o
 [     CXX] Spandex/gpu-compute/GPU.py.cc -> .o
 [SO Param] m5.objects.GPU, PoolManager -> Spandex/python/_m5/param_PoolManager.cc
 [     CXX] Spandex/python/_m5/param_PoolManager.cc -> .o
 [SO Param] m5.objects.GPU, SimplePoolManager -> Spandex/python/_m5/param_SimplePoolManager.cc
 [SO Param] m5.objects.GPU, SimplePoolManager -> Spandex/params/SimplePoolManager.hh
 [     CXX] Spandex/python/_m5/param_SimplePoolManager.cc -> .o
 [SO Param] m5.objects.GPU, DynPoolManager -> Spandex/python/_m5/param_DynPoolManager.cc
 [SO Param] m5.objects.GPU, DynPoolManager -> Spandex/params/DynPoolManager.hh
 [     CXX] Spandex/python/_m5/param_DynPoolManager.cc -> .o
 [SO Param] m5.objects.GPU, RegisterFile -> Spandex/python/_m5/param_RegisterFile.cc
 [     CXX] Spandex/python/_m5/param_RegisterFile.cc -> .o
 [SO Param] m5.objects.GPU, ScalarRegisterFile -> Spandex/python/_m5/param_ScalarRegisterFile.cc
 [ TRACING]  -> Spandex/debug/GPUSRF.hh
 [ TRACING]  -> Spandex/debug/GPUTrace.hh
 [ TRACING]  -> Spandex/debug/GPULDS.hh
 [     CXX] Spandex/python/_m5/param_ScalarRegisterFile.cc -> .o
 [SO Param] m5.objects.GPU, VectorRegisterFile -> Spandex/python/_m5/param_VectorRegisterFile.cc
 [ TRACING]  -> Spandex/debug/GPUVRF.hh
 [     CXX] Spandex/python/_m5/param_VectorRegisterFile.cc -> .o
 [SO Param] m5.objects.GPU, RegisterManager -> Spandex/python/_m5/param_RegisterManager.cc
 [     CXX] Spandex/python/_m5/param_RegisterManager.cc -> .o
 [SO Param] m5.objects.GPU, Wavefront -> Spandex/python/_m5/param_Wavefront.cc
 [     CXX] Spandex/python/_m5/param_Wavefront.cc -> .o
 [SO Param] m5.objects.GPU, ComputeUnit -> Spandex/python/_m5/param_ComputeUnit.cc
 [     CXX] Spandex/python/_m5/param_ComputeUnit.cc -> .o
 [SO Param] m5.objects.GPU, Shader -> Spandex/python/_m5/param_Shader.cc
 [SO Param] m5.objects.GPU, Shader -> Spandex/params/Shader.hh
 [SO Param] m5.objects.AMDGPU, AMDGPUSystemHub -> Spandex/params/AMDGPUSystemHub.hh
 [ TRACING]  -> Spandex/debug/GPUCommandProc.hh
 [ TRACING]  -> Spandex/debug/HSAPacketProcessor.hh
 [     CXX] Spandex/python/_m5/param_Shader.cc -> .o
 [SO Param] m5.objects.GPU, GPUComputeDriver -> Spandex/python/_m5/param_GPUComputeDriver.cc
 [SO Param] m5.objects.GPU, GPUComputeDriver -> Spandex/params/GPUComputeDriver.hh
 [     CXX] Spandex/python/_m5/param_GPUComputeDriver.cc -> .o
 [SO Param] m5.objects.GPU, GPURenderDriver -> Spandex/python/_m5/param_GPURenderDriver.cc
 [SO Param] m5.objects.GPU, GPURenderDriver -> Spandex/params/GPURenderDriver.hh
 [     CXX] Spandex/python/_m5/param_GPURenderDriver.cc -> .o
 [SO Param] m5.objects.GPU, GPUDispatcher -> Spandex/python/_m5/param_GPUDispatcher.cc
 [     CXX] Spandex/python/_m5/param_GPUDispatcher.cc -> .o
 [SO Param] m5.objects.GPU, GPUCommandProcessor -> Spandex/python/_m5/param_GPUCommandProcessor.cc
 [ TRACING]  -> Spandex/debug/GPUPTWalker.hh
 [SO Param] m5.objects.IndexingPolicies, SetAssociative -> Spandex/params/SetAssociative.hh
 [     CXX] Spandex/python/_m5/param_GPUCommandProcessor.cc -> .o
 [SO Param] m5.objects.GPU, RegisterFileCache -> Spandex/python/_m5/param_RegisterFileCache.cc
 [     CXX] Spandex/python/_m5/param_RegisterFileCache.cc -> .o
 [ENUM STR] m5.objects.GPU, PrefetchType -> Spandex/enums/PrefetchType.cc
 [     CXX] Spandex/enums/PrefetchType.cc -> .o
 [ENUM STR] m5.objects.GPU, GfxVersion -> Spandex/enums/GfxVersion.cc
 [     CXX] Spandex/enums/GfxVersion.cc -> .o
 [ENUM STR] m5.objects.GPU, StorageClassType -> Spandex/enums/StorageClassType.cc
 [     CXX] Spandex/gpu-compute/GPUStaticInstFlags.py.cc -> .o
 [     CXX] Spandex/enums/StorageClassType.cc -> .o
 [ENUM STR] m5.objects.GPUStaticInstFlags, GPUStaticInstFlags -> Spandex/enums/GPUStaticInstFlags.cc
 [ENUMDECL] m5.objects.GPUStaticInstFlags, GPUStaticInstFlags -> Spandex/enums/GPUStaticInstFlags.hh
 [     CXX] Spandex/enums/GPUStaticInstFlags.cc -> .o
 [     CXX] Spandex/gpu-compute/LdsState.py.cc -> .o
 [SO Param] m5.objects.LdsState, LdsState -> Spandex/python/_m5/param_LdsState.cc
 [     CXX] Spandex/python/_m5/param_LdsState.cc -> .o
 [     CXX] src/gpu-compute/comm.cc -> Spandex/gpu-compute/comm.o
 [ TRACING]  -> Spandex/debug/GPUDisp.hh
 [ TRACING]  -> Spandex/debug/GPUExec.hh
 [ TRACING]  -> Spandex/debug/GPUFetch.hh
 [ TRACING]  -> Spandex/debug/GPUPort.hh
 [ TRACING]  -> Spandex/debug/GPUPrefetch.hh
 [ TRACING]  -> Spandex/debug/GPUReg.hh
 [ TRACING]  -> Spandex/debug/GPURename.hh
 [ TRACING]  -> Spandex/debug/GPUSync.hh
 [ TRACING]  -> Spandex/debug/GPUTLB.hh
 [SO Param] m5.objects.X86GPUTLB, X86GPUTLB -> Spandex/params/X86GPUTLB.hh
 [SO Param] m5.objects.X86TLB, X86PagetableWalker -> Spandex/params/X86PagetableWalker.hh
 [SO Param] m5.objects.X86TLB, X86TLB -> Spandex/params/X86TLB.hh
 [     CXX] src/gpu-compute/compute_unit.cc -> Spandex/gpu-compute/compute_unit.o
 [ TRACING]  -> Spandex/debug/GPUAgentDisp.hh
 [ TRACING]  -> Spandex/debug/GPUKernelInfo.hh
 [ TRACING]  -> Spandex/debug/GPUWgLatency.hh
 [     CXX] src/gpu-compute/dispatcher.cc -> Spandex/gpu-compute/dispatcher.o
 [ TRACING]  -> Spandex/debug/GPUSched.hh
 [     CXX] src/gpu-compute/exec_stage.cc -> Spandex/gpu-compute/exec_stage.o
 [     CXX] src/gpu-compute/fetch_stage.cc -> Spandex/gpu-compute/fetch_stage.o
 [     CXX] src/gpu-compute/fetch_unit.cc -> Spandex/gpu-compute/fetch_unit.o
 [ TRACING]  -> Spandex/debug/GPUCoalescer.hh
 [     CXX] src/gpu-compute/global_memory_pipeline.cc -> Spandex/gpu-compute/global_memory_pipeline.o
 [ TRACING]  -> Spandex/debug/GPUInitAbi.hh
 [SO Param] m5.objects.PciDevice, PciBarNone -> Spandex/params/PciBarNone.hh
 [SO Param] m5.objects.PciDevice, PciIoBar -> Spandex/params/PciIoBar.hh
 [SO Param] m5.objects.PciDevice, PciLegacyIoBar -> Spandex/params/PciLegacyIoBar.hh
 [SO Param] m5.objects.PciDevice, PciMemBar -> Spandex/params/PciMemBar.hh
 [SO Param] m5.objects.PciDevice, PciMemUpperBar -> Spandex/params/PciMemUpperBar.hh
 [SO Param] m5.objects.PciDevice, PciType1Device -> Spandex/params/PciType1Device.hh
 [SO Param] m5.objects.Bridge, Bridge -> Spandex/params/Bridge.hh
 [ TRACING]  -> Spandex/debug/GPUDriver.hh
 [ TRACING]  -> Spandex/debug/GPUShader.hh
 [     CXX] src/gpu-compute/gpu_compute_driver.cc -> Spandex/gpu-compute/gpu_compute_driver.o
 [     CXX] src/gpu-compute/gpu_command_processor.cc -> Spandex/gpu-compute/gpu_command_processor.o
 [ TRACING]  -> Spandex/debug/GPUInst.hh
 [     CXX] src/gpu-compute/gpu_dyn_inst.cc -> Spandex/gpu-compute/gpu_dyn_inst.o
 [     CXX] src/gpu-compute/gpu_exec_context.cc -> Spandex/gpu-compute/gpu_exec_context.o
 [     CXX] src/gpu-compute/gpu_render_driver.cc -> Spandex/gpu-compute/gpu_render_driver.o
 [     CXX] src/gpu-compute/gpu_static_inst.cc -> Spandex/gpu-compute/gpu_static_inst.o
 [     CXX] src/gpu-compute/lds_state.cc -> Spandex/gpu-compute/lds_state.o
 [     CXX] src/gpu-compute/local_memory_pipeline.cc -> Spandex/gpu-compute/local_memory_pipeline.o
 [     CXX] src/gpu-compute/pool_manager.cc -> Spandex/gpu-compute/pool_manager.o
 [ TRACING]  -> Spandex/debug/GPURF.hh
 [     CXX] src/gpu-compute/register_file.cc -> Spandex/gpu-compute/register_file.o
 [     CXX] src/gpu-compute/register_manager.cc -> Spandex/gpu-compute/register_manager.o
 [     CXX] src/gpu-compute/scalar_memory_pipeline.cc -> Spandex/gpu-compute/scalar_memory_pipeline.o
 [     CXX] src/gpu-compute/scalar_register_file.cc -> Spandex/gpu-compute/scalar_register_file.o
 [     CXX] src/gpu-compute/schedule_stage.cc -> Spandex/gpu-compute/schedule_stage.o
 [     CXX] src/gpu-compute/scheduler.cc -> Spandex/gpu-compute/scheduler.o
 [     CXX] src/gpu-compute/scoreboard_check_stage.cc -> Spandex/gpu-compute/scoreboard_check_stage.o
 [     CXX] src/gpu-compute/shader.cc -> Spandex/gpu-compute/shader.o
 [     CXX] src/gpu-compute/dyn_pool_manager.cc -> Spandex/gpu-compute/dyn_pool_manager.o
 [     CXX] src/gpu-compute/simple_pool_manager.cc -> Spandex/gpu-compute/simple_pool_manager.o
 [     CXX] src/gpu-compute/static_register_manager_policy.cc -> Spandex/gpu-compute/static_register_manager_policy.o
 [     CXX] src/gpu-compute/vector_register_file.cc -> Spandex/gpu-compute/vector_register_file.o
 [ TRACING]  -> Spandex/debug/GPURFC.hh
 [ TRACING]  -> Spandex/debug/WavefrontStack.hh
 [     CXX] src/gpu-compute/register_file_cache.cc -> Spandex/gpu-compute/register_file_cache.o
 [     CXX] src/gpu-compute/wavefront.cc -> Spandex/gpu-compute/wavefront.o
 [ TRACING]  -> Spandex/debug/GPUAgentDisp.cc
 [     CXX] Spandex/debug/GPUAgentDisp.cc -> .o
 [ TRACING]  -> Spandex/debug/GPUCoalescer.cc
 [     CXX] Spandex/debug/GPUCoalescer.cc -> .o
 [ TRACING]  -> Spandex/debug/GPUCommandProc.cc
 [     CXX] Spandex/debug/GPUCommandProc.cc -> .o
 [ TRACING]  -> Spandex/debug/GPUDriver.cc
 [     CXX] Spandex/debug/GPUDriver.cc -> .o
 [ TRACING]  -> Spandex/debug/GPUInitAbi.cc
 [     CXX] Spandex/debug/GPUInitAbi.cc -> .o
 [ TRACING]  -> Spandex/debug/GPUDisp.cc
 [     CXX] Spandex/debug/GPUDisp.cc -> .o
 [ TRACING]  -> Spandex/debug/GPUExec.cc
 [ TRACING]  -> Spandex/debug/GPUFetch.cc
 [     CXX] Spandex/debug/GPUExec.cc -> .o
 [     CXX] Spandex/debug/GPUFetch.cc -> .o
 [ TRACING]  -> Spandex/debug/GPUInst.cc
 [ TRACING]  -> Spandex/debug/GPUKernelInfo.cc
 [     CXX] Spandex/debug/GPUInst.cc -> .o
 [     CXX] Spandex/debug/GPUKernelInfo.cc -> .o
 [ TRACING]  -> Spandex/debug/GPULDS.cc
 [ TRACING]  -> Spandex/debug/GPUMem.cc
 [     CXX] Spandex/debug/GPULDS.cc -> .o
 [     CXX] Spandex/debug/GPUMem.cc -> .o
 [ TRACING]  -> Spandex/debug/GPUPort.cc
 [ TRACING]  -> Spandex/debug/GPUPrefetch.cc
 [     CXX] Spandex/debug/GPUPort.cc -> .o
 [     CXX] Spandex/debug/GPUPrefetch.cc -> .o
 [ TRACING]  -> Spandex/debug/GPUReg.cc
 [ TRACING]  -> Spandex/debug/GPURename.cc
 [     CXX] Spandex/debug/GPUReg.cc -> .o
 [     CXX] Spandex/debug/GPURename.cc -> .o
 [ TRACING]  -> Spandex/debug/GPURF.cc
 [ TRACING]  -> Spandex/debug/GPURfState.cc
 [     CXX] Spandex/debug/GPURF.cc -> .o
 [ TRACING]  -> Spandex/debug/GPURfState.hh
 [     CXX] Spandex/debug/GPURfState.cc -> .o
 [ TRACING]  -> Spandex/debug/GPUSched.cc
 [     CXX] Spandex/debug/GPUSched.cc -> .o
 [ TRACING]  -> Spandex/debug/GPUShader.cc
 [     CXX] Spandex/debug/GPUShader.cc -> .o
 [ TRACING]  -> Spandex/debug/GPUSRF.cc
 [     CXX] Spandex/debug/GPUSRF.cc -> .o
 [ TRACING]  -> Spandex/debug/GPUSync.cc
 [     CXX] Spandex/debug/GPUSync.cc -> .o
 [ TRACING]  -> Spandex/debug/GPUTLB.cc
 [     CXX] Spandex/debug/GPUTLB.cc -> .o
 [ TRACING]  -> Spandex/debug/GPUTrace.cc
 [     CXX] Spandex/debug/GPUTrace.cc -> .o
 [ TRACING]  -> Spandex/debug/GPUVRF.cc
 [     CXX] Spandex/debug/GPUVRF.cc -> .o
 [ TRACING]  -> Spandex/debug/GPURFC.cc
 [     CXX] Spandex/debug/GPURFC.cc -> .o
 [ TRACING]  -> Spandex/debug/GPUVRFSched.cc
 [ TRACING]  -> Spandex/debug/GPUVRFSched.hh
 [ TRACING]  -> Spandex/debug/GPUWgLatency.cc
 [     CXX] Spandex/debug/GPUVRFSched.cc -> .o
 [     CXX] Spandex/debug/GPUWgLatency.cc -> .o
 [ TRACING]  -> Spandex/debug/Predictor.cc
 [ TRACING]  -> Spandex/debug/WavefrontStack.cc
 [ TRACING]  -> Spandex/debug/Predictor.hh
 [     CXX] Spandex/debug/WavefrontStack.cc -> .o
 [     CXX] Spandex/debug/Predictor.cc -> .o
 [ TRACING]  -> Spandex/debug/GPUALL.cc
 [     CXX] Spandex/learning_gem5/part2/SimpleObject.py.cc -> .o
 [ TRACING]  -> Spandex/debug/GPUALL.hh
 [     CXX] Spandex/debug/GPUALL.cc -> .o
 [SO Param] m5.objects.SimpleObject, SimpleObject -> Spandex/python/_m5/param_SimpleObject.cc
 [SO Param] m5.objects.SimpleObject, SimpleObject -> Spandex/params/SimpleObject.hh
 [     CXX] Spandex/python/_m5/param_SimpleObject.cc -> .o
 [     CXX] Spandex/learning_gem5/part2/HelloObject.py.cc -> .o
 [SO Param] m5.objects.HelloObject, HelloObject -> Spandex/python/_m5/param_HelloObject.cc
 [SO Param] m5.objects.HelloObject, HelloObject -> Spandex/params/HelloObject.hh
 [SO Param] m5.objects.HelloObject, GoodbyeObject -> Spandex/params/GoodbyeObject.hh
 [     CXX] Spandex/python/_m5/param_HelloObject.cc -> .o
 [SO Param] m5.objects.HelloObject, GoodbyeObject -> Spandex/python/_m5/param_GoodbyeObject.cc
 [     CXX] Spandex/python/_m5/param_GoodbyeObject.cc -> .o
 [     CXX] Spandex/learning_gem5/part2/SimpleMemobj.py.cc -> .o
 [SO Param] m5.objects.SimpleMemobj, SimpleMemobj -> Spandex/python/_m5/param_SimpleMemobj.cc
 [SO Param] m5.objects.SimpleMemobj, SimpleMemobj -> Spandex/params/SimpleMemobj.hh
 [     CXX] Spandex/python/_m5/param_SimpleMemobj.cc -> .o
 [     CXX] Spandex/learning_gem5/part2/SimpleCache.py.cc -> .o
 [SO Param] m5.objects.SimpleCache, SimpleCache -> Spandex/python/_m5/param_SimpleCache.cc
 [SO Param] m5.objects.SimpleCache, SimpleCache -> Spandex/params/SimpleCache.hh
 [     CXX] Spandex/python/_m5/param_SimpleCache.cc -> .o
 [     CXX] src/learning_gem5/part2/simple_object.cc -> Spandex/learning_gem5/part2/simple_object.o
 [ TRACING]  -> Spandex/debug/HelloExample.hh
 [     CXX] src/learning_gem5/part2/hello_object.cc -> Spandex/learning_gem5/part2/hello_object.o
 [     CXX] src/learning_gem5/part2/goodbye_object.cc -> Spandex/learning_gem5/part2/goodbye_object.o
 [ TRACING]  -> Spandex/debug/SimpleMemobj.hh
 [     CXX] src/learning_gem5/part2/simple_memobj.cc -> Spandex/learning_gem5/part2/simple_memobj.o
 [ TRACING]  -> Spandex/debug/SimpleCache.hh
 [     CXX] src/learning_gem5/part2/simple_cache.cc -> Spandex/learning_gem5/part2/simple_cache.o
 [ TRACING]  -> Spandex/debug/HelloExample.cc
 [     CXX] Spandex/debug/HelloExample.cc -> .o
 [ TRACING]  -> Spandex/debug/SimpleMemobj.cc
 [     CXX] Spandex/debug/SimpleMemobj.cc -> .o
 [ TRACING]  -> Spandex/debug/SimpleCache.cc
 [     CXX] Spandex/debug/SimpleCache.cc -> .o
 [ TRACING]  -> Spandex/debug/IntRegs.cc
 [     CXX] Spandex/debug/IntRegs.cc -> .o
 [ TRACING]  -> Spandex/debug/FloatRegs.cc
 [     CXX] Spandex/debug/FloatRegs.cc -> .o
 [ TRACING]  -> Spandex/debug/VecRegs.cc
 [     CXX] Spandex/debug/VecRegs.cc -> .o
 [ TRACING]  -> Spandex/debug/VecPredRegs.cc
 [     CXX] Spandex/debug/VecPredRegs.cc -> .o
 [ TRACING]  -> Spandex/debug/MatRegs.cc
 [     CXX] Spandex/debug/MatRegs.cc -> .o
 [ TRACING]  -> Spandex/debug/CCRegs.cc
 [     CXX] Spandex/debug/CCRegs.cc -> .o
 [ TRACING]  -> Spandex/debug/MiscRegs.cc
 [ TRACING]  -> Spandex/debug/MiscRegs.hh
 [     CXX] Spandex/debug/MiscRegs.cc -> .o
 [ TRACING]  -> Spandex/debug/Registers.cc
 [ TRACING]  -> Spandex/debug/Registers.hh
 [     CXX] Spandex/debug/Registers.cc -> .o
 [ TRACING]  -> Spandex/debug/Decoder.cc
 [ TRACING]  -> Spandex/debug/Decoder.hh
 [     CXX] Spandex/debug/Decoder.cc -> .o
 [ TRACING]  -> Spandex/debug/Faults.cc
 [ TRACING]  -> Spandex/debug/Faults.hh
 [     CXX] Spandex/debug/Faults.cc -> .o
 [ TRACING]  -> Spandex/debug/TLBVerbose.cc
 [ TRACING]  -> Spandex/debug/TLBVerbose.hh
 [     CXX] Spandex/debug/TLBVerbose.cc -> .o
 [     CXX] src/arch/arm/insts/fplib.cc -> Spandex/arch/arm/insts/fplib.o
 [ TRACING]  -> Spandex/debug/X86.hh
 [SO Param] m5.objects.X86ISA, X86ISA -> Spandex/params/X86ISA.hh
 [     CXX] src/arch/x86/cpuid.cc -> Spandex/arch/x86/cpuid.o
 [SO Param] m5.objects.X86Decoder, X86Decoder -> Spandex/params/X86Decoder.hh
 [     CXX] src/arch/x86/decoder.cc -> Spandex/arch/x86/decoder.o
 [     CXX] src/arch/x86/decoder_tables.cc -> Spandex/arch/x86/decoder_tables.o
 [     CXX] src/arch/x86/emulenv.cc -> Spandex/arch/x86/emulenv.o
 [ISA DESC] src/arch/x86/isa/main.isa -> Spandex/arch/x86/generated/decoder-g.cc.inc, Spandex/arch/x86/generated/decoder-ns.cc.inc, Spandex/arch/x86/generated/decode-method.cc.inc, Spandex/arch/x86/generated/decoder.hh, Spandex/arch/x86/generated/decoder-g.hh.inc, Spandex/arch/x86/generated/decoder-ns.hh.inc, Spandex/arch/x86/generated/exec-g.cc.inc, Spandex/arch/x86/generated/exec-ns.cc.inc, Spandex/arch/x86/generated/decoder.cc, Spandex/arch/x86/generated/inst-constrs.cc, Spandex/arch/x86/generated/generic_cpu_exec.cc
 [SO Param] m5.objects.X86MMU, X86MMU -> Spandex/params/X86MMU.hh
 [ TRACING]  -> Spandex/debug/ACPI.hh
 [SO Param] m5.objects.X86FsWorkload, X86FsWorkload -> Spandex/params/X86FsWorkload.hh
 [SO Param] m5.objects.ACPI, X86ACPIMadt -> Spandex/params/X86ACPIMadt.hh
 [SO Param] m5.objects.ACPI, X86ACPIMadtIOAPIC -> Spandex/params/X86ACPIMadtIOAPIC.hh
 [SO Param] m5.objects.ACPI, X86ACPIMadtIntSourceOverride -> Spandex/params/X86ACPIMadtIntSourceOverride.hh
Generating LALR tables
 [SO Param] m5.objects.ACPI, X86ACPIMadtLAPIC -> Spandex/params/X86ACPIMadtLAPIC.hh
 [SO Param] m5.objects.ACPI, X86ACPIMadtLAPICOverride -> Spandex/params/X86ACPIMadtLAPICOverride.hh
 [SO Param] m5.objects.ACPI, X86ACPIMadtNMI -> Spandex/params/X86ACPIMadtNMI.hh
 [SO Param] m5.objects.ACPI, X86ACPIMadtRecord -> Spandex/params/X86ACPIMadtRecord.hh
 [SO Param] m5.objects.ACPI, X86ACPIRSDP -> Spandex/params/X86ACPIRSDP.hh
 [SO Param] m5.objects.ACPI, X86ACPIRSDT -> Spandex/params/X86ACPIRSDT.hh
 [SO Param] m5.objects.ACPI, X86ACPISysDescTable -> Spandex/params/X86ACPISysDescTable.hh
 [     CXX] src/arch/x86/faults.cc -> Spandex/arch/x86/faults.o
 [SO Param] m5.objects.ACPI, X86ACPIXSDT -> Spandex/params/X86ACPIXSDT.hh
 [ENUMDECL] m5.objects.IntelMP, X86IntelMPAddressType -> Spandex/enums/X86IntelMPAddressType.hh
 [ENUMDECL] m5.objects.IntelMP, X86IntelMPInterruptType -> Spandex/enums/X86IntelMPInterruptType.hh
 [ENUMDECL] m5.objects.IntelMP, X86IntelMPPolarity -> Spandex/enums/X86IntelMPPolarity.hh
 [ENUMDECL] m5.objects.IntelMP, X86IntelMPRangeList -> Spandex/enums/X86IntelMPRangeList.hh
 [ENUMDECL] m5.objects.IntelMP, X86IntelMPTriggerMode -> Spandex/enums/X86IntelMPTriggerMode.hh
 [ENUMDECL] m5.objects.SMBios, Characteristic -> Spandex/enums/Characteristic.hh
 [ENUMDECL] m5.objects.SMBios, ExtCharacteristic -> Spandex/enums/ExtCharacteristic.hh
 [SO Param] m5.objects.Workload, KernelWorkload -> Spandex/params/KernelWorkload.hh
 [SO Param] m5.objects.IntelMP, X86IntelMPConfigTable -> Spandex/params/X86IntelMPConfigTable.hh
 [SO Param] m5.objects.IntelMP, X86IntelMPFloatingPointer -> Spandex/params/X86IntelMPFloatingPointer.hh
 [SO Param] m5.objects.SMBios, X86SMBiosSMBiosTable -> Spandex/params/X86SMBiosSMBiosTable.hh
 [SO Param] m5.objects.IntelMP, X86IntelMPBaseConfigEntry -> Spandex/params/X86IntelMPBaseConfigEntry.hh
 [SO Param] m5.objects.IntelMP, X86IntelMPExtConfigEntry -> Spandex/params/X86IntelMPExtConfigEntry.hh
 [SO Param] m5.objects.SMBios, X86SMBiosSMBiosStructure -> Spandex/params/X86SMBiosSMBiosStructure.hh
 [     CXX] src/arch/x86/fs_workload.cc -> Spandex/arch/x86/fs_workload.o
 [     CXX] src/arch/x86/insts/badmicroop.cc -> Spandex/arch/x86/insts/badmicroop.o
 [     CXX] src/arch/x86/insts/microop.cc -> Spandex/arch/x86/insts/microop.o
 [     CXX] src/arch/x86/insts/microregop.cc -> Spandex/arch/x86/insts/microregop.o
 [     CXX] src/arch/x86/insts/static_inst.cc -> Spandex/arch/x86/insts/static_inst.o
 [ TRACING]  -> Spandex/debug/LocalApic.hh
 [SO Param] m5.objects.X86LocalApic, X86LocalApic -> Spandex/params/X86LocalApic.hh
 [SO Param] m5.objects.I82094AA, I82094AA -> Spandex/params/I82094AA.hh
 [SO Param] m5.objects.Pc, Pc -> Spandex/params/Pc.hh
 [SO Param] m5.objects.SouthBridge, SouthBridge -> Spandex/params/SouthBridge.hh
 [SO Param] m5.objects.Platform, Platform -> Spandex/params/Platform.hh
 [SO Param] m5.objects.Cmos, Cmos -> Spandex/params/Cmos.hh
 [SO Param] m5.objects.I8042, I8042 -> Spandex/params/I8042.hh
 [SO Param] m5.objects.I8237, I8237 -> Spandex/params/I8237.hh
 [SO Param] m5.objects.I8254, I8254 -> Spandex/params/I8254.hh
 [SO Param] m5.objects.I8259, I8259 -> Spandex/params/I8259.hh
 [SO Param] m5.objects.PcSpeaker, PcSpeaker -> Spandex/params/PcSpeaker.hh
 [     CXX] src/arch/x86/isa.cc -> Spandex/arch/x86/isa.o
 [SO Param] m5.objects.PS2, PS2Device -> Spandex/params/PS2Device.hh
 [ENUMDECL] m5.objects.I8259, X86I8259CascadeMode -> Spandex/enums/X86I8259CascadeMode.hh
 [     CXX] src/arch/x86/interrupts.cc -> Spandex/arch/x86/interrupts.o
 [SO Param] m5.objects.X86NativeTrace, X86NativeTrace -> Spandex/params/X86NativeTrace.hh
 [     CXX] src/arch/x86/nativetrace.cc -> Spandex/arch/x86/nativetrace.o
 [     CXX] src/arch/x86/pagetable.cc -> Spandex/arch/x86/pagetable.o
 [ TRACING]  -> Spandex/debug/PageTableWalker.hh
 [     CXX] src/arch/x86/pagetable_walker.cc -> Spandex/arch/x86/pagetable_walker.o
 [ TRACING]  -> Spandex/debug/MMU.hh
 [     CXX] src/arch/x86/process.cc -> Spandex/arch/x86/process.o
 [ TRACING]  -> Spandex/debug/GDBAcc.hh
 [     CXX] src/arch/x86/remote_gdb.cc -> Spandex/arch/x86/remote_gdb.o
 [ TRACING]  -> Spandex/debug/TLB.hh
 [ TRACING]  -> Spandex/debug/PseudoInst.hh
 [     CXX] src/arch/x86/tlb.cc -> Spandex/arch/x86/tlb.o
 [     CXX] src/arch/x86/types.cc -> Spandex/arch/x86/types.o
 [     CXX] src/arch/x86/utility.cc -> Spandex/arch/x86/utility.o
 [     CXX] Spandex/arch/x86/X86SeWorkload.py.cc -> .o
 [SO Param] m5.objects.X86SeWorkload, X86EmuLinux -> Spandex/python/_m5/param_X86EmuLinux.cc
 [SO Param] m5.objects.X86SeWorkload, X86EmuLinux -> Spandex/params/X86EmuLinux.hh
 [     CXX] Spandex/python/_m5/param_X86EmuLinux.cc -> .o
 [     CXX] Spandex/arch/x86/X86FsWorkload.py.cc -> .o
 [SO Param] m5.objects.X86FsWorkload, X86BareMetalWorkload -> Spandex/python/_m5/param_X86BareMetalWorkload.cc
 [SO Param] m5.objects.X86FsWorkload, X86BareMetalWorkload -> Spandex/params/X86BareMetalWorkload.hh
 [     CXX] Spandex/python/_m5/param_X86BareMetalWorkload.cc -> .o
 [SO Param] m5.objects.X86FsWorkload, X86FsWorkload -> Spandex/python/_m5/param_X86FsWorkload.cc
 [     CXX] Spandex/python/_m5/param_X86FsWorkload.cc -> .o
 [SO Param] m5.objects.X86FsWorkload, X86FsLinux -> Spandex/python/_m5/param_X86FsLinux.cc
 [SO Param] m5.objects.X86FsWorkload, X86FsLinux -> Spandex/params/X86FsLinux.hh
 [SO Param] m5.objects.E820, X86E820Entry -> Spandex/params/X86E820Entry.hh
 [SO Param] m5.objects.E820, X86E820Table -> Spandex/params/X86E820Table.hh
 [     CXX] Spandex/python/_m5/param_X86FsLinux.cc -> .o
 [     CXX] Spandex/arch/x86/X86Decoder.py.cc -> .o
 [SO Param] m5.objects.X86Decoder, X86Decoder -> Spandex/python/_m5/param_X86Decoder.cc
 [     CXX] Spandex/python/_m5/param_X86Decoder.cc -> .o
 [     CXX] Spandex/arch/x86/X86ISA.py.cc -> .o
 [SO Param] m5.objects.X86ISA, X86ISA -> Spandex/python/_m5/param_X86ISA.cc
 [     CXX] Spandex/arch/x86/X86LocalApic.py.cc -> .o
 [     CXX] Spandex/python/_m5/param_X86ISA.cc -> .o
 [SO Param] m5.objects.X86LocalApic, X86LocalApic -> Spandex/python/_m5/param_X86LocalApic.cc
 [     CXX] Spandex/python/_m5/param_X86LocalApic.cc -> .o
 [     CXX] Spandex/arch/x86/X86MMU.py.cc -> .o
 [SO Param] m5.objects.X86MMU, X86MMU -> Spandex/python/_m5/param_X86MMU.cc
 [     CXX] Spandex/python/_m5/param_X86MMU.cc -> .o
 [     CXX] Spandex/arch/x86/X86NativeTrace.py.cc -> .o
 [SO Param] m5.objects.X86NativeTrace, X86NativeTrace -> Spandex/python/_m5/param_X86NativeTrace.cc
 [     CXX] Spandex/python/_m5/param_X86NativeTrace.cc -> .o
 [     CXX] Spandex/arch/x86/X86TLB.py.cc -> .o
 [SO Param] m5.objects.X86TLB, X86PagetableWalker -> Spandex/python/_m5/param_X86PagetableWalker.cc
 [     CXX] Spandex/python/_m5/param_X86PagetableWalker.cc -> .o
 [SO Param] m5.objects.X86TLB, X86TLB -> Spandex/python/_m5/param_X86TLB.cc
 [     CXX] Spandex/python/_m5/param_X86TLB.cc -> .o
 [     CXX] Spandex/arch/x86/X86CPU.py.cc -> .o
 [ TRACING]  -> Spandex/debug/LocalApic.cc
 [     CXX] Spandex/debug/LocalApic.cc -> .o
 [ TRACING]  -> Spandex/debug/X86.cc
 [     CXX] Spandex/debug/X86.cc -> .o
 [ TRACING]  -> Spandex/debug/ACPI.cc
 [     CXX] Spandex/debug/ACPI.cc -> .o
 [     CXX] Spandex/arch/x86/generated/decoder.cc -> .o
 [     CXX] Spandex/arch/x86/generated/inst-constrs.cc -> .o
 [     CXX] Spandex/arch/x86/generated/generic_cpu_exec.cc -> .o
 [     CXX] Spandex/arch/x86/bios/E820.py.cc -> .o
 [SO Param] m5.objects.E820, X86E820Entry -> Spandex/python/_m5/param_X86E820Entry.cc
 [     CXX] Spandex/python/_m5/param_X86E820Entry.cc -> .o
 [SO Param] m5.objects.E820, X86E820Table -> Spandex/python/_m5/param_X86E820Table.cc
 [     CXX] Spandex/python/_m5/param_X86E820Table.cc -> .o
 [     CXX] src/arch/x86/bios/e820.cc -> Spandex/arch/x86/bios/e820.o
 [     CXX] Spandex/arch/x86/bios/SMBios.py.cc -> .o
 [SO Param] m5.objects.SMBios, X86SMBiosSMBiosStructure -> Spandex/python/_m5/param_X86SMBiosSMBiosStructure.cc
 [     CXX] Spandex/python/_m5/param_X86SMBiosSMBiosStructure.cc -> .o
 [SO Param] m5.objects.SMBios, X86SMBiosBiosInformation -> Spandex/python/_m5/param_X86SMBiosBiosInformation.cc
 [SO Param] m5.objects.SMBios, X86SMBiosBiosInformation -> Spandex/params/X86SMBiosBiosInformation.hh
 [     CXX] Spandex/python/_m5/param_X86SMBiosBiosInformation.cc -> .o
 [SO Param] m5.objects.SMBios, X86SMBiosSMBiosTable -> Spandex/python/_m5/param_X86SMBiosSMBiosTable.cc
 [     CXX] Spandex/python/_m5/param_X86SMBiosSMBiosTable.cc -> .o
 [ENUM STR] m5.objects.SMBios, Characteristic -> Spandex/enums/Characteristic.cc
 [     CXX] Spandex/enums/Characteristic.cc -> .o
 [ENUM STR] m5.objects.SMBios, ExtCharacteristic -> Spandex/enums/ExtCharacteristic.cc
 [     CXX] Spandex/enums/ExtCharacteristic.cc -> .o
 [     CXX] src/arch/x86/bios/smbios.cc -> Spandex/arch/x86/bios/smbios.o
 [     CXX] Spandex/arch/x86/bios/IntelMP.py.cc -> .o
 [SO Param] m5.objects.IntelMP, X86IntelMPFloatingPointer -> Spandex/python/_m5/param_X86IntelMPFloatingPointer.cc
 [     CXX] Spandex/python/_m5/param_X86IntelMPFloatingPointer.cc -> .o
 [SO Param] m5.objects.IntelMP, X86IntelMPConfigTable -> Spandex/python/_m5/param_X86IntelMPConfigTable.cc
 [     CXX] Spandex/python/_m5/param_X86IntelMPConfigTable.cc -> .o
 [SO Param] m5.objects.IntelMP, X86IntelMPBaseConfigEntry -> Spandex/python/_m5/param_X86IntelMPBaseConfigEntry.cc
 [     CXX] Spandex/python/_m5/param_X86IntelMPBaseConfigEntry.cc -> .o
 [SO Param] m5.objects.IntelMP, X86IntelMPExtConfigEntry -> Spandex/python/_m5/param_X86IntelMPExtConfigEntry.cc
 [     CXX] Spandex/python/_m5/param_X86IntelMPExtConfigEntry.cc -> .o
 [SO Param] m5.objects.IntelMP, X86IntelMPProcessor -> Spandex/python/_m5/param_X86IntelMPProcessor.cc
 [SO Param] m5.objects.IntelMP, X86IntelMPProcessor -> Spandex/params/X86IntelMPProcessor.hh
 [     CXX] Spandex/python/_m5/param_X86IntelMPProcessor.cc -> .o
 [SO Param] m5.objects.IntelMP, X86IntelMPBus -> Spandex/python/_m5/param_X86IntelMPBus.cc
 [SO Param] m5.objects.IntelMP, X86IntelMPBus -> Spandex/params/X86IntelMPBus.hh
 [     CXX] Spandex/python/_m5/param_X86IntelMPBus.cc -> .o
 [SO Param] m5.objects.IntelMP, X86IntelMPIOAPIC -> Spandex/python/_m5/param_X86IntelMPIOAPIC.cc
 [SO Param] m5.objects.IntelMP, X86IntelMPIOAPIC -> Spandex/params/X86IntelMPIOAPIC.hh
 [     CXX] Spandex/python/_m5/param_X86IntelMPIOAPIC.cc -> .o
 [SO Param] m5.objects.IntelMP, X86IntelMPIOIntAssignment -> Spandex/python/_m5/param_X86IntelMPIOIntAssignment.cc
 [SO Param] m5.objects.IntelMP, X86IntelMPIOIntAssignment -> Spandex/params/X86IntelMPIOIntAssignment.hh
 [     CXX] Spandex/python/_m5/param_X86IntelMPIOIntAssignment.cc -> .o
 [SO Param] m5.objects.IntelMP, X86IntelMPLocalIntAssignment -> Spandex/python/_m5/param_X86IntelMPLocalIntAssignment.cc
 [SO Param] m5.objects.IntelMP, X86IntelMPLocalIntAssignment -> Spandex/params/X86IntelMPLocalIntAssignment.hh
 [     CXX] Spandex/python/_m5/param_X86IntelMPLocalIntAssignment.cc -> .o
 [SO Param] m5.objects.IntelMP, X86IntelMPAddrSpaceMapping -> Spandex/python/_m5/param_X86IntelMPAddrSpaceMapping.cc
 [SO Param] m5.objects.IntelMP, X86IntelMPAddrSpaceMapping -> Spandex/params/X86IntelMPAddrSpaceMapping.hh
 [     CXX] Spandex/python/_m5/param_X86IntelMPAddrSpaceMapping.cc -> .o
 [SO Param] m5.objects.IntelMP, X86IntelMPBusHierarchy -> Spandex/python/_m5/param_X86IntelMPBusHierarchy.cc
 [SO Param] m5.objects.IntelMP, X86IntelMPBusHierarchy -> Spandex/params/X86IntelMPBusHierarchy.hh
 [     CXX] Spandex/python/_m5/param_X86IntelMPBusHierarchy.cc -> .o
 [SO Param] m5.objects.IntelMP, X86IntelMPCompatAddrSpaceMod -> Spandex/python/_m5/param_X86IntelMPCompatAddrSpaceMod.cc
 [SO Param] m5.objects.IntelMP, X86IntelMPCompatAddrSpaceMod -> Spandex/params/X86IntelMPCompatAddrSpaceMod.hh
 [     CXX] Spandex/python/_m5/param_X86IntelMPCompatAddrSpaceMod.cc -> .o
 [ENUM STR] m5.objects.IntelMP, X86IntelMPInterruptType -> Spandex/enums/X86IntelMPInterruptType.cc
 [     CXX] Spandex/enums/X86IntelMPInterruptType.cc -> .o
 [ENUM STR] m5.objects.IntelMP, X86IntelMPPolarity -> Spandex/enums/X86IntelMPPolarity.cc
 [     CXX] Spandex/enums/X86IntelMPPolarity.cc -> .o
 [ENUM STR] m5.objects.IntelMP, X86IntelMPTriggerMode -> Spandex/enums/X86IntelMPTriggerMode.cc
 [     CXX] Spandex/enums/X86IntelMPTriggerMode.cc -> .o
 [ENUM STR] m5.objects.IntelMP, X86IntelMPAddressType -> Spandex/enums/X86IntelMPAddressType.cc
 [     CXX] Spandex/enums/X86IntelMPAddressType.cc -> .o
 [ENUM STR] m5.objects.IntelMP, X86IntelMPRangeList -> Spandex/enums/X86IntelMPRangeList.cc
 [     CXX] Spandex/enums/X86IntelMPRangeList.cc -> .o
 [     CXX] src/arch/x86/bios/intelmp.cc -> Spandex/arch/x86/bios/intelmp.o
 [     CXX] Spandex/arch/x86/bios/ACPI.py.cc -> .o
 [SO Param] m5.objects.ACPI, X86ACPISysDescTable -> Spandex/python/_m5/param_X86ACPISysDescTable.cc
 [     CXX] Spandex/python/_m5/param_X86ACPISysDescTable.cc -> .o
 [SO Param] m5.objects.ACPI, X86ACPIRSDT -> Spandex/python/_m5/param_X86ACPIRSDT.cc
 [     CXX] Spandex/python/_m5/param_X86ACPIRSDT.cc -> .o
 [SO Param] m5.objects.ACPI, X86ACPIXSDT -> Spandex/python/_m5/param_X86ACPIXSDT.cc
 [     CXX] Spandex/python/_m5/param_X86ACPIXSDT.cc -> .o
 [SO Param] m5.objects.ACPI, X86ACPIMadtRecord -> Spandex/python/_m5/param_X86ACPIMadtRecord.cc
 [     CXX] Spandex/python/_m5/param_X86ACPIMadtRecord.cc -> .o
 [SO Param] m5.objects.ACPI, X86ACPIMadt -> Spandex/python/_m5/param_X86ACPIMadt.cc
 [     CXX] Spandex/python/_m5/param_X86ACPIMadt.cc -> .o
 [SO Param] m5.objects.ACPI, X86ACPIMadtLAPIC -> Spandex/python/_m5/param_X86ACPIMadtLAPIC.cc
 [     CXX] Spandex/python/_m5/param_X86ACPIMadtLAPIC.cc -> .o
 [SO Param] m5.objects.ACPI, X86ACPIMadtIOAPIC -> Spandex/python/_m5/param_X86ACPIMadtIOAPIC.cc
 [     CXX] Spandex/python/_m5/param_X86ACPIMadtIOAPIC.cc -> .o
 [SO Param] m5.objects.ACPI, X86ACPIMadtIntSourceOverride -> Spandex/python/_m5/param_X86ACPIMadtIntSourceOverride.cc
 [     CXX] Spandex/python/_m5/param_X86ACPIMadtIntSourceOverride.cc -> .o
 [SO Param] m5.objects.ACPI, X86ACPIMadtNMI -> Spandex/python/_m5/param_X86ACPIMadtNMI.cc
 [     CXX] Spandex/python/_m5/param_X86ACPIMadtNMI.cc -> .o
 [SO Param] m5.objects.ACPI, X86ACPIMadtLAPICOverride -> Spandex/python/_m5/param_X86ACPIMadtLAPICOverride.cc
 [     CXX] Spandex/python/_m5/param_X86ACPIMadtLAPICOverride.cc -> .o
 [SO Param] m5.objects.ACPI, X86ACPIRSDP -> Spandex/python/_m5/param_X86ACPIRSDP.cc
 [     CXX] Spandex/python/_m5/param_X86ACPIRSDP.cc -> .o
 [     CXX] src/arch/x86/bios/acpi.cc -> Spandex/arch/x86/bios/acpi.o
 [     CXX] Spandex/arch/x86/kvm/X86KvmCPU.py.cc -> .o
 [SO Param] m5.objects.X86KvmCPU, X86KvmCPU -> Spandex/python/_m5/param_X86KvmCPU.cc
 [SO Param] m5.objects.X86KvmCPU, X86KvmCPU -> Spandex/params/X86KvmCPU.hh
 [     CXX] Spandex/python/_m5/param_X86KvmCPU.cc -> .o
 [     CXX] src/arch/x86/kvm/x86_cpu.cc -> Spandex/arch/x86/kvm/x86_cpu.o
 [     CXX] src/arch/x86/linux/fs_workload.cc -> Spandex/arch/x86/linux/fs_workload.o
 [ TRACING]  -> Spandex/debug/SyscallBase.hh
 [     CXX] src/arch/x86/linux/se_workload.cc -> Spandex/arch/x86/linux/se_workload.o
 [     CXX] src/arch/x86/linux/syscalls.cc -> Spandex/arch/x86/linux/syscalls.o
 [     CXX] src/arch/x86/linux/syscall_tbl32.cc -> Spandex/arch/x86/linux/syscall_tbl32.o
 [     CXX] src/arch/x86/linux/syscall_tbl64.cc -> Spandex/arch/x86/linux/syscall_tbl64.o
 [     CXX] src/arch/x86/regs/float.cc -> Spandex/arch/x86/regs/float.o
 [     CXX] src/arch/x86/regs/int.cc -> Spandex/arch/x86/regs/int.o
 [     CXX] src/arch/x86/regs/msr.cc -> Spandex/arch/x86/regs/msr.o
 [     CXX] src/arch/x86/bare_metal/workload.cc -> Spandex/arch/x86/bare_metal/workload.o
 [     CXX] src/arch/generic/htm.cc -> Spandex/arch/generic/htm.o
 [     CXX] src/arch/generic/mmu.cc -> Spandex/arch/generic/mmu.o
 [     CXX] Spandex/arch/generic/BaseInterrupts.py.cc -> .o
 [SO Param] m5.objects.BaseInterrupts, BaseInterrupts -> Spandex/python/_m5/param_BaseInterrupts.cc
 [     CXX] Spandex/python/_m5/param_BaseInterrupts.cc -> .o
 [     CXX] Spandex/arch/generic/BaseISA.py.cc -> .o
 [SO Param] m5.objects.BaseISA, BaseISA -> Spandex/python/_m5/param_BaseISA.cc
 [     CXX] Spandex/python/_m5/param_BaseISA.cc -> .o
 [     CXX] Spandex/arch/generic/BaseMMU.py.cc -> .o
 [SO Param] m5.objects.BaseMMU, BaseMMU -> Spandex/python/_m5/param_BaseMMU.cc
 [     CXX] Spandex/python/_m5/param_BaseMMU.cc -> .o
 [     CXX] Spandex/arch/generic/BaseTLB.py.cc -> .o
 [SO Param] m5.objects.BaseTLB, BaseTLB -> Spandex/python/_m5/param_BaseTLB.cc
 [     CXX] Spandex/python/_m5/param_BaseTLB.cc -> .o
 [ENUM STR] m5.objects.BaseTLB, TypeTLB -> Spandex/enums/TypeTLB.cc
 [     CXX] Spandex/enums/TypeTLB.cc -> .o
 [     CXX] Spandex/arch/generic/InstDecoder.py.cc -> .o
 [SO Param] m5.objects.InstDecoder, InstDecoder -> Spandex/python/_m5/param_InstDecoder.cc
 [     CXX] Spandex/python/_m5/param_InstDecoder.cc -> .o
 [ TRACING]  -> Spandex/debug/PageTableWalker.cc
 [     CXX] Spandex/debug/PageTableWalker.cc -> .o
 [ TRACING]  -> Spandex/debug/TLB.cc
 [     CXX] Spandex/debug/TLB.cc -> .o
 [     CXX] src/arch/generic/decoder.cc -> Spandex/arch/generic/decoder.o
 [     CXX] Spandex/arch/amdgpu/common/X86GPUTLB.py.cc -> .o
 [SO Param] m5.objects.X86GPUTLB, X86GPUTLB -> Spandex/python/_m5/param_X86GPUTLB.cc
 [     CXX] Spandex/python/_m5/param_X86GPUTLB.cc -> .o
 [SO Param] m5.objects.X86GPUTLB, TLBCoalescer -> Spandex/python/_m5/param_TLBCoalescer.cc
 [SO Param] m5.objects.X86GPUTLB, TLBCoalescer -> Spandex/params/TLBCoalescer.hh
 [     CXX] Spandex/python/_m5/param_TLBCoalescer.cc -> .o
 [     CXX] src/arch/amdgpu/common/tlb.cc -> Spandex/arch/amdgpu/common/tlb.o
 [     CXX] src/arch/amdgpu/common/tlb_coalescer.cc -> Spandex/arch/amdgpu/common/tlb_coalescer.o
 [     CXX] Spandex/arch/amdgpu/vega/VegaGPUTLB.py.cc -> .o
 [SO Param] m5.objects.VegaGPUTLB, VegaPagetableWalker -> Spandex/python/_m5/param_VegaPagetableWalker.cc
 [     CXX] Spandex/python/_m5/param_VegaPagetableWalker.cc -> .o
 [SO Param] m5.objects.VegaGPUTLB, VegaGPUTLB -> Spandex/python/_m5/param_VegaGPUTLB.cc
 [     CXX] Spandex/python/_m5/param_VegaGPUTLB.cc -> .o
 [SO Param] m5.objects.VegaGPUTLB, VegaTLBCoalescer -> Spandex/python/_m5/param_VegaTLBCoalescer.cc
 [SO Param] m5.objects.VegaGPUTLB, VegaTLBCoalescer -> Spandex/params/VegaTLBCoalescer.hh
 [     CXX] Spandex/python/_m5/param_VegaTLBCoalescer.cc -> .o
 [SO Param] m5.objects.VegaGPUTLB, VegaPWCIndexingPolicy -> Spandex/python/_m5/param_VegaPWCIndexingPolicy.cc
 [     CXX] Spandex/python/_m5/param_VegaPWCIndexingPolicy.cc -> .o
 [     CXX] src/arch/amdgpu/vega/faults.cc -> Spandex/arch/amdgpu/vega/faults.o
 [     CXX] src/arch/amdgpu/vega/pagetable.cc -> Spandex/arch/amdgpu/vega/pagetable.o
 [     CXX] src/arch/amdgpu/vega/pagetable_walker.cc -> Spandex/arch/amdgpu/vega/pagetable_walker.o
 [     CXX] src/arch/amdgpu/vega/tlb.cc -> Spandex/arch/amdgpu/vega/tlb.o
 [     CXX] src/arch/amdgpu/vega/tlb_coalescer.cc -> Spandex/arch/amdgpu/vega/tlb_coalescer.o
 [ TRACING]  -> Spandex/debug/GPUPTWalker.cc
 [     CXX] Spandex/debug/GPUPTWalker.cc -> .o
 [ TRACING]  -> Spandex/debug/VEGA.hh
 [     CXX] src/arch/amdgpu/vega/gpu_decoder.cc -> Spandex/arch/amdgpu/vega/gpu_decoder.o
 [     CXX] src/arch/amdgpu/vega/insts/gpu_static_inst.cc -> Spandex/arch/amdgpu/vega/insts/gpu_static_inst.o
 [     CXX] src/arch/amdgpu/vega/insts/op_encodings.cc -> Spandex/arch/amdgpu/vega/insts/op_encodings.o
 [     CXX] src/arch/amdgpu/vega/gpu_isa.cc -> Spandex/arch/amdgpu/vega/gpu_isa.o
 [     CXX] src/arch/amdgpu/vega/gpu_registers.cc -> Spandex/arch/amdgpu/vega/gpu_registers.o
 [     CXX] src/arch/amdgpu/vega/insts/sop2.cc -> Spandex/arch/amdgpu/vega/insts/sop2.o
 [     CXX] src/arch/amdgpu/vega/insts/sopk.cc -> Spandex/arch/amdgpu/vega/insts/sopk.o
 [     CXX] src/arch/amdgpu/vega/insts/sop1.cc -> Spandex/arch/amdgpu/vega/insts/sop1.o
 [     CXX] src/arch/amdgpu/vega/insts/sopc.cc -> Spandex/arch/amdgpu/vega/insts/sopc.o
 [     CXX] src/arch/amdgpu/vega/insts/sopp.cc -> Spandex/arch/amdgpu/vega/insts/sopp.o
 [     CXX] src/arch/amdgpu/vega/insts/smem.cc -> Spandex/arch/amdgpu/vega/insts/smem.o
 [     CXX] src/arch/amdgpu/vega/insts/vop2.cc -> Spandex/arch/amdgpu/vega/insts/vop2.o
 [     CXX] src/arch/amdgpu/vega/insts/vop1.cc -> Spandex/arch/amdgpu/vega/insts/vop1.o
 [     CXX] src/arch/amdgpu/vega/insts/vopc.cc -> Spandex/arch/amdgpu/vega/insts/vopc.o
 [     CXX] src/arch/amdgpu/vega/insts/vinterp.cc -> Spandex/arch/amdgpu/vega/insts/vinterp.o
 [     CXX] src/arch/amdgpu/vega/insts/vop3.cc -> Spandex/arch/amdgpu/vega/insts/vop3.o
 [     CXX] src/arch/amdgpu/vega/insts/vop3_cmp.cc -> Spandex/arch/amdgpu/vega/insts/vop3_cmp.o
 [     CXX] src/arch/amdgpu/vega/insts/ds.cc -> Spandex/arch/amdgpu/vega/insts/ds.o
 [     CXX] src/arch/amdgpu/vega/insts/mubuf.cc -> Spandex/arch/amdgpu/vega/insts/mubuf.o
 [     CXX] src/arch/amdgpu/vega/insts/mtbuf.cc -> Spandex/arch/amdgpu/vega/insts/mtbuf.o
 [     CXX] src/arch/amdgpu/vega/insts/mimg.cc -> Spandex/arch/amdgpu/vega/insts/mimg.o
 [     CXX] src/arch/amdgpu/vega/insts/exp.cc -> Spandex/arch/amdgpu/vega/insts/exp.o
 [     CXX] src/arch/amdgpu/vega/insts/flat.cc -> Spandex/arch/amdgpu/vega/insts/flat.o
 [     CXX] src/arch/amdgpu/vega/insts/vop3p.cc -> Spandex/arch/amdgpu/vega/insts/vop3p.o
 [     CXX] src/arch/amdgpu/vega/insts/vop3p_mai.cc -> Spandex/arch/amdgpu/vega/insts/vop3p_mai.o
 [ TRACING]  -> Spandex/debug/VEGA.cc
 [     CXX] Spandex/debug/VEGA.cc -> .o
 [     CXX] Spandex/base/Graphics.py.cc -> .o
 [ENUM STR] m5.objects.Graphics, ImageFormat -> Spandex/enums/ImageFormat.cc
 [ENUMDECL] m5.objects.Graphics, ImageFormat -> Spandex/enums/ImageFormat.hh
 [     CXX] Spandex/enums/ImageFormat.cc -> .o
 [     CXX] src/base/atomicio.cc -> Spandex/base/atomicio.o
 [     CXX] src/base/bitfield.cc -> Spandex/base/bitfield.o
 [CONFIG H] HAVE_PNG, 1 -> Spandex/config/have_png.hh
 [     CXX] src/base/imgwriter.cc -> Spandex/base/imgwriter.o
 [     CXX] src/base/bmpwriter.cc -> Spandex/base/bmpwriter.o
 [     CXX] src/base/channel_addr.cc -> Spandex/base/channel_addr.o
 [     CXX] src/base/cprintf.cc -> Spandex/base/cprintf.o
 [     CXX] src/base/debug.cc -> Spandex/base/debug.o
 [CONFIG H] HAVE_FENV, 1 -> Spandex/config/have_fenv.hh
 [     CXX] src/base/fenv.cc -> Spandex/base/fenv.o
 [     CXX] src/base/pngwriter.cc -> Spandex/base/pngwriter.o
 [     CXX] src/base/fiber.cc -> Spandex/base/fiber.o
 [     CXX] src/base/framebuffer.cc -> Spandex/base/framebuffer.o
 [     CXX] src/base/hostinfo.cc -> Spandex/base/hostinfo.o
 [     CXX] src/base/inet.cc -> Spandex/base/inet.o
 [     CXX] src/base/inifile.cc -> Spandex/base/inifile.o
 [     CXX] src/base/logging.cc -> Spandex/base/logging.o
 [     CXX] src/base/match.cc -> Spandex/base/match.o
 [     CXX] src/base/output.cc -> Spandex/base/output.o
 [     CXX] src/base/pixel.cc -> Spandex/base/pixel.o
 [     CXX] src/base/pollevent.cc -> Spandex/base/pollevent.o
 [     CXX] src/base/random.cc -> Spandex/base/random.o
 [ TRACING]  -> Spandex/debug/GDBAll.hh
 [ TRACING]  -> Spandex/debug/GDBExtra.hh
 [ TRACING]  -> Spandex/debug/GDBRead.hh
 [ TRACING]  -> Spandex/debug/GDBRecv.hh
 [ TRACING]  -> Spandex/debug/GDBSend.hh
 [ TRACING]  -> Spandex/debug/GDBWrite.hh
 [     CXX] src/base/remote_gdb.cc -> Spandex/base/remote_gdb.o
 [     CXX] src/base/socket.cc -> Spandex/base/socket.o
 [     CXX] src/base/statistics.cc -> Spandex/base/statistics.o
 [     CXX] src/base/str.cc -> Spandex/base/str.o
 [CONFIG H] USE_POSIX_CLOCK, 0 -> Spandex/config/use_posix_clock.hh
 [     CXX] src/base/time.cc -> Spandex/base/time.o
 [     CXX] src/base/version.cc -> Spandex/base/version.o
 [     CXX] src/base/temperature.cc -> Spandex/base/temperature.o
 [ TRACING]  -> Spandex/debug/FmtFlag.hh
 [ TRACING]  -> Spandex/debug/FmtStackTrace.hh
 [     CXX] src/base/trace.cc -> Spandex/base/trace.o
 [     CXX] src/base/types.cc -> Spandex/base/types.o
 [ TRACING]  -> Spandex/debug/Annotate.cc
 [ TRACING]  -> Spandex/debug/Annotate.hh
 [     CXX] Spandex/debug/Annotate.cc -> .o
 [ TRACING]  -> Spandex/debug/AnnotateQ.cc
 [ TRACING]  -> Spandex/debug/AnnotateVerbose.cc
 [ TRACING]  -> Spandex/debug/AnnotateQ.hh
 [ TRACING]  -> Spandex/debug/AnnotateVerbose.hh
 [     CXX] Spandex/debug/AnnotateQ.cc -> .o
 [     CXX] Spandex/debug/AnnotateVerbose.cc -> .o
 [ TRACING]  -> Spandex/debug/GDBAcc.cc
 [ TRACING]  -> Spandex/debug/GDBExtra.cc
 [     CXX] Spandex/debug/GDBAcc.cc -> .o
 [     CXX] Spandex/debug/GDBExtra.cc -> .o
 [ TRACING]  -> Spandex/debug/GDBMisc.cc
 [ TRACING]  -> Spandex/debug/GDBRead.cc
 [     CXX] Spandex/debug/GDBMisc.cc -> .o
 [     CXX] Spandex/debug/GDBRead.cc -> .o
 [ TRACING]  -> Spandex/debug/GDBRecv.cc
 [ TRACING]  -> Spandex/debug/GDBSend.cc
 [     CXX] Spandex/debug/GDBRecv.cc -> .o
 [     CXX] Spandex/debug/GDBSend.cc -> .o
 [ TRACING]  -> Spandex/debug/GDBWrite.cc
 [ TRACING]  -> Spandex/debug/SQL.cc
 [     CXX] Spandex/debug/GDBWrite.cc -> .o
 [ TRACING]  -> Spandex/debug/SQL.hh
 [     CXX] Spandex/debug/SQL.cc -> .o
 [ TRACING]  -> Spandex/debug/Stats.cc
 [ TRACING]  -> Spandex/debug/Stats.hh
 [ TRACING]  -> Spandex/debug/StatEvents.cc
 [     CXX] Spandex/debug/Stats.cc -> .o
 [ TRACING]  -> Spandex/debug/StatEvents.hh
 [     CXX] Spandex/debug/StatEvents.cc -> .o
 [ TRACING]  -> Spandex/debug/GDBAll.cc
 [     CXX] Spandex/debug/GDBAll.cc -> .o
 [ TRACING]  -> Spandex/debug/AnnotateAll.cc
 [ TRACING]  -> Spandex/debug/AnnotateAll.hh
 [     CXX] Spandex/debug/AnnotateAll.cc -> .o
 [ TRACING]  -> Spandex/debug/FmtFlag.cc
 [     CXX] Spandex/debug/FmtFlag.cc -> .o
 [ TRACING]  -> Spandex/debug/FmtStackTrace.cc
 [     CXX] Spandex/debug/FmtStackTrace.cc -> .o
 [ TRACING]  -> Spandex/debug/FmtTicksOff.cc
 [     CXX] Spandex/debug/FmtTicksOff.cc -> .o
 [     CXX] src/base/stats/group.cc -> Spandex/base/stats/group.o
 [     CXX] src/base/stats/info.cc -> Spandex/base/stats/info.o
 [     CXX] src/base/stats/storage.cc -> Spandex/base/stats/storage.o
 [     CXX] src/base/stats/text.cc -> Spandex/base/stats/text.o
 [     CXX] src/base/stats/hdf5.cc -> Spandex/base/stats/hdf5.o
 [     CXX] Spandex/base/filters/BloomFilters.py.cc -> .o
 [SO Param] m5.objects.BloomFilters, BloomFilterBase -> Spandex/python/_m5/param_BloomFilterBase.cc
 [SO Param] m5.objects.BloomFilters, BloomFilterBase -> Spandex/params/BloomFilterBase.hh
 [     CXX] Spandex/python/_m5/param_BloomFilterBase.cc -> .o
 [SO Param] m5.objects.BloomFilters, BloomFilterBlock -> Spandex/python/_m5/param_BloomFilterBlock.cc
 [SO Param] m5.objects.BloomFilters, BloomFilterBlock -> Spandex/params/BloomFilterBlock.hh
 [     CXX] Spandex/python/_m5/param_BloomFilterBlock.cc -> .o
 [SO Param] m5.objects.BloomFilters, BloomFilterMultiBitSel -> Spandex/python/_m5/param_BloomFilterMultiBitSel.cc
 [SO Param] m5.objects.BloomFilters, BloomFilterMultiBitSel -> Spandex/params/BloomFilterMultiBitSel.hh
 [     CXX] Spandex/python/_m5/param_BloomFilterMultiBitSel.cc -> .o
 [SO Param] m5.objects.BloomFilters, BloomFilterBulk -> Spandex/python/_m5/param_BloomFilterBulk.cc
 [SO Param] m5.objects.BloomFilters, BloomFilterBulk -> Spandex/params/BloomFilterBulk.hh
 [     CXX] Spandex/python/_m5/param_BloomFilterBulk.cc -> .o
 [SO Param] m5.objects.BloomFilters, BloomFilterH3 -> Spandex/python/_m5/param_BloomFilterH3.cc
 [SO Param] m5.objects.BloomFilters, BloomFilterH3 -> Spandex/params/BloomFilterH3.hh
 [     CXX] Spandex/python/_m5/param_BloomFilterH3.cc -> .o
 [SO Param] m5.objects.BloomFilters, BloomFilterMulti -> Spandex/python/_m5/param_BloomFilterMulti.cc
 [SO Param] m5.objects.BloomFilters, BloomFilterMulti -> Spandex/params/BloomFilterMulti.hh
 [     CXX] Spandex/python/_m5/param_BloomFilterMulti.cc -> .o
 [SO Param] m5.objects.BloomFilters, BloomFilterPerfect -> Spandex/python/_m5/param_BloomFilterPerfect.cc
 [SO Param] m5.objects.BloomFilters, BloomFilterPerfect -> Spandex/params/BloomFilterPerfect.hh
 [     CXX] Spandex/python/_m5/param_BloomFilterPerfect.cc -> .o
 [     CXX] src/base/filters/block_bloom_filter.cc -> Spandex/base/filters/block_bloom_filter.o
 [     CXX] src/base/filters/bulk_bloom_filter.cc -> Spandex/base/filters/bulk_bloom_filter.o
 [     CXX] src/base/filters/h3_bloom_filter.cc -> Spandex/base/filters/h3_bloom_filter.o
 [     CXX] src/base/filters/multi_bit_sel_bloom_filter.cc -> Spandex/base/filters/multi_bit_sel_bloom_filter.o
 [     CXX] src/base/filters/multi_bloom_filter.cc -> Spandex/base/filters/multi_bloom_filter.o
 [     CXX] src/base/filters/perfect_bloom_filter.cc -> Spandex/base/filters/perfect_bloom_filter.o
 [     CXX] Spandex/base/vnc/Vnc.py.cc -> .o
 [SO Param] m5.objects.Vnc, VncInput -> Spandex/python/_m5/param_VncInput.cc
 [SO Param] m5.objects.Vnc, VncInput -> Spandex/params/VncInput.hh
 [     CXX] Spandex/python/_m5/param_VncInput.cc -> .o
 [SO Param] m5.objects.Vnc, VncServer -> Spandex/python/_m5/param_VncServer.cc
 [SO Param] m5.objects.Vnc, VncServer -> Spandex/params/VncServer.hh
 [     CXX] Spandex/python/_m5/param_VncServer.cc -> .o
 [ TRACING]  -> Spandex/debug/VNC.hh
 [     CXX] src/base/vnc/vncinput.cc -> Spandex/base/vnc/vncinput.o
 [     CXX] src/base/vnc/vncserver.cc -> Spandex/base/vnc/vncserver.o
 [ TRACING]  -> Spandex/debug/VNC.cc
 [     CXX] Spandex/debug/VNC.cc -> .o
 [     CXX] src/base/loader/dtb_file.cc -> Spandex/base/loader/dtb_file.o
 [ TRACING]  -> Spandex/debug/Loader.hh
 [     CXX] src/base/loader/elf_object.cc -> Spandex/base/loader/elf_object.o
 [     CXX] src/base/loader/image_file_data.cc -> Spandex/base/loader/image_file_data.o
 [     CXX] src/base/loader/memory_image.cc -> Spandex/base/loader/memory_image.o
 [     CXX] src/base/loader/object_file.cc -> Spandex/base/loader/object_file.o
 [     CXX] src/base/loader/symtab.cc -> Spandex/base/loader/symtab.o
 [     CXX] Spandex/sst/OutgoingRequestBridge.py.cc -> .o
 [SO Param] m5.objects.OutgoingRequestBridge, OutgoingRequestBridge -> Spandex/python/_m5/param_OutgoingRequestBridge.cc
 [SO Param] m5.objects.OutgoingRequestBridge, OutgoingRequestBridge -> Spandex/params/OutgoingRequestBridge.hh
 [     CXX] Spandex/python/_m5/param_OutgoingRequestBridge.cc -> .o
 [     CXX] src/sst/outgoing_request_bridge.cc -> Spandex/sst/outgoing_request_bridge.o
 [     CXX] src/sst/sst_responder_interface.cc -> Spandex/sst/sst_responder_interface.o
 [     CXX] Spandex/mem/CommMonitor.py.cc -> .o
 [SO Param] m5.objects.CommMonitor, CommMonitor -> Spandex/python/_m5/param_CommMonitor.cc
 [SO Param] m5.objects.CommMonitor, CommMonitor -> Spandex/params/CommMonitor.hh
 [     CXX] Spandex/python/_m5/param_CommMonitor.cc -> .o
 [ TRACING]  -> Spandex/debug/CommMonitor.hh
 [     CXX] src/mem/comm_monitor.cc -> Spandex/mem/comm_monitor.o
 [     CXX] Spandex/mem/AbstractMemory.py.cc -> .o
 [SO Param] m5.objects.AbstractMemory, AbstractMemory -> Spandex/python/_m5/param_AbstractMemory.cc
 [     CXX] Spandex/python/_m5/param_AbstractMemory.cc -> .o
 [     CXX] Spandex/mem/AddrMapper.py.cc -> .o
 [SO Param] m5.objects.AddrMapper, AddrMapper -> Spandex/python/_m5/param_AddrMapper.cc
 [SO Param] m5.objects.AddrMapper, AddrMapper -> Spandex/params/AddrMapper.hh
 [SO Param] m5.objects.AddrMapper, RangeAddrMapper -> Spandex/params/RangeAddrMapper.hh
 [     CXX] Spandex/python/_m5/param_AddrMapper.cc -> .o
 [SO Param] m5.objects.AddrMapper, RangeAddrMapper -> Spandex/python/_m5/param_RangeAddrMapper.cc
 [     CXX] Spandex/python/_m5/param_RangeAddrMapper.cc -> .o
 [     CXX] Spandex/mem/Bridge.py.cc -> .o
 [SO Param] m5.objects.Bridge, BridgeBase -> Spandex/python/_m5/param_BridgeBase.cc
 [     CXX] Spandex/python/_m5/param_BridgeBase.cc -> .o
 [SO Param] m5.objects.Bridge, Bridge -> Spandex/python/_m5/param_Bridge.cc
 [     CXX] Spandex/python/_m5/param_Bridge.cc -> .o
 [     CXX] Spandex/mem/SysBridge.py.cc -> .o
 [SO Param] m5.objects.SysBridge, SysBridge -> Spandex/python/_m5/param_SysBridge.cc
 [SO Param] m5.objects.SysBridge, SysBridge -> Spandex/params/SysBridge.hh
 [ TRACING]  -> Spandex/debug/SysBridge.hh
 [     CXX] Spandex/python/_m5/param_SysBridge.cc -> .o
 [ TRACING]  -> Spandex/debug/SysBridge.cc
 [     CXX] Spandex/debug/SysBridge.cc -> .o
 [     CXX] Spandex/mem/MemCtrl.py.cc -> .o
 [SO Param] m5.objects.MemCtrl, MemCtrl -> Spandex/python/_m5/param_MemCtrl.cc
 [ENUMDECL] m5.objects.MemCtrl, MemSched -> Spandex/enums/MemSched.hh
 [SO Param] m5.objects.MemCtrl, MemCtrl -> Spandex/params/MemCtrl.hh
 [ENUMDECL] m5.objects.DRAMInterface, PageManage -> Spandex/enums/PageManage.hh
 [SO Param] m5.objects.MemInterface, MemInterface -> Spandex/params/MemInterface.hh
 [ TRACING]  -> Spandex/debug/QOS.hh
 [SO Param] m5.objects.QoSMemCtrl, QoSMemCtrl -> Spandex/params/QoSMemCtrl.hh
 [ENUMDECL] m5.objects.QoSMemCtrl, QoSQPolicy -> Spandex/enums/QoSQPolicy.hh
 [SO Param] m5.objects.QoSPolicy, QoSPolicy -> Spandex/params/QoSPolicy.hh
 [SO Param] m5.objects.QoSTurnaround, QoSTurnaroundPolicy -> Spandex/params/QoSTurnaroundPolicy.hh
 [ENUM STR] m5.objects.MemCtrl, MemSched -> Spandex/enums/MemSched.cc
 [     CXX] Spandex/python/_m5/param_MemCtrl.cc -> .o
 [     CXX] Spandex/enums/MemSched.cc -> .o
 [     CXX] Spandex/mem/HeteroMemCtrl.py.cc -> .o
 [SO Param] m5.objects.HeteroMemCtrl, HeteroMemCtrl -> Spandex/python/_m5/param_HeteroMemCtrl.cc
 [SO Param] m5.objects.HeteroMemCtrl, HeteroMemCtrl -> Spandex/params/HeteroMemCtrl.hh
 [SO Param] m5.objects.NVMInterface, NVMInterface -> Spandex/params/NVMInterface.hh
 [     CXX] Spandex/python/_m5/param_HeteroMemCtrl.cc -> .o
 [     CXX] Spandex/mem/HBMCtrl.py.cc -> .o
 [SO Param] m5.objects.HBMCtrl, HBMCtrl -> Spandex/python/_m5/param_HBMCtrl.cc
 [SO Param] m5.objects.HBMCtrl, HBMCtrl -> Spandex/params/HBMCtrl.hh
 [SO Param] m5.objects.DRAMInterface, DRAMInterface -> Spandex/params/DRAMInterface.hh
 [     CXX] Spandex/python/_m5/param_HBMCtrl.cc -> .o
 [     CXX] Spandex/mem/MemInterface.py.cc -> .o
 [SO Param] m5.objects.MemInterface, MemInterface -> Spandex/python/_m5/param_MemInterface.cc
 [     CXX] Spandex/python/_m5/param_MemInterface.cc -> .o
 [ENUM STR] m5.objects.MemInterface, AddrMap -> Spandex/enums/AddrMap.cc
 [     CXX] Spandex/enums/AddrMap.cc -> .o
 [     CXX] Spandex/mem/DRAMInterface.py.cc -> .o
 [SO Param] m5.objects.DRAMInterface, DRAMInterface -> Spandex/python/_m5/param_DRAMInterface.cc
 [     CXX] Spandex/python/_m5/param_DRAMInterface.cc -> .o
 [ENUM STR] m5.objects.DRAMInterface, PageManage -> Spandex/enums/PageManage.cc
 [     CXX] Spandex/enums/PageManage.cc -> .o
 [     CXX] Spandex/mem/NVMInterface.py.cc -> .o
 [SO Param] m5.objects.NVMInterface, NVMInterface -> Spandex/python/_m5/param_NVMInterface.cc
 [     CXX] Spandex/python/_m5/param_NVMInterface.cc -> .o
 [     CXX] Spandex/mem/ExternalMaster.py.cc -> .o
 [SO Param] m5.objects.ExternalMaster, ExternalMaster -> Spandex/python/_m5/param_ExternalMaster.cc
 [     CXX] Spandex/mem/ExternalSlave.py.cc -> .o
 [SO Param] m5.objects.ExternalMaster, ExternalMaster -> Spandex/params/ExternalMaster.hh
 [     CXX] Spandex/python/_m5/param_ExternalMaster.cc -> .o
 [SO Param] m5.objects.ExternalSlave, ExternalSlave -> Spandex/python/_m5/param_ExternalSlave.cc
 [SO Param] m5.objects.ExternalSlave, ExternalSlave -> Spandex/params/ExternalSlave.hh
 [     CXX] Spandex/python/_m5/param_ExternalSlave.cc -> .o
 [     CXX] Spandex/mem/CfiMemory.py.cc -> .o
 [SO Param] m5.objects.CfiMemory, CfiMemory -> Spandex/python/_m5/param_CfiMemory.cc
 [SO Param] m5.objects.CfiMemory, CfiMemory -> Spandex/params/CfiMemory.hh
 [     CXX] Spandex/python/_m5/param_CfiMemory.cc -> .o
 [     CXX] Spandex/mem/SharedMemoryServer.py.cc -> .o
 [SO Param] m5.objects.SharedMemoryServer, SharedMemoryServer -> Spandex/python/_m5/param_SharedMemoryServer.cc
 [SO Param] m5.objects.SharedMemoryServer, SharedMemoryServer -> Spandex/params/SharedMemoryServer.hh
 [     CXX] Spandex/python/_m5/param_SharedMemoryServer.cc -> .o
 [     CXX] Spandex/mem/SimpleMemory.py.cc -> .o
 [SO Param] m5.objects.SimpleMemory, SimpleMemory -> Spandex/python/_m5/param_SimpleMemory.cc
 [     CXX] Spandex/python/_m5/param_SimpleMemory.cc -> .o
 [     CXX] Spandex/mem/XBar.py.cc -> .o
 [SO Param] m5.objects.XBar, BaseXBar -> Spandex/python/_m5/param_BaseXBar.cc
 [SO Param] m5.objects.XBar, BaseXBar -> Spandex/params/BaseXBar.hh
 [     CXX] Spandex/python/_m5/param_BaseXBar.cc -> .o
 [SO Param] m5.objects.XBar, NoncoherentXBar -> Spandex/python/_m5/param_NoncoherentXBar.cc
 [SO Param] m5.objects.XBar, NoncoherentXBar -> Spandex/params/NoncoherentXBar.hh
 [     CXX] Spandex/python/_m5/param_NoncoherentXBar.cc -> .o
 [SO Param] m5.objects.XBar, CoherentXBar -> Spandex/python/_m5/param_CoherentXBar.cc
 [SO Param] m5.objects.XBar, CoherentXBar -> Spandex/params/CoherentXBar.hh
 [SO Param] m5.objects.XBar, SnoopFilter -> Spandex/params/SnoopFilter.hh
 [     CXX] Spandex/python/_m5/param_CoherentXBar.cc -> .o
 [SO Param] m5.objects.XBar, SnoopFilter -> Spandex/python/_m5/param_SnoopFilter.cc
 [     CXX] Spandex/python/_m5/param_SnoopFilter.cc -> .o
 [     CXX] Spandex/mem/HMCController.py.cc -> .o
 [SO Param] m5.objects.HMCController, HMCController -> Spandex/python/_m5/param_HMCController.cc
 [SO Param] m5.objects.HMCController, HMCController -> Spandex/params/HMCController.hh
 [     CXX] Spandex/python/_m5/param_HMCController.cc -> .o
 [     CXX] Spandex/mem/SerialLink.py.cc -> .o
 [SO Param] m5.objects.SerialLink, SerialLink -> Spandex/python/_m5/param_SerialLink.cc
 [SO Param] m5.objects.SerialLink, SerialLink -> Spandex/params/SerialLink.hh
 [     CXX] Spandex/python/_m5/param_SerialLink.cc -> .o
 [     CXX] Spandex/mem/MemDelay.py.cc -> .o
 [SO Param] m5.objects.MemDelay, MemDelay -> Spandex/python/_m5/param_MemDelay.cc
 [SO Param] m5.objects.MemDelay, MemDelay -> Spandex/params/MemDelay.hh
 [     CXX] Spandex/python/_m5/param_MemDelay.cc -> .o
 [SO Param] m5.objects.MemDelay, SimpleMemDelay -> Spandex/python/_m5/param_SimpleMemDelay.cc
 [SO Param] m5.objects.MemDelay, SimpleMemDelay -> Spandex/params/SimpleMemDelay.hh
 [     CXX] Spandex/python/_m5/param_SimpleMemDelay.cc -> .o
 [     CXX] Spandex/mem/PortTerminator.py.cc -> .o
 [SO Param] m5.objects.PortTerminator, PortTerminator -> Spandex/python/_m5/param_PortTerminator.cc
 [SO Param] m5.objects.PortTerminator, PortTerminator -> Spandex/params/PortTerminator.hh
 [     CXX] Spandex/python/_m5/param_PortTerminator.cc -> .o
 [     CXX] Spandex/mem/ThreadBridge.py.cc -> .o
 [SO Param] m5.objects.ThreadBridge, ThreadBridge -> Spandex/python/_m5/param_ThreadBridge.cc
 [SO Param] m5.objects.ThreadBridge, ThreadBridge -> Spandex/params/ThreadBridge.hh
 [     CXX] Spandex/python/_m5/param_ThreadBridge.cc -> .o
 [ TRACING]  -> Spandex/debug/LLSC.hh
 [ TRACING]  -> Spandex/debug/MemoryAccess.hh
 [     CXX] src/mem/abstract_mem.cc -> Spandex/mem/abstract_mem.o
 [     CXX] src/mem/addr_mapper.cc -> Spandex/mem/addr_mapper.o
 [     CXX] src/mem/backdoor_manager.cc -> Spandex/mem/backdoor_manager.o
 [ TRACING]  -> Spandex/debug/Bridge.hh
 [     CXX] src/mem/bridge.cc -> Spandex/mem/bridge.o
 [ TRACING]  -> Spandex/debug/AddrRanges.hh
 [ TRACING]  -> Spandex/debug/CoherentXBar.hh
 [     CXX] src/mem/coherent_xbar.cc -> Spandex/mem/coherent_xbar.o
 [ TRACING]  -> Spandex/debug/CFI.hh
 [     CXX] src/mem/cfi_mem.cc -> Spandex/mem/cfi_mem.o
 [     CXX] src/mem/drampower.cc -> Spandex/mem/drampower.o
 [ TRACING]  -> Spandex/debug/ExternalPort.hh
 [     CXX] src/mem/external_master.cc -> Spandex/mem/external_master.o
 [     CXX] src/mem/external_slave.cc -> Spandex/mem/external_slave.o
 [ TRACING]  -> Spandex/debug/DRAM.hh
 [ TRACING]  -> Spandex/debug/MemCtrl.hh
 [ TRACING]  -> Spandex/debug/NVM.hh
 [     CXX] src/mem/hbm_ctrl.cc -> Spandex/mem/hbm_ctrl.o
 [     CXX] src/mem/hetero_mem_ctrl.cc -> Spandex/mem/hetero_mem_ctrl.o
 [     CXX] src/mem/mem_ctrl.cc -> Spandex/mem/mem_ctrl.o
 [     CXX] src/mem/mem_interface.cc -> Spandex/mem/mem_interface.o
 [ TRACING]  -> Spandex/debug/DRAMPower.hh
 [ TRACING]  -> Spandex/debug/DRAMState.hh
 [     CXX] src/mem/dram_interface.cc -> Spandex/mem/dram_interface.o
 [     CXX] src/mem/nvm_interface.cc -> Spandex/mem/nvm_interface.o
 [ TRACING]  -> Spandex/debug/NoncoherentXBar.hh
 [ TRACING]  -> Spandex/debug/XBar.hh
 [ TRACING]  -> Spandex/debug/BaseXBar.hh
 [ TRACING]  -> Spandex/debug/SnoopFilter.hh
 [     CXX] src/mem/noncoherent_xbar.cc -> Spandex/mem/noncoherent_xbar.o
 [     CXX] src/mem/packet.cc -> Spandex/mem/packet.o
 [ TRACING]  -> Spandex/debug/PortTrace.hh
 [ TRACING]  -> Spandex/debug/ResponsePort.hh
 [     CXX] src/mem/port.cc -> Spandex/mem/port.o
 [ TRACING]  -> Spandex/debug/PacketQueue.hh
 [     CXX] src/mem/packet_queue.cc -> Spandex/mem/packet_queue.o
 [     CXX] src/mem/port_proxy.cc -> Spandex/mem/port_proxy.o
 [     CXX] src/mem/port_wrapper.cc -> Spandex/mem/port_wrapper.o
 [     CXX] src/mem/physical.cc -> Spandex/mem/physical.o
 [     CXX] src/mem/shared_memory_server.cc -> Spandex/mem/shared_memory_server.o
 [     CXX] src/mem/simple_mem.cc -> Spandex/mem/simple_mem.o
 [     CXX] src/mem/snoop_filter.cc -> Spandex/mem/snoop_filter.o
 [ TRACING]  -> Spandex/debug/StackDist.hh
 [     CXX] src/mem/stack_dist_calc.cc -> Spandex/mem/stack_dist_calc.o
 [     CXX] src/mem/sys_bridge.cc -> Spandex/mem/sys_bridge.o
 [     CXX] src/mem/thread_bridge.cc -> Spandex/mem/thread_bridge.o
 [ TRACING]  -> Spandex/debug/TokenPort.hh
 [     CXX] src/mem/token_port.cc -> Spandex/mem/token_port.o
 [     CXX] src/mem/tport.cc -> Spandex/mem/tport.o
 [     CXX] src/mem/xbar.cc -> Spandex/mem/xbar.o
 [ TRACING]  -> Spandex/debug/HMCController.hh
 [     CXX] src/mem/hmc_controller.cc -> Spandex/mem/hmc_controller.o
 [     CXX] src/mem/htm.cc -> Spandex/mem/htm.o
 [ TRACING]  -> Spandex/debug/SerialLink.hh
 [     CXX] src/mem/serial_link.cc -> Spandex/mem/serial_link.o
 [     CXX] src/mem/mem_delay.cc -> Spandex/mem/mem_delay.o
 [     CXX] src/mem/port_terminator.cc -> Spandex/mem/port_terminator.o
 [     CXX] src/mem/translating_port_proxy.cc -> Spandex/mem/translating_port_proxy.o
 [     CXX] src/mem/se_translating_port_proxy.cc -> Spandex/mem/se_translating_port_proxy.o
 [     CXX] src/mem/page_table.cc -> Spandex/mem/page_table.o
 [     CXX] Spandex/mem/MemChecker.py.cc -> .o
 [SO Param] m5.objects.MemChecker, MemChecker -> Spandex/python/_m5/param_MemChecker.cc
 [SO Param] m5.objects.MemChecker, MemChecker -> Spandex/params/MemChecker.hh
 [ TRACING]  -> Spandex/debug/MemChecker.hh
 [     CXX] Spandex/python/_m5/param_MemChecker.cc -> .o
 [SO Param] m5.objects.MemChecker, MemCheckerMonitor -> Spandex/python/_m5/param_MemCheckerMonitor.cc
 [SO Param] m5.objects.MemChecker, MemCheckerMonitor -> Spandex/params/MemCheckerMonitor.hh
 [     CXX] Spandex/python/_m5/param_MemCheckerMonitor.cc -> .o
 [     CXX] src/mem/mem_checker.cc -> Spandex/mem/mem_checker.o
 [ TRACING]  -> Spandex/debug/MemCheckerMonitor.hh
 [     CXX] src/mem/mem_checker_monitor.cc -> Spandex/mem/mem_checker_monitor.o
 [ TRACING]  -> Spandex/debug/AddrRanges.cc
 [     CXX] Spandex/debug/AddrRanges.cc -> .o
 [ TRACING]  -> Spandex/debug/BaseXBar.cc
 [     CXX] Spandex/debug/BaseXBar.cc -> .o
 [ TRACING]  -> Spandex/debug/CoherentXBar.cc
 [     CXX] Spandex/debug/CoherentXBar.cc -> .o
 [ TRACING]  -> Spandex/debug/CFI.cc
 [     CXX] Spandex/debug/CFI.cc -> .o
 [ TRACING]  -> Spandex/debug/NoncoherentXBar.cc
 [ TRACING]  -> Spandex/debug/SnoopFilter.cc
 [     CXX] Spandex/debug/NoncoherentXBar.cc -> .o
 [     CXX] Spandex/debug/SnoopFilter.cc -> .o
 [ TRACING]  -> Spandex/debug/XBar.cc
 [ TRACING]  -> Spandex/debug/Bridge.cc
 [     CXX] Spandex/debug/XBar.cc -> .o
 [     CXX] Spandex/debug/Bridge.cc -> .o
 [ TRACING]  -> Spandex/debug/CommMonitor.cc
 [ TRACING]  -> Spandex/debug/DRAM.cc
 [     CXX] Spandex/debug/CommMonitor.cc -> .o
 [     CXX] Spandex/debug/DRAM.cc -> .o
 [ TRACING]  -> Spandex/debug/DRAMPower.cc
 [ TRACING]  -> Spandex/debug/DRAMState.cc
 [     CXX] Spandex/debug/DRAMPower.cc -> .o
 [     CXX] Spandex/debug/DRAMState.cc -> .o
 [ TRACING]  -> Spandex/debug/NVM.cc
 [ TRACING]  -> Spandex/debug/ExternalPort.cc
 [     CXX] Spandex/debug/NVM.cc -> .o
 [     CXX] Spandex/debug/ExternalPort.cc -> .o
 [ TRACING]  -> Spandex/debug/HtmMem.cc
 [ TRACING]  -> Spandex/debug/LLSC.cc
 [ TRACING]  -> Spandex/debug/HtmMem.hh
 [     CXX] Spandex/debug/LLSC.cc -> .o
 [     CXX] Spandex/debug/HtmMem.cc -> .o
 [ TRACING]  -> Spandex/debug/MemCtrl.cc
 [ TRACING]  -> Spandex/debug/MMU.cc
 [     CXX] Spandex/debug/MemCtrl.cc -> .o
 [     CXX] Spandex/debug/MMU.cc -> .o
 [ TRACING]  -> Spandex/debug/MemoryAccess.cc
 [ TRACING]  -> Spandex/debug/PacketQueue.cc
 [     CXX] Spandex/debug/MemoryAccess.cc -> .o
 [     CXX] Spandex/debug/PacketQueue.cc -> .o
 [ TRACING]  -> Spandex/debug/PortTrace.cc
 [ TRACING]  -> Spandex/debug/ResponsePort.cc
 [     CXX] Spandex/debug/PortTrace.cc -> .o
 [     CXX] Spandex/debug/ResponsePort.cc -> .o
 [ TRACING]  -> Spandex/debug/StackDist.cc
 [ TRACING]  -> Spandex/debug/DRAMSim2.cc
 [     CXX] Spandex/debug/StackDist.cc -> .o
 [ TRACING]  -> Spandex/debug/DRAMSim2.hh
 [     CXX] Spandex/debug/DRAMSim2.cc -> .o
 [ TRACING]  -> Spandex/debug/DRAMsim3.cc
 [ TRACING]  -> Spandex/debug/DRAMsim3.hh
 [ TRACING]  -> Spandex/debug/HMCController.cc
 [     CXX] Spandex/debug/DRAMsim3.cc -> .o
 [     CXX] Spandex/debug/HMCController.cc -> .o
 [ TRACING]  -> Spandex/debug/SerialLink.cc
 [ TRACING]  -> Spandex/debug/TokenPort.cc
 [     CXX] Spandex/debug/SerialLink.cc -> .o
 [     CXX] Spandex/debug/TokenPort.cc -> .o
 [ TRACING]  -> Spandex/debug/MemChecker.cc
 [ TRACING]  -> Spandex/debug/MemCheckerMonitor.cc
 [     CXX] Spandex/debug/MemChecker.cc -> .o
 [     CXX] Spandex/debug/MemCheckerMonitor.cc -> .o
 [ TRACING]  -> Spandex/debug/QOS.cc
 [     CXX] Spandex/mem/qos/QoSMemCtrl.py.cc -> .o
 [     CXX] Spandex/debug/QOS.cc -> .o
 [SO Param] m5.objects.QoSMemCtrl, QoSMemCtrl -> Spandex/python/_m5/param_QoSMemCtrl.cc
 [     CXX] Spandex/python/_m5/param_QoSMemCtrl.cc -> .o
 [ENUM STR] m5.objects.QoSMemCtrl, QoSQPolicy -> Spandex/enums/QoSQPolicy.cc
 [     CXX] Spandex/enums/QoSQPolicy.cc -> .o
 [     CXX] Spandex/mem/qos/QoSMemSinkCtrl.py.cc -> .o
 [SO Param] m5.objects.QoSMemSinkCtrl, QoSMemSinkCtrl -> Spandex/python/_m5/param_QoSMemSinkCtrl.cc
 [SO Param] m5.objects.QoSMemSinkCtrl, QoSMemSinkCtrl -> Spandex/params/QoSMemSinkCtrl.hh
 [SO Param] m5.objects.QoSMemSinkInterface, QoSMemSinkInterface -> Spandex/params/QoSMemSinkInterface.hh
 [     CXX] Spandex/python/_m5/param_QoSMemSinkCtrl.cc -> .o
 [     CXX] Spandex/mem/qos/QoSMemSinkInterface.py.cc -> .o
 [SO Param] m5.objects.QoSMemSinkInterface, QoSMemSinkInterface -> Spandex/python/_m5/param_QoSMemSinkInterface.cc
 [     CXX] Spandex/python/_m5/param_QoSMemSinkInterface.cc -> .o
 [     CXX] Spandex/mem/qos/QoSPolicy.py.cc -> .o
 [SO Param] m5.objects.QoSPolicy, QoSPolicy -> Spandex/python/_m5/param_QoSPolicy.cc
 [     CXX] Spandex/python/_m5/param_QoSPolicy.cc -> .o
 [SO Param] m5.objects.QoSPolicy, QoSFixedPriorityPolicy -> Spandex/python/_m5/param_QoSFixedPriorityPolicy.cc
 [SO Param] m5.objects.QoSPolicy, QoSFixedPriorityPolicy -> Spandex/params/QoSFixedPriorityPolicy.hh
 [     CXX] Spandex/python/_m5/param_QoSFixedPriorityPolicy.cc -> .o
 [SO Param] m5.objects.QoSPolicy, QoSPropFairPolicy -> Spandex/python/_m5/param_QoSPropFairPolicy.cc
 [SO Param] m5.objects.QoSPolicy, QoSPropFairPolicy -> Spandex/params/QoSPropFairPolicy.hh
 [     CXX] Spandex/python/_m5/param_QoSPropFairPolicy.cc -> .o
 [     CXX] Spandex/mem/qos/QoSTurnaround.py.cc -> .o
 [SO Param] m5.objects.QoSTurnaround, QoSTurnaroundPolicy -> Spandex/python/_m5/param_QoSTurnaroundPolicy.cc
 [     CXX] Spandex/python/_m5/param_QoSTurnaroundPolicy.cc -> .o
 [SO Param] m5.objects.QoSTurnaround, QoSTurnaroundPolicyIdeal -> Spandex/python/_m5/param_QoSTurnaroundPolicyIdeal.cc
 [SO Param] m5.objects.QoSTurnaround, QoSTurnaroundPolicyIdeal -> Spandex/params/QoSTurnaroundPolicyIdeal.hh
 [     CXX] Spandex/python/_m5/param_QoSTurnaroundPolicyIdeal.cc -> .o
 [     CXX] src/mem/qos/policy.cc -> Spandex/mem/qos/policy.o
 [     CXX] src/mem/qos/policy_fixed_prio.cc -> Spandex/mem/qos/policy_fixed_prio.o
 [     CXX] src/mem/qos/policy_pf.cc -> Spandex/mem/qos/policy_pf.o
 [     CXX] src/mem/qos/turnaround_policy_ideal.cc -> Spandex/mem/qos/turnaround_policy_ideal.o
 [     CXX] src/mem/qos/q_policy.cc -> Spandex/mem/qos/q_policy.o
 [     CXX] src/mem/qos/mem_ctrl.cc -> Spandex/mem/qos/mem_ctrl.o
 [     CXX] src/mem/qos/mem_sink.cc -> Spandex/mem/qos/mem_sink.o
 [ TRACING]  -> Spandex/debug/ProtocolTrace.cc
 [ TRACING]  -> Spandex/debug/ProtocolTrace.hh
 [     CXX] Spandex/debug/ProtocolTrace.cc -> .o
 [ TRACING]  -> Spandex/debug/RubyCache.cc
 [ TRACING]  -> Spandex/debug/RubyCache.hh
 [     CXX] Spandex/debug/RubyCache.cc -> .o
 [ TRACING]  -> Spandex/debug/RubyCacheTrace.cc
 [ TRACING]  -> Spandex/debug/RubyCacheTrace.hh
 [     CXX] Spandex/debug/RubyCacheTrace.cc -> .o
 [ TRACING]  -> Spandex/debug/RubyDma.cc
 [ TRACING]  -> Spandex/debug/RubyDma.hh
 [ TRACING]  -> Spandex/debug/RubyGenerated.cc
 [     CXX] Spandex/debug/RubyDma.cc -> .o
 [ TRACING]  -> Spandex/debug/RubyGenerated.hh
 [     CXX] Spandex/debug/RubyGenerated.cc -> .o
 [ TRACING]  -> Spandex/debug/RubyNetwork.cc
 [ TRACING]  -> Spandex/debug/RubyNetwork.hh
 [ TRACING]  -> Spandex/debug/RubyPort.cc
 [     CXX] Spandex/debug/RubyNetwork.cc -> .o
 [ TRACING]  -> Spandex/debug/RubyPort.hh
 [     CXX] Spandex/debug/RubyPort.cc -> .o
 [ TRACING]  -> Spandex/debug/RubyPrefetcher.cc
 [ TRACING]  -> Spandex/debug/RubyPrefetcher.hh
 [ TRACING]  -> Spandex/debug/RubyQueue.cc
 [     CXX] Spandex/debug/RubyPrefetcher.cc -> .o
 [     CXX] Spandex/debug/RubyQueue.cc -> .o
 [ TRACING]  -> Spandex/debug/RubySequencer.cc
 [ TRACING]  -> Spandex/debug/RubySlicc.cc
 [ TRACING]  -> Spandex/debug/RubySequencer.hh
 [ TRACING]  -> Spandex/debug/RubySlicc.hh
 [     CXX] Spandex/debug/RubySequencer.cc -> .o
 [     CXX] Spandex/debug/RubySlicc.cc -> .o
 [ TRACING]  -> Spandex/debug/RubySystem.cc
 [ TRACING]  -> Spandex/debug/RubyTester.cc
 [ TRACING]  -> Spandex/debug/RubySystem.hh
 [ TRACING]  -> Spandex/debug/RubyTester.hh
 [     CXX] Spandex/debug/RubySystem.cc -> .o
 [     CXX] Spandex/debug/RubyTester.cc -> .o
 [ TRACING]  -> Spandex/debug/RubyStats.cc
 [ TRACING]  -> Spandex/debug/RubyResourceStalls.cc
 [ TRACING]  -> Spandex/debug/RubyStats.hh
 [ TRACING]  -> Spandex/debug/RubyResourceStalls.hh
 [     CXX] Spandex/debug/RubyStats.cc -> .o
 [     CXX] Spandex/debug/RubyResourceStalls.cc -> .o
 [ TRACING]  -> Spandex/debug/RubyProtocol.cc
 [ TRACING]  -> Spandex/debug/RubyHitMiss.cc
 [ TRACING]  -> Spandex/debug/RubyProtocol.hh
 [ TRACING]  -> Spandex/debug/RubyHitMiss.hh
 [     CXX] Spandex/debug/RubyProtocol.cc -> .o
 [     CXX] Spandex/debug/RubyHitMiss.cc -> .o
 [ TRACING]  -> Spandex/debug/Ruby.cc
 [     CXX] src/mem/ruby/common/Address.cc -> Spandex/mem/ruby/common/Address.o
 [ TRACING]  -> Spandex/debug/Ruby.hh
 [     CXX] Spandex/debug/Ruby.cc -> .o
 [     CXX] src/mem/ruby/common/BoolVec.cc -> Spandex/mem/ruby/common/BoolVec.o
 [     CXX] src/mem/ruby/common/Consumer.cc -> Spandex/mem/ruby/common/Consumer.o
 [     CXX] src/mem/ruby/common/DataBlock.cc -> Spandex/mem/ruby/common/DataBlock.o
 [     CXX] src/mem/ruby/common/Histogram.cc -> Spandex/mem/ruby/common/Histogram.o
 [     CXX] src/mem/ruby/common/IntVec.cc -> Spandex/mem/ruby/common/IntVec.o
 [     CXX] src/mem/ruby/common/NetDest.cc -> Spandex/mem/ruby/common/NetDest.o
 [     CXX] src/mem/ruby/common/SubBlock.cc -> Spandex/mem/ruby/common/SubBlock.o
 [     CXX] src/mem/ruby/common/WriteMask.cc -> Spandex/mem/ruby/common/WriteMask.o
 [     CXX] Spandex/mem/ruby/network/BasicLink.py.cc -> .o
 [SO Param] m5.objects.BasicLink, BasicLink -> Spandex/python/_m5/param_BasicLink.cc
 [SO Param] m5.objects.BasicLink, BasicLink -> Spandex/params/BasicLink.hh
 [SO Param] m5.objects.BasicLink, BasicExtLink -> Spandex/params/BasicExtLink.hh
 [SO Param] m5.objects.BasicLink, BasicIntLink -> Spandex/params/BasicIntLink.hh
 [SO Param] m5.objects.BasicRouter, BasicRouter -> Spandex/params/BasicRouter.hh
 [SO Param] m5.objects.Controller, RubyController -> Spandex/params/RubyController.hh
 [     CXX] Spandex/python/_m5/param_BasicLink.cc -> .o
 [SO Param] m5.objects.BasicLink, BasicExtLink -> Spandex/python/_m5/param_BasicExtLink.cc
 [     CXX] Spandex/python/_m5/param_BasicExtLink.cc -> .o
 [SO Param] m5.objects.BasicLink, BasicIntLink -> Spandex/python/_m5/param_BasicIntLink.cc
 [     CXX] Spandex/python/_m5/param_BasicIntLink.cc -> .o
 [     CXX] Spandex/mem/ruby/network/BasicRouter.py.cc -> .o
 [SO Param] m5.objects.BasicRouter, BasicRouter -> Spandex/python/_m5/param_BasicRouter.cc
 [     CXX] Spandex/python/_m5/param_BasicRouter.cc -> .o
 [     CXX] Spandex/mem/ruby/network/MessageBuffer.py.cc -> .o
 [SO Param] m5.objects.MessageBuffer, MessageBuffer -> Spandex/python/_m5/param_MessageBuffer.cc
 [     CXX] Spandex/python/_m5/param_MessageBuffer.cc -> .o
 [ENUM STR] m5.objects.MessageBuffer, MessageRandomization -> Spandex/enums/MessageRandomization.cc
 [     CXX] Spandex/enums/MessageRandomization.cc -> .o
 [     CXX] Spandex/mem/ruby/network/Network.py.cc -> .o
 [SO Param] m5.objects.Network, RubyNetwork -> Spandex/python/_m5/param_RubyNetwork.cc
 [SO Param] m5.objects.Network, RubyNetwork -> Spandex/params/RubyNetwork.hh
 [     CXX] Spandex/python/_m5/param_RubyNetwork.cc -> .o
 [     CXX] src/mem/ruby/network/BasicLink.cc -> Spandex/mem/ruby/network/BasicLink.o
 [     CXX] src/mem/ruby/network/BasicRouter.cc -> Spandex/mem/ruby/network/BasicRouter.o
 [     CXX] src/mem/ruby/network/MessageBuffer.cc -> Spandex/mem/ruby/network/MessageBuffer.o
 [     CXX] src/mem/ruby/network/Network.cc -> Spandex/mem/ruby/network/Network.o
 [     CXX] src/mem/ruby/network/Topology.cc -> Spandex/mem/ruby/network/Topology.o
 [     CXX] Spandex/mem/ruby/network/simple/SimpleLink.py.cc -> .o
 [SO Param] m5.objects.SimpleLink, SimpleExtLink -> Spandex/python/_m5/param_SimpleExtLink.cc
 [SO Param] m5.objects.SimpleLink, SimpleExtLink -> Spandex/params/SimpleExtLink.hh
 [SO Param] m5.objects.SimpleLink, SimpleIntLink -> Spandex/params/SimpleIntLink.hh
 [     CXX] Spandex/python/_m5/param_SimpleExtLink.cc -> .o
 [SO Param] m5.objects.SimpleLink, SimpleIntLink -> Spandex/python/_m5/param_SimpleIntLink.cc
 [     CXX] Spandex/python/_m5/param_SimpleIntLink.cc -> .o
 [     CXX] Spandex/mem/ruby/network/simple/SimpleNetwork.py.cc -> .o
 [SO Param] m5.objects.SimpleNetwork, SimpleNetwork -> Spandex/python/_m5/param_SimpleNetwork.cc
 [SO Param] m5.objects.SimpleNetwork, SimpleNetwork -> Spandex/params/SimpleNetwork.hh
 [     CXX] Spandex/python/_m5/param_SimpleNetwork.cc -> .o
 [SO Param] m5.objects.SimpleNetwork, BaseRoutingUnit -> Spandex/python/_m5/param_BaseRoutingUnit.cc
 [SO Param] m5.objects.SimpleNetwork, BaseRoutingUnit -> Spandex/params/BaseRoutingUnit.hh
 [     CXX] Spandex/python/_m5/param_BaseRoutingUnit.cc -> .o
 [SO Param] m5.objects.SimpleNetwork, WeightBased -> Spandex/python/_m5/param_WeightBased.cc
 [SO Param] m5.objects.SimpleNetwork, WeightBased -> Spandex/params/WeightBased.hh
 [     CXX] Spandex/python/_m5/param_WeightBased.cc -> .o
 [SO Param] m5.objects.SimpleNetwork, Switch -> Spandex/python/_m5/param_Switch.cc
 [SO Param] m5.objects.SimpleNetwork, Switch -> Spandex/params/Switch.hh
 [     CXX] Spandex/python/_m5/param_Switch.cc -> .o
 [     CXX] src/mem/ruby/network/simple/PerfectSwitch.cc -> Spandex/mem/ruby/network/simple/PerfectSwitch.o
 [     CXX] src/mem/ruby/network/simple/SimpleLink.cc -> Spandex/mem/ruby/network/simple/SimpleLink.o
 [     CXX] src/mem/ruby/network/simple/SimpleNetwork.cc -> Spandex/mem/ruby/network/simple/SimpleNetwork.o
 [     CXX] src/mem/ruby/network/simple/Switch.cc -> Spandex/mem/ruby/network/simple/Switch.o
 [     CXX] src/mem/ruby/network/simple/Throttle.cc -> Spandex/mem/ruby/network/simple/Throttle.o
 [     CXX] src/mem/ruby/network/simple/routing/WeightBased.cc -> Spandex/mem/ruby/network/simple/routing/WeightBased.o
 [     CXX] Spandex/mem/ruby/network/fault_model/FaultModel.py.cc -> .o
 [SO Param] m5.objects.FaultModel, FaultModel -> Spandex/python/_m5/param_FaultModel.cc
 [SO Param] m5.objects.FaultModel, FaultModel -> Spandex/params/FaultModel.hh
 [     CXX] Spandex/python/_m5/param_FaultModel.cc -> .o
 [     CXX] src/mem/ruby/network/fault_model/FaultModel.cc -> Spandex/mem/ruby/network/fault_model/FaultModel.o
 [     CXX] Spandex/mem/ruby/network/garnet/GarnetLink.py.cc -> .o
 [SO Param] m5.objects.GarnetLink, NetworkLink -> Spandex/python/_m5/param_NetworkLink.cc
 [SO Param] m5.objects.GarnetLink, NetworkLink -> Spandex/params/NetworkLink.hh
 [     CXX] Spandex/python/_m5/param_NetworkLink.cc -> .o
 [SO Param] m5.objects.GarnetLink, CreditLink -> Spandex/python/_m5/param_CreditLink.cc
 [SO Param] m5.objects.GarnetLink, CreditLink -> Spandex/params/CreditLink.hh
 [     CXX] Spandex/python/_m5/param_CreditLink.cc -> .o
 [SO Param] m5.objects.GarnetLink, NetworkBridge -> Spandex/python/_m5/param_NetworkBridge.cc
 [ENUMDECL] m5.objects.GarnetLink, CDCType -> Spandex/enums/CDCType.hh
 [SO Param] m5.objects.GarnetLink, NetworkBridge -> Spandex/params/NetworkBridge.hh
 [SO Param] m5.objects.GarnetLink, GarnetExtLink -> Spandex/params/GarnetExtLink.hh
 [SO Param] m5.objects.GarnetLink, GarnetIntLink -> Spandex/params/GarnetIntLink.hh
 [     CXX] Spandex/python/_m5/param_NetworkBridge.cc -> .o
 [SO Param] m5.objects.GarnetLink, GarnetIntLink -> Spandex/python/_m5/param_GarnetIntLink.cc
 [     CXX] Spandex/python/_m5/param_GarnetIntLink.cc -> .o
 [SO Param] m5.objects.GarnetLink, GarnetExtLink -> Spandex/python/_m5/param_GarnetExtLink.cc
 [     CXX] Spandex/python/_m5/param_GarnetExtLink.cc -> .o
 [ENUM STR] m5.objects.GarnetLink, CDCType -> Spandex/enums/CDCType.cc
 [     CXX] Spandex/enums/CDCType.cc -> .o
 [     CXX] Spandex/mem/ruby/network/garnet/GarnetNetwork.py.cc -> .o
 [SO Param] m5.objects.GarnetNetwork, GarnetNetwork -> Spandex/python/_m5/param_GarnetNetwork.cc
 [SO Param] m5.objects.GarnetNetwork, GarnetNetwork -> Spandex/params/GarnetNetwork.hh
 [     CXX] Spandex/python/_m5/param_GarnetNetwork.cc -> .o
 [SO Param] m5.objects.GarnetNetwork, GarnetNetworkInterface -> Spandex/python/_m5/param_GarnetNetworkInterface.cc
 [SO Param] m5.objects.GarnetNetwork, GarnetNetworkInterface -> Spandex/params/GarnetNetworkInterface.hh
 [     CXX] Spandex/python/_m5/param_GarnetNetworkInterface.cc -> .o
 [SO Param] m5.objects.GarnetNetwork, GarnetRouter -> Spandex/python/_m5/param_GarnetRouter.cc
 [SO Param] m5.objects.GarnetNetwork, GarnetRouter -> Spandex/params/GarnetRouter.hh
 [     CXX] Spandex/python/_m5/param_GarnetRouter.cc -> .o
 [     CXX] src/mem/ruby/network/garnet/GarnetLink.cc -> Spandex/mem/ruby/network/garnet/GarnetLink.o
 [     CXX] src/mem/ruby/network/garnet/GarnetNetwork.cc -> Spandex/mem/ruby/network/garnet/GarnetNetwork.o
 [     CXX] src/mem/ruby/network/garnet/InputUnit.cc -> Spandex/mem/ruby/network/garnet/InputUnit.o
 [     CXX] src/mem/ruby/network/garnet/NetworkInterface.cc -> Spandex/mem/ruby/network/garnet/NetworkInterface.o
 [     CXX] src/mem/ruby/network/garnet/NetworkLink.cc -> Spandex/mem/ruby/network/garnet/NetworkLink.o
 [     CXX] src/mem/ruby/network/garnet/OutVcState.cc -> Spandex/mem/ruby/network/garnet/OutVcState.o
 [     CXX] src/mem/ruby/network/garnet/OutputUnit.cc -> Spandex/mem/ruby/network/garnet/OutputUnit.o
 [     CXX] src/mem/ruby/network/garnet/Router.cc -> Spandex/mem/ruby/network/garnet/Router.o
 [     CXX] src/mem/ruby/network/garnet/RoutingUnit.cc -> Spandex/mem/ruby/network/garnet/RoutingUnit.o
 [     CXX] src/mem/ruby/network/garnet/SwitchAllocator.cc -> Spandex/mem/ruby/network/garnet/SwitchAllocator.o
 [     CXX] src/mem/ruby/network/garnet/CrossbarSwitch.cc -> Spandex/mem/ruby/network/garnet/CrossbarSwitch.o
 [     CXX] src/mem/ruby/network/garnet/VirtualChannel.cc -> Spandex/mem/ruby/network/garnet/VirtualChannel.o
 [     CXX] src/mem/ruby/network/garnet/flitBuffer.cc -> Spandex/mem/ruby/network/garnet/flitBuffer.o
 [     CXX] src/mem/ruby/network/garnet/flit.cc -> Spandex/mem/ruby/network/garnet/flit.o
 [     CXX] src/mem/ruby/network/garnet/Credit.cc -> Spandex/mem/ruby/network/garnet/Credit.o
 [     CXX] src/mem/ruby/network/garnet/NetworkBridge.cc -> Spandex/mem/ruby/network/garnet/NetworkBridge.o
 [     CXX] Spandex/mem/ruby/protocol/RubyRequestType.cc -> .o
 [MAKE INC] src/mem/ruby/common/DataBlock.hh -> Spandex/mem/ruby/protocol/DataBlock.hh
 [MAKE INC] src/mem/ruby/common/MachineID.hh -> Spandex/mem/ruby/protocol/MachineID.hh
 [MAKE INC] src/mem/ruby/slicc_interface/Message.hh -> Spandex/mem/ruby/protocol/Message.hh
 [     CXX] Spandex/mem/ruby/protocol/MemoryMsg.cc -> .o
 [     CXX] Spandex/mem/ruby/protocol/HtmCallbackMode.cc -> .o
 [     CXX] Spandex/mem/ruby/protocol/MaskPredictorIndex.cc -> .o
 [     CXX] Spandex/mem/ruby/protocol/Spandex/SQC_State.cc -> .o
 [     CXX] Spandex/mem/ruby/protocol/Spandex/TriggerMsg.cc -> .o
 [     CXX] Spandex/mem/ruby/protocol/Spandex/FifoType.cc -> .o
 [     CXX] Spandex/mem/ruby/protocol/Spandex/TCC_Event.cc -> .o
 [     CXX] Spandex/mem/ruby/protocol/Spandex/DMARequestType.cc -> .o
 [     CXX] Spandex/mem/ruby/protocol/Spandex/Directory_RequestType.cc -> .o
 [     CXX] Spandex/mem/ruby/protocol/Spandex/ProbeRequestType.cc -> .o
 [     CXX] Spandex/mem/ruby/protocol/Spandex/TCP_Event.cc -> .o
 [     CXX] Spandex/mem/ruby/protocol/Spandex/Spandex_DMA_Controller.py.cc -> .o
 [SO Param] m5.objects.Spandex_DMA_Controller, Spandex_DMA_Controller -> Spandex/python/_m5/param_Spandex_DMA_Controller.cc
 [SO Param] m5.objects.Spandex_DMA_Controller, Spandex_DMA_Controller -> Spandex/params/Spandex_DMA_Controller.hh
 [MAKE INC] src/mem/ruby/structures/TBETable.hh -> Spandex/mem/ruby/protocol/TBETable.hh
 [SO Param] m5.objects.Sequencer, DMASequencer -> Spandex/params/DMASequencer.hh
 [MAKE INC] src/mem/ruby/common/BoolVec.hh -> Spandex/mem/ruby/protocol/BoolVec.hh
 [SO Param] m5.objects.RubyCache, RubyCache -> Spandex/params/RubyCache.hh
 [MAKE INC] src/mem/ruby/structures/CacheMemory.hh -> Spandex/mem/ruby/protocol/CacheMemory.hh
 [MAKE INC] src/mem/ruby/system/DMASequencer.hh -> Spandex/mem/ruby/protocol/DMASequencer.hh
 [SO Param] m5.objects.DirectoryMemory, RubyDirectoryMemory -> Spandex/params/RubyDirectoryMemory.hh
 [MAKE INC] src/mem/ruby/structures/DirectoryMemory.hh -> Spandex/mem/ruby/protocol/DirectoryMemory.hh
 [SO Param] m5.objects.Sequencer, RubySequencer -> Spandex/params/RubySequencer.hh
 [MAKE INC] src/mem/ruby/system/GPUCoalescer.hh -> Spandex/mem/ruby/protocol/GPUCoalescer.hh
 [SO Param] m5.objects.Sequencer, RubyHTMSequencer -> Spandex/params/RubyHTMSequencer.hh
 [MAKE INC] src/mem/ruby/system/HTMSequencer.hh -> Spandex/mem/ruby/protocol/HTMSequencer.hh
 [MAKE INC] src/mem/ruby/common/NetDest.hh -> Spandex/mem/ruby/protocol/NetDest.hh
 [SO Param] m5.objects.RubyPrefetcher, RubyPrefetcher -> Spandex/params/RubyPrefetcher.hh
 [MAKE INC] src/mem/ruby/structures/RubyPrefetcher.hh -> Spandex/mem/ruby/protocol/RubyPrefetcher.hh
 [MAKE INC] src/mem/ruby/structures/RubyPrefetcherProxy.hh -> Spandex/mem/ruby/protocol/RubyPrefetcherProxy.hh
 [MAKE INC] src/mem/ruby/slicc_interface/RubyRequest.hh -> Spandex/mem/ruby/protocol/RubyRequest.hh
 [MAKE INC] src/mem/ruby/system/Sequencer.hh -> Spandex/mem/ruby/protocol/Sequencer.hh
 [MAKE INC] src/mem/ruby/common/Set.hh -> Spandex/mem/ruby/protocol/Set.hh
 [MAKE INC] src/mem/ruby/structures/TimerTable.hh -> Spandex/mem/ruby/protocol/TimerTable.hh
 [MAKE INC] src/mem/ruby/system/VIPERCoalescer.hh -> Spandex/mem/ruby/protocol/VIPERCoalescer.hh
 [SO Param] m5.objects.WireBuffer, RubyWireBuffer -> Spandex/params/RubyWireBuffer.hh
 [MAKE INC] src/mem/ruby/structures/WireBuffer.hh -> Spandex/mem/ruby/protocol/WireBuffer.hh
 [MAKE INC] src/mem/ruby/common/WriteMask.hh -> Spandex/mem/ruby/protocol/WriteMask.hh
 [MAKE INC] src/mem/ruby/slicc_interface/AbstractCacheEntry.hh -> Spandex/mem/ruby/protocol/AbstractCacheEntry.hh
 [     CXX] Spandex/python/_m5/param_Spandex_DMA_Controller.cc -> .o
 [     CXX] Spandex/mem/ruby/protocol/DirectoryRequestType.cc -> .o
 [     CXX] Spandex/mem/ruby/protocol/LockStatus.cc -> .o
 [     CXX] Spandex/mem/ruby/protocol/SequencerMsg.cc -> .o
 [     CXX] Spandex/mem/ruby/protocol/MemoryRequestType.cc -> .o
 [     CXX] Spandex/mem/ruby/protocol/Spandex/SQC_TBE.cc -> .o
 [     CXX] Spandex/mem/ruby/protocol/Spandex/CPURequestMsg.cc -> .o
 [     CXX] Spandex/mem/ruby/protocol/CacheResourceType.cc -> .o
 [     CXX] Spandex/mem/ruby/protocol/Spandex/TriggerType.cc -> .o
 [     CXX] Spandex/mem/ruby/protocol/Spandex/DMA_TBE.cc -> .o
 [     CXX] Spandex/mem/ruby/protocol/Spandex/TCC_RequestType.cc -> .o
 [     CXX] Spandex/mem/ruby/protocol/Spandex/Spandex_Directory_Controller.py.cc -> .o
 [SO Param] m5.objects.Spandex_Directory_Controller, Spandex_Directory_Controller -> Spandex/python/_m5/param_Spandex_Directory_Controller.cc
 [SO Param] m5.objects.Spandex_Directory_Controller, Spandex_Directory_Controller -> Spandex/params/Spandex_Directory_Controller.hh
 [     CXX] Spandex/python/_m5/param_Spandex_Directory_Controller.cc -> .o
 [     CXX] Spandex/mem/ruby/protocol/Spandex/DMAResponseMsg.cc -> .o
 [     CXX] Spandex/mem/ruby/protocol/Spandex/Directory_State.cc -> .o
 [     CXX] Spandex/mem/ruby/protocol/Spandex/ResponseMsg.cc -> .o
 [     CXX] Spandex/mem/ruby/protocol/Spandex/TCP_RequestType.cc -> .o
 [     CXX] Spandex/mem/ruby/protocol/InvalidateGeneratorStatus.cc -> .o
 [     CXX] Spandex/mem/ruby/protocol/Spandex/Spandex_SQC_Controller.py.cc -> .o
 [SO Param] m5.objects.Spandex_SQC_Controller, Spandex_SQC_Controller -> Spandex/python/_m5/param_Spandex_SQC_Controller.cc
 [SO Param] m5.objects.Spandex_SQC_Controller, Spandex_SQC_Controller -> Spandex/params/Spandex_SQC_Controller.hh
 [     CXX] Spandex/python/_m5/param_Spandex_SQC_Controller.cc -> .o
 [     CXX] Spandex/mem/ruby/protocol/SequencerRequestType.cc -> .o
 [     CXX] Spandex/mem/ruby/protocol/Spandex/SQC_Transitions.cc -> .o
 [     CXX] Spandex/mem/ruby/protocol/Spandex/CacheId.cc -> .o
 [     CXX] Spandex/mem/ruby/protocol/Spandex/DMA_Transitions.cc -> .o
 [     CXX] Spandex/mem/ruby/protocol/Spandex/TCC_State.cc -> .o
 [     CXX] Spandex/mem/ruby/protocol/LinkDirection.cc -> .o
 [     CXX] Spandex/mem/ruby/protocol/CacheRequestType.cc -> .o
 [     CXX] Spandex/mem/ruby/protocol/Spandex/Spandex_Spandex_TU_Controller.py.cc -> .o
 [SO Param] m5.objects.Spandex_Spandex_TU_Controller, Spandex_Spandex_TU_Controller -> Spandex/python/_m5/param_Spandex_Spandex_TU_Controller.cc
 [SO Param] m5.objects.Spandex_Spandex_TU_Controller, Spandex_Spandex_TU_Controller -> Spandex/params/Spandex_Spandex_TU_Controller.hh
 [     CXX] Spandex/python/_m5/param_Spandex_Spandex_TU_Controller.cc -> .o
 [     CXX] Spandex/mem/ruby/protocol/Spandex/DMAResponseType.cc -> .o
 [     CXX] Spandex/mem/ruby/protocol/Spandex/Spandex_TU_TBE.cc -> .o
 [     CXX] Spandex/mem/ruby/protocol/Spandex/SQC_Controller.cc -> .o
 [     CXX] Spandex/mem/ruby/protocol/Spandex/SQC_Wakeup.cc -> .o
 [     CXX] Spandex/mem/ruby/protocol/Spandex/TCP_State.cc -> .o
 [     CXX] Spandex/mem/ruby/protocol/Spandex/UnblockMsg.cc -> .o
 [     CXX] Spandex/mem/ruby/protocol/Spandex/DMA_Wakeup.cc -> .o
 [     CXX] Spandex/mem/ruby/protocol/MessageSizeType.cc -> .o
 [     CXX] Spandex/mem/ruby/protocol/Spandex/Spandex_TCC_Controller.py.cc -> .o
 [SO Param] m5.objects.Spandex_TCC_Controller, Spandex_TCC_Controller -> Spandex/python/_m5/param_Spandex_TCC_Controller.cc
 [SO Param] m5.objects.Spandex_TCC_Controller, Spandex_TCC_Controller -> Spandex/params/Spandex_TCC_Controller.hh
 [     CXX] Spandex/python/_m5/param_Spandex_TCC_Controller.cc -> .o
 [     CXX] Spandex/mem/ruby/protocol/MaskPredictorType.cc -> .o
 [     CXX] Spandex/mem/ruby/protocol/SequencerStatus.cc -> .o
 [     CXX] Spandex/mem/ruby/protocol/Spandex/SpandexRequestMsg.cc -> .o
 [     CXX] Spandex/mem/ruby/protocol/Spandex/CoherenceRequestType.cc -> .o
 [     CXX] Spandex/mem/ruby/protocol/DMASequencerRequestType.cc -> .o
 [     CXX] Spandex/mem/ruby/protocol/Spandex/Directory_TBE.cc -> .o
 [     CXX] Spandex/mem/ruby/protocol/Spandex/Directory_CacheEntry.cc -> .o
 [     CXX] Spandex/mem/ruby/protocol/Spandex/TCC_TBE.cc -> .o
 [     CXX] Spandex/mem/ruby/protocol/Spandex/Spandex_TCP_Controller.py.cc -> .o
 [SO Param] m5.objects.Spandex_TCP_Controller, Spandex_TCP_Controller -> Spandex/python/_m5/param_Spandex_TCP_Controller.cc
 [SO Param] m5.objects.Spandex_TCP_Controller, Spandex_TCP_Controller -> Spandex/params/Spandex_TCP_Controller.hh
 [SO Param] m5.objects.VIPERCoalescer, VIPERCoalescer -> Spandex/params/VIPERCoalescer.hh
 [SO Param] m5.objects.GPUCoalescer, RubyGPUCoalescer -> Spandex/params/RubyGPUCoalescer.hh
 [     CXX] Spandex/python/_m5/param_Spandex_TCP_Controller.cc -> .o
 [     CXX] Spandex/mem/ruby/protocol/Spandex/DMA_Controller.cc -> .o
 [     CXX] Spandex/mem/ruby/protocol/Spandex/Spandex_TU_Transitions.cc -> .o
 [     CXX] Spandex/mem/ruby/protocol/SeriesRequestGeneratorStatus.cc -> .o
 [     CXX] Spandex/mem/ruby/protocol/Spandex/TCP_TBE.cc -> .o
 [     CXX] Spandex/mem/ruby/protocol/TesterStatus.cc -> .o
 [     CXX] Spandex/mem/ruby/protocol/Spandex/Spandex_TU_Event.cc -> .o
 [     CXX] Spandex/mem/ruby/protocol/PrefetchBit.cc -> .o
 [     CXX] Spandex/mem/ruby/protocol/Spandex/SQC_Entry.cc -> .o
 [     CXX] Spandex/mem/ruby/protocol/Spandex/Spandex_TU_Controller.cc -> .o
 [     CXX] Spandex/mem/ruby/protocol/Spandex/Spandex_TU_Wakeup.cc -> .o
 [     CXX] Spandex/mem/ruby/protocol/Spandex/SpandexRequestType.cc -> .o
 [     CXX] Spandex/mem/ruby/protocol/Spandex/CoherenceResponseType.cc -> .o
 [     CXX] Spandex/mem/ruby/protocol/Spandex/Directory_Controller.cc -> .o
 [     CXX] Spandex/mem/ruby/protocol/Spandex/TCC_Transitions.cc -> .o
 [     CXX] Spandex/mem/ruby/protocol/Spandex/Directory_Transitions.cc -> .o
 [     CXX] Spandex/mem/ruby/protocol/MaskPredictorTraining.cc -> .o
 [     CXX] Spandex/mem/ruby/protocol/Spandex/TCC_Controller.cc -> .o
 [     CXX] Spandex/mem/ruby/protocol/Spandex/TCP_Transitions.cc -> .o
 [     CXX] Spandex/mem/ruby/protocol/Spandex/Spandex_TU_State.cc -> .o
 [     CXX] Spandex/mem/ruby/protocol/TransitionResult.cc -> .o
 [     CXX] Spandex/mem/ruby/protocol/RequestStatus.cc -> .o
 [     CXX] Spandex/mem/ruby/protocol/Spandex/SQC_Event.cc -> .o
 [     CXX] Spandex/mem/ruby/protocol/Spandex/TCC_Wakeup.cc -> .o
 [     CXX] Spandex/mem/ruby/protocol/Spandex/SpandexResponseMsg.cc -> .o
 [     CXX] Spandex/mem/ruby/protocol/Spandex/CoherenceState.cc -> .o
 [     CXX] Spandex/mem/ruby/protocol/Spandex/Directory_Entry.cc -> .o
 [     CXX] Spandex/mem/ruby/protocol/Spandex/DMA_Event.cc -> .o
 [     CXX] Spandex/mem/ruby/protocol/Spandex/TCP_Controller.cc -> .o
 [     CXX] Spandex/mem/ruby/protocol/AccessType.cc -> .o
 [     CXX] Spandex/mem/ruby/protocol/MachineType.cc -> .o
 [     CXX] Spandex/mem/ruby/protocol/Spandex/TCC_Entry.cc -> .o
 [     CXX] Spandex/mem/ruby/protocol/Spandex/Directory_Wakeup.cc -> .o
 [     CXX] Spandex/mem/ruby/protocol/HtmFailedInCacheReason.cc -> .o
 [     CXX] Spandex/mem/ruby/protocol/RubyAccessMode.cc -> .o
 [     CXX] Spandex/mem/ruby/protocol/MemoryControlRequestType.cc -> .o
 [     CXX] Spandex/mem/ruby/protocol/Spandex/SQC_RequestType.cc -> .o
 [     CXX] Spandex/mem/ruby/protocol/Spandex/TCP_Wakeup.cc -> .o
 [     CXX] Spandex/mem/ruby/protocol/Spandex/FifoMsg.cc -> .o
 [     CXX] Spandex/mem/ruby/protocol/Spandex/SpandexResponseType.cc -> .o
 [     CXX] Spandex/mem/ruby/protocol/Spandex/DMARequestMsg.cc -> .o
 [     CXX] Spandex/mem/ruby/protocol/Spandex/Directory_Event.cc -> .o
 [     CXX] Spandex/mem/ruby/protocol/Spandex/NBProbeRequestMsg.cc -> .o
 [     CXX] Spandex/mem/ruby/protocol/Spandex/DMA_State.cc -> .o
 [     CXX] Spandex/mem/ruby/protocol/AccessPermission.cc -> .o
 [     CXX] Spandex/mem/ruby/protocol/Spandex/TCP_Entry.cc -> .o
 [     CXX] Spandex/mem/ruby/protocol/Spandex/TDProbeRequestMsg.cc -> .o
 [     CXX] Spandex/mem/ruby/slicc_interface/Controller.py.cc -> .o
 [SO Param] m5.objects.Controller, RubyController -> Spandex/python/_m5/param_RubyController.cc
 [     CXX] Spandex/python/_m5/param_RubyController.cc -> .o
 [     CXX] src/mem/ruby/slicc_interface/AbstractController.cc -> Spandex/mem/ruby/slicc_interface/AbstractController.o
 [     CXX] src/mem/ruby/slicc_interface/AbstractCacheEntry.cc -> Spandex/mem/ruby/slicc_interface/AbstractCacheEntry.o
 [     CXX] src/mem/ruby/slicc_interface/RubyRequest.cc -> Spandex/mem/ruby/slicc_interface/RubyRequest.o
 [     CXX] Spandex/mem/ruby/structures/RubyCache.py.cc -> .o
 [SO Param] m5.objects.RubyCache, RubyCache -> Spandex/python/_m5/param_RubyCache.cc
 [     CXX] Spandex/python/_m5/param_RubyCache.cc -> .o
 [     CXX] Spandex/mem/ruby/structures/DirectoryMemory.py.cc -> .o
 [SO Param] m5.objects.DirectoryMemory, RubyDirectoryMemory -> Spandex/python/_m5/param_RubyDirectoryMemory.cc
 [     CXX] Spandex/python/_m5/param_RubyDirectoryMemory.cc -> .o
 [     CXX] Spandex/mem/ruby/structures/RubyPrefetcher.py.cc -> .o
 [SO Param] m5.objects.RubyPrefetcher, RubyPrefetcher -> Spandex/python/_m5/param_RubyPrefetcher.cc
 [     CXX] Spandex/python/_m5/param_RubyPrefetcher.cc -> .o
 [     CXX] Spandex/mem/ruby/structures/WireBuffer.py.cc -> .o
 [SO Param] m5.objects.WireBuffer, RubyWireBuffer -> Spandex/python/_m5/param_RubyWireBuffer.cc
 [     CXX] Spandex/python/_m5/param_RubyWireBuffer.cc -> .o
 [     CXX] src/mem/ruby/structures/DirectoryMemory.cc -> Spandex/mem/ruby/structures/DirectoryMemory.o
 [     CXX] src/mem/ruby/structures/CacheMemory.cc -> Spandex/mem/ruby/structures/CacheMemory.o
 [     CXX] src/mem/ruby/structures/WireBuffer.cc -> Spandex/mem/ruby/structures/WireBuffer.o
 [     CXX] src/mem/ruby/structures/PersistentTable.cc -> Spandex/mem/ruby/structures/PersistentTable.o
 [     CXX] src/mem/ruby/structures/RubyPrefetcher.cc -> Spandex/mem/ruby/structures/RubyPrefetcher.o
 [ TRACING]  -> Spandex/debug/HWPrefetch.hh
 [     CXX] src/mem/ruby/structures/RubyPrefetcherProxy.cc -> Spandex/mem/ruby/structures/RubyPrefetcherProxy.o
 [     CXX] src/mem/ruby/structures/TimerTable.cc -> Spandex/mem/ruby/structures/TimerTable.o
 [     CXX] src/mem/ruby/structures/BankedArray.cc -> Spandex/mem/ruby/structures/BankedArray.o
 [     CXX] src/mem/ruby/structures/ALUFreeListArray.cc -> Spandex/mem/ruby/structures/ALUFreeListArray.o
 [     CXX] src/mem/ruby/structures/TBEStorage.cc -> Spandex/mem/ruby/structures/TBEStorage.o
 [     CXX] src/mem/ruby/profiler/AccessTraceForAddress.cc -> Spandex/mem/ruby/profiler/AccessTraceForAddress.o
 [     CXX] src/mem/ruby/profiler/AddressProfiler.cc -> Spandex/mem/ruby/profiler/AddressProfiler.o
 [CONFIG H] BUILD_GPU, 1 -> Spandex/config/build_gpu.hh
 [     CXX] src/mem/ruby/profiler/Profiler.cc -> Spandex/mem/ruby/profiler/Profiler.o
 [     CXX] src/mem/ruby/profiler/StoreTrace.cc -> Spandex/mem/ruby/profiler/StoreTrace.o
 [     CXX] Spandex/mem/ruby/system/GPUCoalescer.py.cc -> .o
 [SO Param] m5.objects.GPUCoalescer, RubyGPUCoalescer -> Spandex/python/_m5/param_RubyGPUCoalescer.cc
 [     CXX] Spandex/python/_m5/param_RubyGPUCoalescer.cc -> .o
 [     CXX] Spandex/mem/ruby/system/RubySystem.py.cc -> .o
 [SO Param] m5.objects.RubySystem, RubySystem -> Spandex/python/_m5/param_RubySystem.cc
 [     CXX] Spandex/python/_m5/param_RubySystem.cc -> .o
 [     CXX] Spandex/mem/ruby/system/Sequencer.py.cc -> .o
 [SO Param] m5.objects.Sequencer, RubyPort -> Spandex/python/_m5/param_RubyPort.cc
 [     CXX] Spandex/python/_m5/param_RubyPort.cc -> .o
 [SO Param] m5.objects.Sequencer, RubyPortProxy -> Spandex/python/_m5/param_RubyPortProxy.cc
 [SO Param] m5.objects.Sequencer, RubyPortProxy -> Spandex/params/RubyPortProxy.hh
 [     CXX] Spandex/python/_m5/param_RubyPortProxy.cc -> .o
 [SO Param] m5.objects.Sequencer, RubySequencer -> Spandex/python/_m5/param_RubySequencer.cc
 [     CXX] Spandex/python/_m5/param_RubySequencer.cc -> .o
 [SO Param] m5.objects.Sequencer, RubyHTMSequencer -> Spandex/python/_m5/param_RubyHTMSequencer.cc
 [     CXX] Spandex/python/_m5/param_RubyHTMSequencer.cc -> .o
 [SO Param] m5.objects.Sequencer, DMASequencer -> Spandex/python/_m5/param_DMASequencer.cc
 [     CXX] Spandex/python/_m5/param_DMASequencer.cc -> .o
 [     CXX] Spandex/mem/ruby/system/VIPERCoalescer.py.cc -> .o
 [SO Param] m5.objects.VIPERCoalescer, VIPERCoalescer -> Spandex/python/_m5/param_VIPERCoalescer.cc
 [     CXX] Spandex/python/_m5/param_VIPERCoalescer.cc -> .o
 [     CXX] Spandex/mem/ruby/system/VIPERSequencer.py.cc -> .o
 [SO Param] m5.objects.VIPERSequencer, VIPERSequencer -> Spandex/python/_m5/param_VIPERSequencer.cc
 [SO Param] m5.objects.VIPERSequencer, VIPERSequencer -> Spandex/params/VIPERSequencer.hh
 [     CXX] Spandex/python/_m5/param_VIPERSequencer.cc -> .o
 [     CXX] Spandex/mem/ruby/system/SpandexCoalescer.py.cc -> .o
 [SO Param] m5.objects.SpandexCoalescer, SpandexCoalescer -> Spandex/python/_m5/param_SpandexCoalescer.cc
 [SO Param] m5.objects.SpandexCoalescer, SpandexCoalescer -> Spandex/params/SpandexCoalescer.hh
 [     CXX] Spandex/python/_m5/param_SpandexCoalescer.cc -> .o
 [     CXX] src/mem/ruby/system/CacheRecorder.cc -> Spandex/mem/ruby/system/CacheRecorder.o
 [     CXX] src/mem/ruby/system/DMASequencer.cc -> Spandex/mem/ruby/system/DMASequencer.o
 [     CXX] src/mem/ruby/system/GPUCoalescer.cc -> Spandex/mem/ruby/system/GPUCoalescer.o
 [     CXX] src/mem/ruby/system/HTMSequencer.cc -> Spandex/mem/ruby/system/HTMSequencer.o
 [     CXX] src/mem/ruby/system/RubyPort.cc -> Spandex/mem/ruby/system/RubyPort.o
 [     CXX] src/mem/ruby/system/RubyPortProxy.cc -> Spandex/mem/ruby/system/RubyPortProxy.o
 [     CXX] src/mem/ruby/system/RubySystem.cc -> Spandex/mem/ruby/system/RubySystem.o
 [     CXX] src/mem/ruby/system/Sequencer.cc -> Spandex/mem/ruby/system/Sequencer.o
 [     CXX] src/mem/ruby/system/VIPERCoalescer.cc -> Spandex/mem/ruby/system/VIPERCoalescer.o
 [     CXX] src/mem/ruby/system/VIPERSequencer.cc -> Spandex/mem/ruby/system/VIPERSequencer.o
 [     CXX] src/mem/ruby/system/SpandexCoalescer.cc -> Spandex/mem/ruby/system/SpandexCoalescer.o
 [     CXX] src/mem/protocol/atomic.cc -> Spandex/mem/protocol/atomic.o
 [     CXX] src/mem/protocol/functional.cc -> Spandex/mem/protocol/functional.o
 [     CXX] src/mem/protocol/timing.cc -> Spandex/mem/protocol/timing.o
 [     CXX] Spandex/mem/probes/BaseMemProbe.py.cc -> .o
 [SO Param] m5.objects.BaseMemProbe, BaseMemProbe -> Spandex/python/_m5/param_BaseMemProbe.cc
 [SO Param] m5.objects.BaseMemProbe, BaseMemProbe -> Spandex/params/BaseMemProbe.hh
 [     CXX] Spandex/python/_m5/param_BaseMemProbe.cc -> .o
 [     CXX] src/mem/probes/base.cc -> Spandex/mem/probes/base.o
 [     CXX] Spandex/mem/probes/StackDistProbe.py.cc -> .o
 [SO Param] m5.objects.StackDistProbe, StackDistProbe -> Spandex/python/_m5/param_StackDistProbe.cc
 [SO Param] m5.objects.StackDistProbe, StackDistProbe -> Spandex/params/StackDistProbe.hh
 [     CXX] Spandex/python/_m5/param_StackDistProbe.cc -> .o
 [     CXX] src/mem/probes/stack_dist.cc -> Spandex/mem/probes/stack_dist.o
 [     CXX] Spandex/mem/probes/MemFootprintProbe.py.cc -> .o
 [SO Param] m5.objects.MemFootprintProbe, MemFootprintProbe -> Spandex/python/_m5/param_MemFootprintProbe.cc
 [SO Param] m5.objects.MemFootprintProbe, MemFootprintProbe -> Spandex/params/MemFootprintProbe.hh
 [     CXX] Spandex/python/_m5/param_MemFootprintProbe.cc -> .o
 [     CXX] src/mem/probes/mem_footprint.cc -> Spandex/mem/probes/mem_footprint.o
 [     CXX] Spandex/mem/cache/Cache.py.cc -> .o
 [SO Param] m5.objects.Cache, WriteAllocator -> Spandex/python/_m5/param_WriteAllocator.cc
 [SO Param] m5.objects.Cache, WriteAllocator -> Spandex/params/WriteAllocator.hh
 [ TRACING]  -> Spandex/debug/Cache.hh
 [ TRACING]  -> Spandex/debug/CachePort.hh
 [ENUMDECL] m5.objects.Cache, Clusivity -> Spandex/enums/Clusivity.hh
 [SO Param] m5.objects.Tags, BaseTags -> Spandex/params/BaseTags.hh
 [SO Param] m5.objects.Tags, TaggedIndexingPolicy -> Spandex/params/TaggedIndexingPolicy.hh
 [SO Param] m5.objects.Tags, TaggedSetAssociative -> Spandex/params/TaggedSetAssociative.hh
 [ TRACING]  -> Spandex/debug/MSHR.hh
 [SO Param] m5.objects.Cache, BaseCache -> Spandex/python/_m5/param_BaseCache.cc
 [SO Param] m5.objects.PartitioningPolicies, PartitionManager -> Spandex/params/PartitionManager.hh
 [SO Param] m5.objects.Cache, BaseCache -> Spandex/params/BaseCache.hh
 [SO Param] m5.objects.PartitioningPolicies, BasePartitioningPolicy -> Spandex/params/BasePartitioningPolicy.hh
 [SO Param] m5.objects.Compressors, BaseCacheCompressor -> Spandex/params/BaseCacheCompressor.hh
 [     CXX] Spandex/python/_m5/param_WriteAllocator.cc -> .o
 [SO Param] m5.objects.Prefetcher, BasePrefetcher -> Spandex/params/BasePrefetcher.hh
 [     CXX] Spandex/python/_m5/param_BaseCache.cc -> .o
 [SO Param] m5.objects.Cache, Cache -> Spandex/python/_m5/param_Cache.cc
 [SO Param] m5.objects.Cache, Cache -> Spandex/params/Cache.hh
 [     CXX] Spandex/python/_m5/param_Cache.cc -> .o
 [SO Param] m5.objects.Cache, NoncoherentCache -> Spandex/python/_m5/param_NoncoherentCache.cc
 [SO Param] m5.objects.Cache, NoncoherentCache -> Spandex/params/NoncoherentCache.hh
 [     CXX] Spandex/python/_m5/param_NoncoherentCache.cc -> .o
 [ENUM STR] m5.objects.Cache, Clusivity -> Spandex/enums/Clusivity.cc
 [     CXX] Spandex/enums/Clusivity.cc -> .o
 [ TRACING]  -> Spandex/debug/CacheComp.hh
 [ TRACING]  -> Spandex/debug/CacheRepl.hh
 [ TRACING]  -> Spandex/debug/CacheVerbose.hh
 [SO Param] m5.objects.Tags, SectorTags -> Spandex/params/SectorTags.hh
 [     CXX] src/mem/cache/base.cc -> Spandex/mem/cache/base.o
 [ TRACING]  -> Spandex/debug/CacheTags.hh
 [     CXX] src/mem/cache/cache.cc -> Spandex/mem/cache/cache.o
 [     CXX] src/mem/cache/cache_blk.cc -> Spandex/mem/cache/cache_blk.o
 [     CXX] src/mem/cache/mshr.cc -> Spandex/mem/cache/mshr.o
 [     CXX] src/mem/cache/mshr_queue.cc -> Spandex/mem/cache/mshr_queue.o
 [     CXX] src/mem/cache/noncoherent_cache.cc -> Spandex/mem/cache/noncoherent_cache.o
 [     CXX] src/mem/cache/write_queue.cc -> Spandex/mem/cache/write_queue.o
 [     CXX] src/mem/cache/write_queue_entry.cc -> Spandex/mem/cache/write_queue_entry.o
 [ TRACING]  -> Spandex/debug/Cache.cc
 [     CXX] Spandex/debug/Cache.cc -> .o
 [ TRACING]  -> Spandex/debug/CacheComp.cc
 [     CXX] Spandex/debug/CacheComp.cc -> .o
 [ TRACING]  -> Spandex/debug/CachePort.cc
 [     CXX] Spandex/debug/CachePort.cc -> .o
 [ TRACING]  -> Spandex/debug/CacheRepl.cc
 [     CXX] Spandex/debug/CacheRepl.cc -> .o
 [ TRACING]  -> Spandex/debug/CacheTags.cc
 [     CXX] Spandex/debug/CacheTags.cc -> .o
 [ TRACING]  -> Spandex/debug/CacheVerbose.cc
 [     CXX] Spandex/debug/CacheVerbose.cc -> .o
 [ TRACING]  -> Spandex/debug/HWPrefetch.cc
 [     CXX] Spandex/debug/HWPrefetch.cc -> .o
 [ TRACING]  -> Spandex/debug/MSHR.cc
 [     CXX] Spandex/debug/MSHR.cc -> .o
 [ TRACING]  -> Spandex/debug/HWPrefetchQueue.cc
 [ TRACING]  -> Spandex/debug/HWPrefetchQueue.hh
 [ TRACING]  -> Spandex/debug/PartitionPolicy.cc
 [     CXX] Spandex/debug/HWPrefetchQueue.cc -> .o
 [ TRACING]  -> Spandex/debug/PartitionPolicy.hh
 [     CXX] Spandex/debug/PartitionPolicy.cc -> .o
 [ TRACING]  -> Spandex/debug/CacheAll.cc
 [ TRACING]  -> Spandex/debug/CacheAll.hh
 [     CXX] Spandex/mem/cache/replacement_policies/ReplacementPolicies.py.cc -> .o
 [     CXX] Spandex/debug/CacheAll.cc -> .o
 [SO Param] m5.objects.ReplacementPolicies, BaseReplacementPolicy -> Spandex/python/_m5/param_BaseReplacementPolicy.cc
 [     CXX] Spandex/python/_m5/param_BaseReplacementPolicy.cc -> .o
 [SO Param] m5.objects.ReplacementPolicies, DuelingRP -> Spandex/python/_m5/param_DuelingRP.cc
 [SO Param] m5.objects.ReplacementPolicies, DuelingRP -> Spandex/params/DuelingRP.hh
 [     CXX] Spandex/python/_m5/param_DuelingRP.cc -> .o
 [SO Param] m5.objects.ReplacementPolicies, FIFORP -> Spandex/python/_m5/param_FIFORP.cc
 [SO Param] m5.objects.ReplacementPolicies, FIFORP -> Spandex/params/FIFORP.hh
 [     CXX] Spandex/python/_m5/param_FIFORP.cc -> .o
 [SO Param] m5.objects.ReplacementPolicies, SecondChanceRP -> Spandex/python/_m5/param_SecondChanceRP.cc
 [SO Param] m5.objects.ReplacementPolicies, SecondChanceRP -> Spandex/params/SecondChanceRP.hh
 [     CXX] Spandex/python/_m5/param_SecondChanceRP.cc -> .o
 [SO Param] m5.objects.ReplacementPolicies, LFURP -> Spandex/python/_m5/param_LFURP.cc
 [SO Param] m5.objects.ReplacementPolicies, LFURP -> Spandex/params/LFURP.hh
 [     CXX] Spandex/python/_m5/param_LFURP.cc -> .o
 [SO Param] m5.objects.ReplacementPolicies, LRURP -> Spandex/python/_m5/param_LRURP.cc
 [SO Param] m5.objects.ReplacementPolicies, LRURP -> Spandex/params/LRURP.hh
 [     CXX] Spandex/python/_m5/param_LRURP.cc -> .o
 [SO Param] m5.objects.ReplacementPolicies, BIPRP -> Spandex/python/_m5/param_BIPRP.cc
 [SO Param] m5.objects.ReplacementPolicies, BIPRP -> Spandex/params/BIPRP.hh
 [     CXX] Spandex/python/_m5/param_BIPRP.cc -> .o
 [SO Param] m5.objects.ReplacementPolicies, MRURP -> Spandex/python/_m5/param_MRURP.cc
 [SO Param] m5.objects.ReplacementPolicies, MRURP -> Spandex/params/MRURP.hh
 [     CXX] Spandex/python/_m5/param_MRURP.cc -> .o
 [SO Param] m5.objects.ReplacementPolicies, RandomRP -> Spandex/python/_m5/param_RandomRP.cc
 [SO Param] m5.objects.ReplacementPolicies, RandomRP -> Spandex/params/RandomRP.hh
 [     CXX] Spandex/python/_m5/param_RandomRP.cc -> .o
 [SO Param] m5.objects.ReplacementPolicies, BRRIPRP -> Spandex/python/_m5/param_BRRIPRP.cc
 [SO Param] m5.objects.ReplacementPolicies, BRRIPRP -> Spandex/params/BRRIPRP.hh
 [     CXX] Spandex/python/_m5/param_BRRIPRP.cc -> .o
 [SO Param] m5.objects.ReplacementPolicies, SHiPRP -> Spandex/python/_m5/param_SHiPRP.cc
 [SO Param] m5.objects.ReplacementPolicies, SHiPRP -> Spandex/params/SHiPRP.hh
 [     CXX] Spandex/python/_m5/param_SHiPRP.cc -> .o
 [SO Param] m5.objects.ReplacementPolicies, SHiPMemRP -> Spandex/python/_m5/param_SHiPMemRP.cc
 [SO Param] m5.objects.ReplacementPolicies, SHiPMemRP -> Spandex/params/SHiPMemRP.hh
 [     CXX] Spandex/python/_m5/param_SHiPMemRP.cc -> .o
 [SO Param] m5.objects.ReplacementPolicies, SHiPPCRP -> Spandex/python/_m5/param_SHiPPCRP.cc
 [SO Param] m5.objects.ReplacementPolicies, SHiPPCRP -> Spandex/params/SHiPPCRP.hh
 [     CXX] Spandex/python/_m5/param_SHiPPCRP.cc -> .o
 [SO Param] m5.objects.ReplacementPolicies, TreePLRURP -> Spandex/python/_m5/param_TreePLRURP.cc
 [SO Param] m5.objects.ReplacementPolicies, TreePLRURP -> Spandex/params/TreePLRURP.hh
 [     CXX] Spandex/python/_m5/param_TreePLRURP.cc -> .o
 [SO Param] m5.objects.ReplacementPolicies, WeightedLRURP -> Spandex/python/_m5/param_WeightedLRURP.cc
 [SO Param] m5.objects.ReplacementPolicies, WeightedLRURP -> Spandex/params/WeightedLRURP.hh
 [     CXX] Spandex/python/_m5/param_WeightedLRURP.cc -> .o
 [     CXX] src/mem/cache/replacement_policies/bip_rp.cc -> Spandex/mem/cache/replacement_policies/bip_rp.o
 [     CXX] src/mem/cache/replacement_policies/brrip_rp.cc -> Spandex/mem/cache/replacement_policies/brrip_rp.o
 [     CXX] src/mem/cache/replacement_policies/dueling_rp.cc -> Spandex/mem/cache/replacement_policies/dueling_rp.o
 [     CXX] src/mem/cache/replacement_policies/fifo_rp.cc -> Spandex/mem/cache/replacement_policies/fifo_rp.o
 [     CXX] src/mem/cache/replacement_policies/lfu_rp.cc -> Spandex/mem/cache/replacement_policies/lfu_rp.o
 [     CXX] src/mem/cache/replacement_policies/lru_rp.cc -> Spandex/mem/cache/replacement_policies/lru_rp.o
 [     CXX] src/mem/cache/replacement_policies/mru_rp.cc -> Spandex/mem/cache/replacement_policies/mru_rp.o
 [     CXX] src/mem/cache/replacement_policies/random_rp.cc -> Spandex/mem/cache/replacement_policies/random_rp.o
 [     CXX] src/mem/cache/replacement_policies/second_chance_rp.cc -> Spandex/mem/cache/replacement_policies/second_chance_rp.o
 [     CXX] src/mem/cache/replacement_policies/ship_rp.cc -> Spandex/mem/cache/replacement_policies/ship_rp.o
 [     CXX] src/mem/cache/replacement_policies/tree_plru_rp.cc -> Spandex/mem/cache/replacement_policies/tree_plru_rp.o
 [     CXX] src/mem/cache/replacement_policies/weighted_lru_rp.cc -> Spandex/mem/cache/replacement_policies/weighted_lru_rp.o
 [     CXX] Spandex/mem/cache/tags/Tags.py.cc -> .o
 [SO Param] m5.objects.Tags, BaseTags -> Spandex/python/_m5/param_BaseTags.cc
 [     CXX] Spandex/python/_m5/param_BaseTags.cc -> .o
 [SO Param] m5.objects.Tags, BaseSetAssoc -> Spandex/python/_m5/param_BaseSetAssoc.cc
 [SO Param] m5.objects.Tags, BaseSetAssoc -> Spandex/params/BaseSetAssoc.hh
 [     CXX] Spandex/python/_m5/param_BaseSetAssoc.cc -> .o
 [SO Param] m5.objects.Tags, SectorTags -> Spandex/python/_m5/param_SectorTags.cc
 [     CXX] Spandex/python/_m5/param_SectorTags.cc -> .o
 [SO Param] m5.objects.Tags, CompressedTags -> Spandex/python/_m5/param_CompressedTags.cc
 [SO Param] m5.objects.Tags, CompressedTags -> Spandex/params/CompressedTags.hh
 [     CXX] Spandex/python/_m5/param_CompressedTags.cc -> .o
 [SO Param] m5.objects.Tags, FALRU -> Spandex/python/_m5/param_FALRU.cc
 [SO Param] m5.objects.Tags, FALRU -> Spandex/params/FALRU.hh
 [     CXX] Spandex/python/_m5/param_FALRU.cc -> .o
 [SO Param] m5.objects.Tags, TaggedIndexingPolicy -> Spandex/python/_m5/param_TaggedIndexingPolicy.cc
 [     CXX] Spandex/python/_m5/param_TaggedIndexingPolicy.cc -> .o
 [SO Param] m5.objects.Tags, TaggedSetAssociative -> Spandex/python/_m5/param_TaggedSetAssociative.cc
 [     CXX] Spandex/python/_m5/param_TaggedSetAssociative.cc -> .o
 [     CXX] src/mem/cache/tags/base.cc -> Spandex/mem/cache/tags/base.o
 [     CXX] src/mem/cache/tags/base_set_assoc.cc -> Spandex/mem/cache/tags/base_set_assoc.o
 [     CXX] src/mem/cache/tags/compressed_tags.cc -> Spandex/mem/cache/tags/compressed_tags.o
 [     CXX] src/mem/cache/tags/dueling.cc -> Spandex/mem/cache/tags/dueling.o
 [     CXX] src/mem/cache/tags/fa_lru.cc -> Spandex/mem/cache/tags/fa_lru.o
 [     CXX] src/mem/cache/tags/sector_blk.cc -> Spandex/mem/cache/tags/sector_blk.o
 [     CXX] src/mem/cache/tags/sector_tags.cc -> Spandex/mem/cache/tags/sector_tags.o
 [     CXX] src/mem/cache/tags/super_blk.cc -> Spandex/mem/cache/tags/super_blk.o
 [     CXX] Spandex/mem/cache/tags/indexing_policies/IndexingPolicies.py.cc -> .o
 [SO Param] m5.objects.IndexingPolicies, BaseIndexingPolicy -> Spandex/python/_m5/param_BaseIndexingPolicy.cc
 [     CXX] Spandex/python/_m5/param_BaseIndexingPolicy.cc -> .o
 [SO Param] m5.objects.IndexingPolicies, SetAssociative -> Spandex/python/_m5/param_SetAssociative.cc
 [     CXX] Spandex/python/_m5/param_SetAssociative.cc -> .o
 [SO Param] m5.objects.IndexingPolicies, SkewedAssociative -> Spandex/python/_m5/param_SkewedAssociative.cc
 [SO Param] m5.objects.IndexingPolicies, SkewedAssociative -> Spandex/params/SkewedAssociative.hh
 [     CXX] Spandex/python/_m5/param_SkewedAssociative.cc -> .o
 [     CXX] src/mem/cache/tags/indexing_policies/set_associative.cc -> Spandex/mem/cache/tags/indexing_policies/set_associative.o
 [     CXX] src/mem/cache/tags/indexing_policies/skewed_associative.cc -> Spandex/mem/cache/tags/indexing_policies/skewed_associative.o
 [     CXX] Spandex/mem/cache/tags/partitioning_policies/PartitioningPolicies.py.cc -> .o
 [SO Param] m5.objects.PartitioningPolicies, PartitionManager -> Spandex/python/_m5/param_PartitionManager.cc
 [     CXX] Spandex/python/_m5/param_PartitionManager.cc -> .o
 [SO Param] m5.objects.PartitioningPolicies, BasePartitioningPolicy -> Spandex/python/_m5/param_BasePartitioningPolicy.cc
 [     CXX] Spandex/python/_m5/param_BasePartitioningPolicy.cc -> .o
 [SO Param] m5.objects.PartitioningPolicies, MaxCapacityPartitioningPolicy -> Spandex/python/_m5/param_MaxCapacityPartitioningPolicy.cc
 [SO Param] m5.objects.PartitioningPolicies, MaxCapacityPartitioningPolicy -> Spandex/params/MaxCapacityPartitioningPolicy.hh
 [     CXX] Spandex/python/_m5/param_MaxCapacityPartitioningPolicy.cc -> .o
 [SO Param] m5.objects.PartitioningPolicies, WayPolicyAllocation -> Spandex/python/_m5/param_WayPolicyAllocation.cc
 [SO Param] m5.objects.PartitioningPolicies, WayPolicyAllocation -> Spandex/params/WayPolicyAllocation.hh
 [     CXX] Spandex/python/_m5/param_WayPolicyAllocation.cc -> .o
 [SO Param] m5.objects.PartitioningPolicies, WayPartitioningPolicy -> Spandex/python/_m5/param_WayPartitioningPolicy.cc
 [SO Param] m5.objects.PartitioningPolicies, WayPartitioningPolicy -> Spandex/params/WayPartitioningPolicy.hh
 [     CXX] Spandex/python/_m5/param_WayPartitioningPolicy.cc -> .o
 [     CXX] src/mem/cache/tags/partitioning_policies/base_pp.cc -> Spandex/mem/cache/tags/partitioning_policies/base_pp.o
 [     CXX] src/mem/cache/tags/partitioning_policies/max_capacity_pp.cc -> Spandex/mem/cache/tags/partitioning_policies/max_capacity_pp.o
 [     CXX] src/mem/cache/tags/partitioning_policies/way_allocation.cc -> Spandex/mem/cache/tags/partitioning_policies/way_allocation.o
 [     CXX] src/mem/cache/tags/partitioning_policies/way_pp.cc -> Spandex/mem/cache/tags/partitioning_policies/way_pp.o
 [     CXX] src/mem/cache/tags/partitioning_policies/partition_manager.cc -> Spandex/mem/cache/tags/partitioning_policies/partition_manager.o
 [     CXX] Spandex/mem/cache/compressors/Compressors.py.cc -> .o
 [SO Param] m5.objects.Compressors, BaseCacheCompressor -> Spandex/python/_m5/param_BaseCacheCompressor.cc
 [     CXX] Spandex/python/_m5/param_BaseCacheCompressor.cc -> .o
 [SO Param] m5.objects.Compressors, BaseDictionaryCompressor -> Spandex/python/_m5/param_BaseDictionaryCompressor.cc
 [SO Param] m5.objects.Compressors, BaseDictionaryCompressor -> Spandex/params/BaseDictionaryCompressor.hh
 [     CXX] Spandex/python/_m5/param_BaseDictionaryCompressor.cc -> .o
 [SO Param] m5.objects.Compressors, Base64Delta8 -> Spandex/python/_m5/param_Base64Delta8.cc
 [SO Param] m5.objects.Compressors, Base64Delta8 -> Spandex/params/Base64Delta8.hh
 [     CXX] Spandex/python/_m5/param_Base64Delta8.cc -> .o
 [SO Param] m5.objects.Compressors, Base64Delta16 -> Spandex/python/_m5/param_Base64Delta16.cc
 [SO Param] m5.objects.Compressors, Base64Delta16 -> Spandex/params/Base64Delta16.hh
 [     CXX] Spandex/python/_m5/param_Base64Delta16.cc -> .o
 [SO Param] m5.objects.Compressors, Base64Delta32 -> Spandex/python/_m5/param_Base64Delta32.cc
 [SO Param] m5.objects.Compressors, Base64Delta32 -> Spandex/params/Base64Delta32.hh
 [     CXX] Spandex/python/_m5/param_Base64Delta32.cc -> .o
 [SO Param] m5.objects.Compressors, Base32Delta8 -> Spandex/python/_m5/param_Base32Delta8.cc
 [SO Param] m5.objects.Compressors, Base32Delta8 -> Spandex/params/Base32Delta8.hh
 [     CXX] Spandex/python/_m5/param_Base32Delta8.cc -> .o
 [SO Param] m5.objects.Compressors, Base32Delta16 -> Spandex/python/_m5/param_Base32Delta16.cc
 [SO Param] m5.objects.Compressors, Base32Delta16 -> Spandex/params/Base32Delta16.hh
 [     CXX] Spandex/python/_m5/param_Base32Delta16.cc -> .o
 [SO Param] m5.objects.Compressors, Base16Delta8 -> Spandex/python/_m5/param_Base16Delta8.cc
 [SO Param] m5.objects.Compressors, Base16Delta8 -> Spandex/params/Base16Delta8.hh
 [     CXX] Spandex/python/_m5/param_Base16Delta8.cc -> .o
 [SO Param] m5.objects.Compressors, CPack -> Spandex/python/_m5/param_CPack.cc
 [SO Param] m5.objects.Compressors, CPack -> Spandex/params/CPack.hh
 [     CXX] Spandex/python/_m5/param_CPack.cc -> .o
 [SO Param] m5.objects.Compressors, FPC -> Spandex/python/_m5/param_FPC.cc
 [SO Param] m5.objects.Compressors, FPC -> Spandex/params/FPC.hh
 [     CXX] Spandex/python/_m5/param_FPC.cc -> .o
 [SO Param] m5.objects.Compressors, FPCD -> Spandex/python/_m5/param_FPCD.cc
 [SO Param] m5.objects.Compressors, FPCD -> Spandex/params/FPCD.hh
 [     CXX] Spandex/python/_m5/param_FPCD.cc -> .o
 [SO Param] m5.objects.Compressors, FrequentValuesCompressor -> Spandex/python/_m5/param_FrequentValuesCompressor.cc
 [SO Param] m5.objects.Compressors, FrequentValuesCompressor -> Spandex/params/FrequentValuesCompressor.hh
 [     CXX] Spandex/python/_m5/param_FrequentValuesCompressor.cc -> .o
 [SO Param] m5.objects.Compressors, MultiCompressor -> Spandex/python/_m5/param_MultiCompressor.cc
 [SO Param] m5.objects.Compressors, MultiCompressor -> Spandex/params/MultiCompressor.hh
 [     CXX] Spandex/python/_m5/param_MultiCompressor.cc -> .o
 [SO Param] m5.objects.Compressors, PerfectCompressor -> Spandex/python/_m5/param_PerfectCompressor.cc
 [SO Param] m5.objects.Compressors, PerfectCompressor -> Spandex/params/PerfectCompressor.hh
 [     CXX] Spandex/python/_m5/param_PerfectCompressor.cc -> .o
 [SO Param] m5.objects.Compressors, RepeatedQwordsCompressor -> Spandex/python/_m5/param_RepeatedQwordsCompressor.cc
 [SO Param] m5.objects.Compressors, RepeatedQwordsCompressor -> Spandex/params/RepeatedQwordsCompressor.hh
 [     CXX] Spandex/python/_m5/param_RepeatedQwordsCompressor.cc -> .o
 [SO Param] m5.objects.Compressors, ZeroCompressor -> Spandex/python/_m5/param_ZeroCompressor.cc
 [SO Param] m5.objects.Compressors, ZeroCompressor -> Spandex/params/ZeroCompressor.hh
 [     CXX] Spandex/python/_m5/param_ZeroCompressor.cc -> .o
 [     CXX] src/mem/cache/compressors/base.cc -> Spandex/mem/cache/compressors/base.o
 [     CXX] src/mem/cache/compressors/base_dictionary_compressor.cc -> Spandex/mem/cache/compressors/base_dictionary_compressor.o
 [     CXX] src/mem/cache/compressors/base_delta.cc -> Spandex/mem/cache/compressors/base_delta.o
 [     CXX] src/mem/cache/compressors/cpack.cc -> Spandex/mem/cache/compressors/cpack.o
 [     CXX] src/mem/cache/compressors/fpc.cc -> Spandex/mem/cache/compressors/fpc.o
 [     CXX] src/mem/cache/compressors/fpcd.cc -> Spandex/mem/cache/compressors/fpcd.o
 [     CXX] src/mem/cache/compressors/frequent_values.cc -> Spandex/mem/cache/compressors/frequent_values.o
 [     CXX] src/mem/cache/compressors/multi.cc -> Spandex/mem/cache/compressors/multi.o
 [     CXX] src/mem/cache/compressors/perfect.cc -> Spandex/mem/cache/compressors/perfect.o
 [     CXX] src/mem/cache/compressors/repeated_qwords.cc -> Spandex/mem/cache/compressors/repeated_qwords.o
 [     CXX] src/mem/cache/compressors/zero.cc -> Spandex/mem/cache/compressors/zero.o
 [     CXX] src/mem/cache/compressors/encoders/huffman.cc -> Spandex/mem/cache/compressors/encoders/huffman.o
 [     CXX] Spandex/mem/cache/prefetch/Prefetcher.py.cc -> .o
 [SO Param] m5.objects.Prefetcher, BasePrefetcher -> Spandex/python/_m5/param_BasePrefetcher.cc
 [     CXX] Spandex/python/_m5/param_BasePrefetcher.cc -> .o
 [SO Param] m5.objects.Prefetcher, MultiPrefetcher -> Spandex/python/_m5/param_MultiPrefetcher.cc
 [SO Param] m5.objects.Prefetcher, MultiPrefetcher -> Spandex/params/MultiPrefetcher.hh
 [     CXX] Spandex/python/_m5/param_MultiPrefetcher.cc -> .o
 [SO Param] m5.objects.Prefetcher, QueuedPrefetcher -> Spandex/python/_m5/param_QueuedPrefetcher.cc
 [SO Param] m5.objects.Prefetcher, QueuedPrefetcher -> Spandex/params/QueuedPrefetcher.hh
 [     CXX] Spandex/python/_m5/param_QueuedPrefetcher.cc -> .o
 [SO Param] m5.objects.Prefetcher, StridePrefetcherHashedSetAssociative -> Spandex/python/_m5/param_StridePrefetcherHashedSetAssociative.cc
 [SO Param] m5.objects.Prefetcher, StridePrefetcherHashedSetAssociative -> Spandex/params/StridePrefetcherHashedSetAssociative.hh
 [     CXX] Spandex/python/_m5/param_StridePrefetcherHashedSetAssociative.cc -> .o
 [SO Param] m5.objects.Prefetcher, StridePrefetcher -> Spandex/python/_m5/param_StridePrefetcher.cc
 [SO Param] m5.objects.Prefetcher, StridePrefetcher -> Spandex/params/StridePrefetcher.hh
 [     CXX] Spandex/python/_m5/param_StridePrefetcher.cc -> .o
 [SO Param] m5.objects.Prefetcher, SmsPrefetcher -> Spandex/python/_m5/param_SmsPrefetcher.cc
 [SO Param] m5.objects.Prefetcher, SmsPrefetcher -> Spandex/params/SmsPrefetcher.hh
 [     CXX] Spandex/python/_m5/param_SmsPrefetcher.cc -> .o
 [SO Param] m5.objects.Prefetcher, TaggedPrefetcher -> Spandex/python/_m5/param_TaggedPrefetcher.cc
 [SO Param] m5.objects.Prefetcher, TaggedPrefetcher -> Spandex/params/TaggedPrefetcher.hh
 [     CXX] Spandex/python/_m5/param_TaggedPrefetcher.cc -> .o
 [SO Param] m5.objects.Prefetcher, IndirectMemoryPrefetcher -> Spandex/python/_m5/param_IndirectMemoryPrefetcher.cc
 [SO Param] m5.objects.Prefetcher, IndirectMemoryPrefetcher -> Spandex/params/IndirectMemoryPrefetcher.hh
 [     CXX] Spandex/python/_m5/param_IndirectMemoryPrefetcher.cc -> .o
 [SO Param] m5.objects.Prefetcher, SignaturePathPrefetcher -> Spandex/python/_m5/param_SignaturePathPrefetcher.cc
 [SO Param] m5.objects.Prefetcher, SignaturePathPrefetcher -> Spandex/params/SignaturePathPrefetcher.hh
 [     CXX] Spandex/python/_m5/param_SignaturePathPrefetcher.cc -> .o
 [SO Param] m5.objects.Prefetcher, SignaturePathPrefetcherV2 -> Spandex/python/_m5/param_SignaturePathPrefetcherV2.cc
 [SO Param] m5.objects.Prefetcher, SignaturePathPrefetcherV2 -> Spandex/params/SignaturePathPrefetcherV2.hh
 [     CXX] Spandex/python/_m5/param_SignaturePathPrefetcherV2.cc -> .o
 [SO Param] m5.objects.Prefetcher, AccessMapPatternMatching -> Spandex/python/_m5/param_AccessMapPatternMatching.cc
 [SO Param] m5.objects.Prefetcher, AccessMapPatternMatching -> Spandex/params/AccessMapPatternMatching.hh
 [     CXX] Spandex/python/_m5/param_AccessMapPatternMatching.cc -> .o
 [SO Param] m5.objects.Prefetcher, AMPMPrefetcher -> Spandex/python/_m5/param_AMPMPrefetcher.cc
 [SO Param] m5.objects.Prefetcher, AMPMPrefetcher -> Spandex/params/AMPMPrefetcher.hh
 [     CXX] Spandex/python/_m5/param_AMPMPrefetcher.cc -> .o
 [SO Param] m5.objects.Prefetcher, DeltaCorrelatingPredictionTables -> Spandex/python/_m5/param_DeltaCorrelatingPredictionTables.cc
 [SO Param] m5.objects.Prefetcher, DeltaCorrelatingPredictionTables -> Spandex/params/DeltaCorrelatingPredictionTables.hh
 [     CXX] Spandex/python/_m5/param_DeltaCorrelatingPredictionTables.cc -> .o
 [SO Param] m5.objects.Prefetcher, DCPTPrefetcher -> Spandex/python/_m5/param_DCPTPrefetcher.cc
 [SO Param] m5.objects.Prefetcher, DCPTPrefetcher -> Spandex/params/DCPTPrefetcher.hh
 [     CXX] Spandex/python/_m5/param_DCPTPrefetcher.cc -> .o
 [SO Param] m5.objects.Prefetcher, IrregularStreamBufferPrefetcher -> Spandex/python/_m5/param_IrregularStreamBufferPrefetcher.cc
 [SO Param] m5.objects.Prefetcher, IrregularStreamBufferPrefetcher -> Spandex/params/IrregularStreamBufferPrefetcher.hh
 [     CXX] Spandex/python/_m5/param_IrregularStreamBufferPrefetcher.cc -> .o
 [SO Param] m5.objects.Prefetcher, SlimAMPMPrefetcher -> Spandex/python/_m5/param_SlimAMPMPrefetcher.cc
 [SO Param] m5.objects.Prefetcher, SlimAMPMPrefetcher -> Spandex/params/SlimAMPMPrefetcher.hh
 [     CXX] Spandex/python/_m5/param_SlimAMPMPrefetcher.cc -> .o
 [SO Param] m5.objects.Prefetcher, BOPPrefetcher -> Spandex/python/_m5/param_BOPPrefetcher.cc
 [SO Param] m5.objects.Prefetcher, BOPPrefetcher -> Spandex/params/BOPPrefetcher.hh
 [     CXX] Spandex/python/_m5/param_BOPPrefetcher.cc -> .o
 [SO Param] m5.objects.Prefetcher, SBOOEPrefetcher -> Spandex/python/_m5/param_SBOOEPrefetcher.cc
 [SO Param] m5.objects.Prefetcher, SBOOEPrefetcher -> Spandex/params/SBOOEPrefetcher.hh
 [     CXX] Spandex/python/_m5/param_SBOOEPrefetcher.cc -> .o
 [SO Param] m5.objects.Prefetcher, STeMSPrefetcher -> Spandex/python/_m5/param_STeMSPrefetcher.cc
 [SO Param] m5.objects.Prefetcher, STeMSPrefetcher -> Spandex/params/STeMSPrefetcher.hh
 [     CXX] Spandex/python/_m5/param_STeMSPrefetcher.cc -> .o
 [SO Param] m5.objects.Prefetcher, PIFPrefetcher -> Spandex/python/_m5/param_PIFPrefetcher.cc
 [SO Param] m5.objects.Prefetcher, PIFPrefetcher -> Spandex/params/PIFPrefetcher.hh
 [     CXX] Spandex/python/_m5/param_PIFPrefetcher.cc -> .o
 [SO Param] m5.objects.Prefetcher, FetchDirectedPrefetcher -> Spandex/python/_m5/param_FetchDirectedPrefetcher.cc
 [SO Param] m5.objects.Prefetcher, FetchDirectedPrefetcher -> Spandex/params/FetchDirectedPrefetcher.hh
 [     CXX] Spandex/python/_m5/param_FetchDirectedPrefetcher.cc -> .o
 [     CXX] src/mem/cache/prefetch/access_map_pattern_matching.cc -> Spandex/mem/cache/prefetch/access_map_pattern_matching.o
 [     CXX] src/mem/cache/prefetch/base.cc -> Spandex/mem/cache/prefetch/base.o
 [     CXX] src/mem/cache/prefetch/multi.cc -> Spandex/mem/cache/prefetch/multi.o
 [     CXX] src/mem/cache/prefetch/bop.cc -> Spandex/mem/cache/prefetch/bop.o
 [     CXX] src/mem/cache/prefetch/delta_correlating_prediction_tables.cc -> Spandex/mem/cache/prefetch/delta_correlating_prediction_tables.o
 [     CXX] src/mem/cache/prefetch/irregular_stream_buffer.cc -> Spandex/mem/cache/prefetch/irregular_stream_buffer.o
 [     CXX] src/mem/cache/prefetch/indirect_memory.cc -> Spandex/mem/cache/prefetch/indirect_memory.o
 [     CXX] src/mem/cache/prefetch/pif.cc -> Spandex/mem/cache/prefetch/pif.o
 [     CXX] src/mem/cache/prefetch/queued.cc -> Spandex/mem/cache/prefetch/queued.o
 [     CXX] src/mem/cache/prefetch/sbooe.cc -> Spandex/mem/cache/prefetch/sbooe.o
 [     CXX] src/mem/cache/prefetch/sms.cc -> Spandex/mem/cache/prefetch/sms.o
 [     CXX] src/mem/cache/prefetch/signature_path.cc -> Spandex/mem/cache/prefetch/signature_path.o
 [     CXX] src/mem/cache/prefetch/signature_path_v2.cc -> Spandex/mem/cache/prefetch/signature_path_v2.o
 [     CXX] src/mem/cache/prefetch/slim_ampm.cc -> Spandex/mem/cache/prefetch/slim_ampm.o
 [     CXX] src/mem/cache/prefetch/spatio_temporal_memory_streaming.cc -> Spandex/mem/cache/prefetch/spatio_temporal_memory_streaming.o
 [     CXX] src/mem/cache/prefetch/stride.cc -> Spandex/mem/cache/prefetch/stride.o
 [     CXX] src/mem/cache/prefetch/tagged.cc -> Spandex/mem/cache/prefetch/tagged.o
 [     CXX] src/mem/cache/prefetch/fdp.cc -> Spandex/mem/cache/prefetch/fdp.o
 [     CXX] Spandex/sim/ClockedObject.py.cc -> .o
 [SO Param] m5.objects.ClockedObject, ClockedObject -> Spandex/python/_m5/param_ClockedObject.cc
 [     CXX] Spandex/python/_m5/param_ClockedObject.cc -> .o
 [     CXX] Spandex/sim/TickedObject.py.cc -> .o
 [SO Param] m5.objects.TickedObject, TickedObject -> Spandex/python/_m5/param_TickedObject.cc
 [SO Param] m5.objects.TickedObject, TickedObject -> Spandex/params/TickedObject.hh
 [     CXX] Spandex/python/_m5/param_TickedObject.cc -> .o
 [     CXX] Spandex/sim/Workload.py.cc -> .o
 [SO Param] m5.objects.Workload, Workload -> Spandex/python/_m5/param_Workload.cc
 [     CXX] Spandex/python/_m5/param_Workload.cc -> .o
 [SO Param] m5.objects.Workload, StubWorkload -> Spandex/python/_m5/param_StubWorkload.cc
 [     CXX] Spandex/python/_m5/param_StubWorkload.cc -> .o
 [SO Param] m5.objects.Workload, KernelWorkload -> Spandex/python/_m5/param_KernelWorkload.cc
 [     CXX] Spandex/python/_m5/param_KernelWorkload.cc -> .o
 [SO Param] m5.objects.Workload, SEWorkload -> Spandex/python/_m5/param_SEWorkload.cc
 [     CXX] Spandex/python/_m5/param_SEWorkload.cc -> .o
 [ENUM STR] m5.objects.Workload, KernelPanicOopsBehaviour -> Spandex/enums/KernelPanicOopsBehaviour.cc
 [     CXX] Spandex/enums/KernelPanicOopsBehaviour.cc -> .o
 [     CXX] Spandex/sim/Root.py.cc -> .o
 [SO Param] m5.objects.Root, Root -> Spandex/python/_m5/param_Root.cc
 [     CXX] Spandex/python/_m5/param_Root.cc -> .o
 [     CXX] Spandex/sim/ClockDomain.py.cc -> .o
 [SO Param] m5.objects.ClockDomain, ClockDomain -> Spandex/python/_m5/param_ClockDomain.cc
 [SO Param] m5.objects.ClockDomain, SrcClockDomain -> Spandex/python/_m5/param_SrcClockDomain.cc
 [     CXX] Spandex/python/_m5/param_ClockDomain.cc -> .o
 [     CXX] Spandex/python/_m5/param_SrcClockDomain.cc -> .o
 [SO Param] m5.objects.ClockDomain, DerivedClockDomain -> Spandex/python/_m5/param_DerivedClockDomain.cc
 [     CXX] Spandex/python/_m5/param_DerivedClockDomain.cc -> .o
 [     CXX] Spandex/sim/VoltageDomain.py.cc -> .o
 [SO Param] m5.objects.VoltageDomain, VoltageDomain -> Spandex/python/_m5/param_VoltageDomain.cc
 [     CXX] Spandex/python/_m5/param_VoltageDomain.cc -> .o
 [     CXX] Spandex/sim/System.py.cc -> .o
 [SO Param] m5.objects.System, System -> Spandex/python/_m5/param_System.cc
 [     CXX] Spandex/python/_m5/param_System.cc -> .o
 [ENUM STR] m5.objects.System, MemoryMode -> Spandex/enums/MemoryMode.cc
 [     CXX] Spandex/enums/MemoryMode.cc -> .o
 [     CXX] Spandex/sim/DVFSHandler.py.cc -> .o
 [SO Param] m5.objects.DVFSHandler, DVFSHandler -> Spandex/python/_m5/param_DVFSHandler.cc
 [SO Param] m5.objects.DVFSHandler, DVFSHandler -> Spandex/params/DVFSHandler.hh
 [ TRACING]  -> Spandex/debug/DVFS.hh
 [     CXX] Spandex/python/_m5/param_DVFSHandler.cc -> .o
 [     CXX] Spandex/sim/SubSystem.py.cc -> .o
 [SO Param] m5.objects.SubSystem, SubSystem -> Spandex/python/_m5/param_SubSystem.cc
 [     CXX] Spandex/python/_m5/param_SubSystem.cc -> .o
 [     CXX] Spandex/sim/RedirectPath.py.cc -> .o
 [SO Param] m5.objects.RedirectPath, RedirectPath -> Spandex/python/_m5/param_RedirectPath.cc
 [     CXX] Spandex/python/_m5/param_RedirectPath.cc -> .o
 [     CXX] Spandex/sim/PowerState.py.cc -> .o
 [SO Param] m5.objects.PowerState, PowerState -> Spandex/python/_m5/param_PowerState.cc
 [     CXX] Spandex/python/_m5/param_PowerState.cc -> .o
 [ENUM STR] m5.objects.PowerState, PwrState -> Spandex/enums/PwrState.cc
 [     CXX] Spandex/enums/PwrState.cc -> .o
 [     CXX] Spandex/sim/PowerDomain.py.cc -> .o
 [SO Param] m5.objects.PowerDomain, PowerDomain -> Spandex/python/_m5/param_PowerDomain.cc
 [SO Param] m5.objects.PowerDomain, PowerDomain -> Spandex/params/PowerDomain.hh
 [     CXX] Spandex/python/_m5/param_PowerDomain.cc -> .o
 [     CXX] Spandex/sim/SignalPort.py.cc -> .o
 [     CXX] src/sim/async.cc -> Spandex/sim/async.o
 [     CXX] src/sim/backtrace_glibc.cc -> Spandex/sim/backtrace_glibc.o
 [     CXX] src/sim/bufval.cc -> Spandex/sim/bufval.o
 [     CXX] src/sim/core.cc -> Spandex/sim/core.o
 [     CXX] src/sim/cur_tick.cc -> Spandex/sim/cur_tick.o
 [VER TAGS]  -> Spandex/sim/tags.cc
 [     CXX] Spandex/sim/tags.cc -> .o
 [     CXX] src/sim/cxx_config.cc -> Spandex/sim/cxx_config.o
 [ TRACING]  -> Spandex/debug/CxxConfig.hh
 [     CXX] src/sim/cxx_manager.cc -> Spandex/sim/cxx_manager.o
 [     CXX] src/sim/cxx_config_ini.cc -> Spandex/sim/cxx_config_ini.o
 [     CXX] src/sim/debug.cc -> Spandex/sim/debug.o
 [     CXX] src/sim/drain.cc -> Spandex/sim/drain.o
 [     CXX] src/sim/py_interact.cc -> Spandex/sim/py_interact.o
 [     CXX] src/sim/eventq.cc -> Spandex/sim/eventq.o
 [     CXX] src/sim/futex_map.cc -> Spandex/sim/futex_map.o
 [     CXX] src/sim/global_event.cc -> Spandex/sim/global_event.o
 [     CXX] src/sim/globals.cc -> Spandex/sim/globals.o
 [     CXX] src/sim/init.cc -> Spandex/sim/init.o
 [ TRACING]  -> Spandex/debug/ExternalSignal.hh
 [     CXX] src/sim/init_signals.cc -> Spandex/sim/init_signals.o
 [     CXX] src/sim/main.cc -> Spandex/sim/main.o
 [     CXX] src/sim/kernel_workload.cc -> Spandex/sim/kernel_workload.o
 [     CXX] src/sim/port.cc -> Spandex/sim/port.o
 [     CXX] src/sim/python.cc -> Spandex/sim/python.o
 [     CXX] src/sim/redirect_path.cc -> Spandex/sim/redirect_path.o
 [ TRACING]  -> Spandex/debug/TimeSync.hh
 [     CXX] src/sim/root.cc -> Spandex/sim/root.o
 [     CXX] src/sim/serialize.cc -> Spandex/sim/serialize.o
 [     CXX] src/sim/se_workload.cc -> Spandex/sim/se_workload.o
 [     CXX] src/sim/sim_events.cc -> Spandex/sim/sim_events.o
 [     CXX] src/sim/sim_object.cc -> Spandex/sim/sim_object.o
 [     CXX] src/sim/sub_system.cc -> Spandex/sim/sub_system.o
 [     CXX] src/sim/ticked_object.cc -> Spandex/sim/ticked_object.o
 [ TRACING]  -> Spandex/debug/EnteringEventQueue.hh
 [     CXX] src/sim/simulate.cc -> Spandex/sim/simulate.o
 [     CXX] src/sim/stat_control.cc -> Spandex/sim/stat_control.o
 [     CXX] src/sim/stat_register.cc -> Spandex/sim/stat_register.o
 [ TRACING]  -> Spandex/debug/ClockDomain.hh
 [     CXX] src/sim/clock_domain.cc -> Spandex/sim/clock_domain.o
 [ TRACING]  -> Spandex/debug/VoltageDomain.hh
 [     CXX] src/sim/voltage_domain.cc -> Spandex/sim/voltage_domain.o
 [     CXX] src/sim/se_signal.cc -> Spandex/sim/se_signal.o
 [     CXX] src/sim/linear_solver.cc -> Spandex/sim/linear_solver.o
 [ TRACING]  -> Spandex/debug/WorkItems.hh
 [     CXX] src/sim/system.cc -> Spandex/sim/system.o
 [     CXX] src/sim/dvfs_handler.cc -> Spandex/sim/dvfs_handler.o
 [     CXX] src/sim/clocked_object.cc -> Spandex/sim/clocked_object.o
 [     CXX] src/sim/mathexpr.cc -> Spandex/sim/mathexpr.o
 [ TRACING]  -> Spandex/debug/PowerDomain.hh
 [     CXX] src/sim/power_state.cc -> Spandex/sim/power_state.o
 [     CXX] src/sim/power_domain.cc -> Spandex/sim/power_domain.o
 [     CXX] src/sim/stats.cc -> Spandex/sim/stats.o
 [     CXX] src/sim/workload.cc -> Spandex/sim/workload.o
 [     CXX] src/sim/mem_pool.cc -> Spandex/sim/mem_pool.o
 [     CXX] Spandex/sim/InstTracer.py.cc -> .o
 [SO Param] m5.objects.InstTracer, InstTracer -> Spandex/python/_m5/param_InstTracer.cc
 [     CXX] Spandex/python/_m5/param_InstTracer.cc -> .o
 [SO Param] m5.objects.InstTracer, InstDisassembler -> Spandex/python/_m5/param_InstDisassembler.cc
 [     CXX] Spandex/python/_m5/param_InstDisassembler.cc -> .o
 [     CXX] Spandex/sim/Process.py.cc -> .o
 [SO Param] m5.objects.Process, Process -> Spandex/python/_m5/param_Process.cc
 [     CXX] Spandex/python/_m5/param_Process.cc -> .o
 [SO Param] m5.objects.Process, EmulatedDriver -> Spandex/python/_m5/param_EmulatedDriver.cc
 [     CXX] Spandex/python/_m5/param_EmulatedDriver.cc -> .o
 [     CXX] src/sim/faults.cc -> Spandex/sim/faults.o
 [     CXX] src/sim/process.cc -> Spandex/sim/process.o
 [     CXX] src/sim/fd_array.cc -> Spandex/sim/fd_array.o
 [     CXX] src/sim/fd_entry.cc -> Spandex/sim/fd_entry.o
 [     CXX] src/sim/mem_state.cc -> Spandex/sim/mem_state.o
 [     CXX] src/sim/pseudo_inst.cc -> Spandex/sim/pseudo_inst.o
 [     CXX] src/sim/syscall_emul.cc -> Spandex/sim/syscall_emul.o
 [     CXX] src/sim/syscall_desc.cc -> Spandex/sim/syscall_desc.o
 [     CXX] src/sim/vma.cc -> Spandex/sim/vma.o
 [ TRACING]  -> Spandex/debug/Checkpoint.cc
 [     CXX] Spandex/debug/Checkpoint.cc -> .o
 [ TRACING]  -> Spandex/debug/Config.cc
 [     CXX] Spandex/debug/Config.cc -> .o
 [ TRACING]  -> Spandex/debug/CxxConfig.cc
 [     CXX] Spandex/debug/CxxConfig.cc -> .o
 [ TRACING]  -> Spandex/debug/Drain.cc
 [     CXX] Spandex/debug/Drain.cc -> .o
 [ TRACING]  -> Spandex/debug/Event.cc
 [ TRACING]  -> Spandex/debug/ExternalSignal.cc
 [     CXX] Spandex/debug/Event.cc -> .o
 [     CXX] Spandex/debug/ExternalSignal.cc -> .o
 [ TRACING]  -> Spandex/debug/Flow.cc
 [ TRACING]  -> Spandex/debug/IPI.cc
 [ TRACING]  -> Spandex/debug/Flow.hh
 [ TRACING]  -> Spandex/debug/IPI.hh
 [     CXX] Spandex/debug/Flow.cc -> .o
 [     CXX] Spandex/debug/IPI.cc -> .o
 [ TRACING]  -> Spandex/debug/IPR.cc
 [ TRACING]  -> Spandex/debug/Interrupt.cc
 [ TRACING]  -> Spandex/debug/IPR.hh
 [ TRACING]  -> Spandex/debug/Interrupt.hh
 [     CXX] Spandex/debug/IPR.cc -> .o
 [     CXX] Spandex/debug/Interrupt.cc -> .o
 [ TRACING]  -> Spandex/debug/Loader.cc
 [ TRACING]  -> Spandex/debug/PseudoInst.cc
 [     CXX] Spandex/debug/Loader.cc -> .o
 [     CXX] Spandex/debug/PseudoInst.cc -> .o
 [ TRACING]  -> Spandex/debug/Stack.cc
 [ TRACING]  -> Spandex/debug/SyscallBase.cc
 [     CXX] Spandex/debug/Stack.cc -> .o
 [     CXX] Spandex/debug/SyscallBase.cc -> .o
 [ TRACING]  -> Spandex/debug/SyscallVerbose.cc
 [ TRACING]  -> Spandex/debug/TimeSync.cc
 [     CXX] Spandex/debug/SyscallVerbose.cc -> .o
 [     CXX] Spandex/debug/TimeSync.cc -> .o
 [ TRACING]  -> Spandex/debug/Thread.cc
 [ TRACING]  -> Spandex/debug/Timer.cc
 [     CXX] Spandex/debug/Thread.cc -> .o
 [ TRACING]  -> Spandex/debug/Timer.hh
 [     CXX] Spandex/debug/Timer.cc -> .o
 [ TRACING]  -> Spandex/debug/VtoPhys.cc
 [ TRACING]  -> Spandex/debug/VtoPhys.hh
 [ TRACING]  -> Spandex/debug/WorkItems.cc
 [     CXX] Spandex/debug/VtoPhys.cc -> .o
 [     CXX] Spandex/debug/WorkItems.cc -> .o
 [ TRACING]  -> Spandex/debug/ClockDomain.cc
 [ TRACING]  -> Spandex/debug/VoltageDomain.cc
 [     CXX] Spandex/debug/ClockDomain.cc -> .o
 [     CXX] Spandex/debug/VoltageDomain.cc -> .o
 [ TRACING]  -> Spandex/debug/DVFS.cc
 [ TRACING]  -> Spandex/debug/Vma.cc
 [     CXX] Spandex/debug/DVFS.cc -> .o
 [     CXX] Spandex/debug/Vma.cc -> .o
 [ TRACING]  -> Spandex/debug/PowerDomain.cc
 [ TRACING]  -> Spandex/debug/EnteringEventQueue.cc
 [     CXX] Spandex/debug/PowerDomain.cc -> .o
 [     CXX] Spandex/debug/EnteringEventQueue.cc -> .o
 [ TRACING]  -> Spandex/debug/SyscallAll.cc
 [     CXX] Spandex/sim/power/MathExprPowerModel.py.cc -> .o
 [ TRACING]  -> Spandex/debug/SyscallAll.hh
 [     CXX] Spandex/debug/SyscallAll.cc -> .o
 [SO Param] m5.objects.MathExprPowerModel, MathExprPowerModel -> Spandex/python/_m5/param_MathExprPowerModel.cc
 [SO Param] m5.objects.MathExprPowerModel, MathExprPowerModel -> Spandex/params/MathExprPowerModel.hh
 [     CXX] Spandex/python/_m5/param_MathExprPowerModel.cc -> .o
 [     CXX] Spandex/sim/power/PowerModel.py.cc -> .o
 [SO Param] m5.objects.PowerModel, PowerModel -> Spandex/python/_m5/param_PowerModel.cc
 [     CXX] Spandex/python/_m5/param_PowerModel.cc -> .o
 [ENUM STR] m5.objects.PowerModel, PMType -> Spandex/enums/PMType.cc
 [     CXX] Spandex/enums/PMType.cc -> .o
 [     CXX] Spandex/sim/power/PowerModelState.py.cc -> .o
 [SO Param] m5.objects.PowerModelState, PowerModelState -> Spandex/python/_m5/param_PowerModelState.cc
 [     CXX] Spandex/python/_m5/param_PowerModelState.cc -> .o
 [     CXX] Spandex/sim/power/ThermalDomain.py.cc -> .o
 [SO Param] m5.objects.ThermalDomain, ThermalDomain -> Spandex/python/_m5/param_ThermalDomain.cc
 [     CXX] Spandex/python/_m5/param_ThermalDomain.cc -> .o
 [     CXX] Spandex/sim/power/ThermalModel.py.cc -> .o
 [SO Param] m5.objects.ThermalModel, ThermalNode -> Spandex/python/_m5/param_ThermalNode.cc
 [SO Param] m5.objects.ThermalModel, ThermalNode -> Spandex/params/ThermalNode.hh
 [     CXX] Spandex/python/_m5/param_ThermalNode.cc -> .o
 [SO Param] m5.objects.ThermalModel, ThermalResistor -> Spandex/python/_m5/param_ThermalResistor.cc
 [SO Param] m5.objects.ThermalModel, ThermalResistor -> Spandex/params/ThermalResistor.hh
 [     CXX] Spandex/python/_m5/param_ThermalResistor.cc -> .o
 [SO Param] m5.objects.ThermalModel, ThermalCapacitor -> Spandex/python/_m5/param_ThermalCapacitor.cc
 [SO Param] m5.objects.ThermalModel, ThermalCapacitor -> Spandex/params/ThermalCapacitor.hh
 [     CXX] Spandex/python/_m5/param_ThermalCapacitor.cc -> .o
 [SO Param] m5.objects.ThermalModel, ThermalReference -> Spandex/python/_m5/param_ThermalReference.cc
 [SO Param] m5.objects.ThermalModel, ThermalReference -> Spandex/params/ThermalReference.hh
 [     CXX] Spandex/python/_m5/param_ThermalReference.cc -> .o
 [SO Param] m5.objects.ThermalModel, ThermalModel -> Spandex/python/_m5/param_ThermalModel.cc
 [     CXX] Spandex/python/_m5/param_ThermalModel.cc -> .o
 [     CXX] src/sim/power/power_model.cc -> Spandex/sim/power/power_model.o
 [     CXX] src/sim/power/mathexpr_powermodel.cc -> Spandex/sim/power/mathexpr_powermodel.o
 [ TRACING]  -> Spandex/debug/ThermalDomain.hh
 [     CXX] src/sim/power/thermal_domain.cc -> Spandex/sim/power/thermal_domain.o
 [     CXX] src/sim/power/thermal_model.cc -> Spandex/sim/power/thermal_model.o
 [     CXX] src/sim/power/thermal_node.cc -> Spandex/sim/power/thermal_node.o
 [ TRACING]  -> Spandex/debug/ThermalDomain.cc
 [     CXX] Spandex/debug/ThermalDomain.cc -> .o
 [     CXX] Spandex/sim/probe/Probe.py.cc -> .o
 [SO Param] m5.objects.Probe, ProbeListenerObject -> Spandex/python/_m5/param_ProbeListenerObject.cc
 [     CXX] Spandex/python/_m5/param_ProbeListenerObject.cc -> .o
 [ TRACING]  -> Spandex/debug/ProbeVerbose.hh
 [     CXX] src/sim/probe/probe.cc -> Spandex/sim/probe/probe.o
 [     CXX] src/sim/probe/probe_listener_object.cc -> Spandex/sim/probe/probe_listener_object.o
 [ TRACING]  -> Spandex/debug/ProbeVerbose.cc
 [     CXX] Spandex/debug/ProbeVerbose.cc -> .o
 [     CXX] Spandex/dev/Device.py.cc -> .o
 [SO Param] m5.objects.Device, PioDevice -> Spandex/python/_m5/param_PioDevice.cc
 [     CXX] Spandex/python/_m5/param_PioDevice.cc -> .o
 [SO Param] m5.objects.Device, BasicPioDevice -> Spandex/python/_m5/param_BasicPioDevice.cc
 [     CXX] Spandex/python/_m5/param_BasicPioDevice.cc -> .o
 [SO Param] m5.objects.Device, DmaDevice -> Spandex/python/_m5/param_DmaDevice.cc
 [     CXX] Spandex/python/_m5/param_DmaDevice.cc -> .o
 [SO Param] m5.objects.Device, DmaVirtDevice -> Spandex/python/_m5/param_DmaVirtDevice.cc
 [     CXX] Spandex/python/_m5/param_DmaVirtDevice.cc -> .o
 [SO Param] m5.objects.Device, IsaFake -> Spandex/python/_m5/param_IsaFake.cc
 [     CXX] Spandex/python/_m5/param_IsaFake.cc -> .o
 [     CXX] src/dev/io_device.cc -> Spandex/dev/io_device.o
 [ TRACING]  -> Spandex/debug/IsaFake.hh
 [     CXX] src/dev/isa_fake.cc -> Spandex/dev/isa_fake.o
 [ TRACING]  -> Spandex/debug/DMA.hh
 [     CXX] src/dev/dma_device.cc -> Spandex/dev/dma_device.o
 [     CXX] src/dev/dma_virt_device.cc -> Spandex/dev/dma_virt_device.o
 [ TRACING]  -> Spandex/debug/IntPin.cc
 [     CXX] Spandex/debug/IntPin.cc -> .o
 [ TRACING]  -> Spandex/debug/IsaFake.cc
 [     CXX] Spandex/debug/IsaFake.cc -> .o
 [ TRACING]  -> Spandex/debug/DMA.cc
 [     CXX] Spandex/debug/DMA.cc -> .o
 [     CXX] Spandex/dev/Platform.py.cc -> .o
 [SO Param] m5.objects.Platform, Platform -> Spandex/python/_m5/param_Platform.cc
 [     CXX] Spandex/python/_m5/param_Platform.cc -> .o
 [     CXX] src/dev/platform.cc -> Spandex/dev/platform.o
 [     CXX] Spandex/dev/BadDevice.py.cc -> .o
 [SO Param] m5.objects.BadDevice, BadDevice -> Spandex/python/_m5/param_BadDevice.cc
 [SO Param] m5.objects.BadDevice, BadDevice -> Spandex/params/BadDevice.hh
 [     CXX] Spandex/python/_m5/param_BadDevice.cc -> .o
 [     CXX] src/dev/baddev.cc -> Spandex/dev/baddev.o
 [ TRACING]  -> Spandex/debug/Intel8254Timer.hh
 [     CXX] src/dev/intel_8254_timer.cc -> Spandex/dev/intel_8254_timer.o
 [ TRACING]  -> Spandex/debug/MC146818.hh
 [     CXX] src/dev/mc146818.cc -> Spandex/dev/mc146818.o
 [     CXX] src/dev/pixelpump.cc -> Spandex/dev/pixelpump.o
 [ TRACING]  -> Spandex/debug/Intel8254Timer.cc
 [     CXX] Spandex/debug/Intel8254Timer.cc -> .o
 [ TRACING]  -> Spandex/debug/MC146818.cc
 [     CXX] Spandex/debug/MC146818.cc -> .o
 [     CXX] Spandex/dev/hsa/HSADevice.py.cc -> .o
 [SO Param] m5.objects.HSADevice, HSAPacketProcessor -> Spandex/python/_m5/param_HSAPacketProcessor.cc
 [     CXX] Spandex/python/_m5/param_HSAPacketProcessor.cc -> .o
 [     CXX] src/dev/hsa/hsa_packet_processor.cc -> Spandex/dev/hsa/hsa_packet_processor.o
 [     CXX] src/dev/hsa/hw_scheduler.cc -> Spandex/dev/hsa/hw_scheduler.o
 [ TRACING]  -> Spandex/debug/HSAPacketProcessor.cc
 [     CXX] Spandex/debug/HSAPacketProcessor.cc -> .o
 [     CXX] Spandex/dev/ps2/PS2.py.cc -> .o
 [SO Param] m5.objects.PS2, PS2Device -> Spandex/python/_m5/param_PS2Device.cc
 [     CXX] Spandex/python/_m5/param_PS2Device.cc -> .o
 [SO Param] m5.objects.PS2, PS2Keyboard -> Spandex/python/_m5/param_PS2Keyboard.cc
 [SO Param] m5.objects.PS2, PS2Keyboard -> Spandex/params/PS2Keyboard.hh
 [     CXX] Spandex/python/_m5/param_PS2Keyboard.cc -> .o
 [SO Param] m5.objects.PS2, PS2Mouse -> Spandex/python/_m5/param_PS2Mouse.cc
 [SO Param] m5.objects.PS2, PS2Mouse -> Spandex/params/PS2Mouse.hh
 [     CXX] Spandex/python/_m5/param_PS2Mouse.cc -> .o
 [SO Param] m5.objects.PS2, PS2TouchKit -> Spandex/python/_m5/param_PS2TouchKit.cc
 [SO Param] m5.objects.PS2, PS2TouchKit -> Spandex/params/PS2TouchKit.hh
 [     CXX] Spandex/python/_m5/param_PS2TouchKit.cc -> .o
 [ TRACING]  -> Spandex/debug/PS2.hh
 [     CXX] src/dev/ps2/device.cc -> Spandex/dev/ps2/device.o
 [     CXX] src/dev/ps2/keyboard.cc -> Spandex/dev/ps2/keyboard.o
 [     CXX] src/dev/ps2/mouse.cc -> Spandex/dev/ps2/mouse.o
 [     CXX] src/dev/ps2/touchkit.cc -> Spandex/dev/ps2/touchkit.o
 [     CXX] src/dev/ps2/types.cc -> Spandex/dev/ps2/types.o
 [ TRACING]  -> Spandex/debug/PS2.cc
 [     CXX] Spandex/debug/PS2.cc -> .o
 [     CXX] Spandex/dev/virtio/VirtIO.py.cc -> .o
 [SO Param] m5.objects.VirtIO, VirtIODeviceBase -> Spandex/python/_m5/param_VirtIODeviceBase.cc
 [SO Param] m5.objects.VirtIO, VirtIODeviceBase -> Spandex/params/VirtIODeviceBase.hh
 [     CXX] Spandex/python/_m5/param_VirtIODeviceBase.cc -> .o
 [SO Param] m5.objects.VirtIO, VirtIODummyDevice -> Spandex/python/_m5/param_VirtIODummyDevice.cc
 [SO Param] m5.objects.VirtIO, VirtIODummyDevice -> Spandex/params/VirtIODummyDevice.hh
 [     CXX] Spandex/python/_m5/param_VirtIODummyDevice.cc -> .o
 [SO Param] m5.objects.VirtIO, PciVirtIO -> Spandex/python/_m5/param_PciVirtIO.cc
 [SO Param] m5.objects.VirtIO, PciVirtIO -> Spandex/params/PciVirtIO.hh
 [     CXX] Spandex/python/_m5/param_PciVirtIO.cc -> .o
 [     CXX] Spandex/dev/virtio/VirtIOConsole.py.cc -> .o
 [SO Param] m5.objects.VirtIOConsole, VirtIOConsole -> Spandex/python/_m5/param_VirtIOConsole.cc
 [SO Param] m5.objects.VirtIOConsole, VirtIOConsole -> Spandex/params/VirtIOConsole.hh
 [SO Param] m5.objects.Serial, SerialDevice -> Spandex/params/SerialDevice.hh
 [     CXX] Spandex/python/_m5/param_VirtIOConsole.cc -> .o
 [     CXX] Spandex/dev/virtio/VirtIOBlock.py.cc -> .o
 [SO Param] m5.objects.VirtIOBlock, VirtIOBlock -> Spandex/python/_m5/param_VirtIOBlock.cc
 [SO Param] m5.objects.VirtIOBlock, VirtIOBlock -> Spandex/params/VirtIOBlock.hh
 [SO Param] m5.objects.DiskImage, CowDiskImage -> Spandex/params/CowDiskImage.hh
 [SO Param] m5.objects.DiskImage, DiskImage -> Spandex/params/DiskImage.hh
 [SO Param] m5.objects.DiskImage, RawDiskImage -> Spandex/params/RawDiskImage.hh
 [     CXX] Spandex/python/_m5/param_VirtIOBlock.cc -> .o
 [     CXX] Spandex/dev/virtio/VirtIORng.py.cc -> .o
 [SO Param] m5.objects.VirtIORng, VirtIORng -> Spandex/python/_m5/param_VirtIORng.cc
 [SO Param] m5.objects.VirtIORng, VirtIORng -> Spandex/params/VirtIORng.hh
 [     CXX] Spandex/python/_m5/param_VirtIORng.cc -> .o
 [     CXX] Spandex/dev/virtio/VirtIO9P.py.cc -> .o
 [SO Param] m5.objects.VirtIO9P, VirtIO9PBase -> Spandex/python/_m5/param_VirtIO9PBase.cc
 [SO Param] m5.objects.VirtIO9P, VirtIO9PBase -> Spandex/params/VirtIO9PBase.hh
 [     CXX] Spandex/python/_m5/param_VirtIO9PBase.cc -> .o
 [SO Param] m5.objects.VirtIO9P, VirtIO9PProxy -> Spandex/python/_m5/param_VirtIO9PProxy.cc
 [SO Param] m5.objects.VirtIO9P, VirtIO9PProxy -> Spandex/params/VirtIO9PProxy.hh
 [     CXX] Spandex/python/_m5/param_VirtIO9PProxy.cc -> .o
 [SO Param] m5.objects.VirtIO9P, VirtIO9PDiod -> Spandex/python/_m5/param_VirtIO9PDiod.cc
 [SO Param] m5.objects.VirtIO9P, VirtIO9PDiod -> Spandex/params/VirtIO9PDiod.hh
 [     CXX] Spandex/python/_m5/param_VirtIO9PDiod.cc -> .o
 [SO Param] m5.objects.VirtIO9P, VirtIO9PSocket -> Spandex/python/_m5/param_VirtIO9PSocket.cc
 [SO Param] m5.objects.VirtIO9P, VirtIO9PSocket -> Spandex/params/VirtIO9PSocket.hh
 [     CXX] Spandex/python/_m5/param_VirtIO9PSocket.cc -> .o
 [ TRACING]  -> Spandex/debug/VIO.hh
 [     CXX] src/dev/virtio/base.cc -> Spandex/dev/virtio/base.o
 [ TRACING]  -> Spandex/debug/VIOIface.hh
 [     CXX] src/dev/virtio/pci.cc -> Spandex/dev/virtio/pci.o
 [ TRACING]  -> Spandex/debug/VIOConsole.hh
 [     CXX] src/dev/virtio/console.cc -> Spandex/dev/virtio/console.o
 [ TRACING]  -> Spandex/debug/VIOBlock.hh
 [     CXX] src/dev/virtio/block.cc -> Spandex/dev/virtio/block.o
 [ TRACING]  -> Spandex/debug/VIO9P.hh
 [ TRACING]  -> Spandex/debug/VIO9PData.hh
 [     CXX] src/dev/virtio/fs9p.cc -> Spandex/dev/virtio/fs9p.o
 [ TRACING]  -> Spandex/debug/VIORng.hh
 [     CXX] src/dev/virtio/rng.cc -> Spandex/dev/virtio/rng.o
 [ TRACING]  -> Spandex/debug/VIO.cc
 [     CXX] Spandex/debug/VIO.cc -> .o
 [ TRACING]  -> Spandex/debug/VIORng.cc
 [     CXX] Spandex/debug/VIORng.cc -> .o
 [ TRACING]  -> Spandex/debug/VIOIface.cc
 [     CXX] Spandex/debug/VIOIface.cc -> .o
 [ TRACING]  -> Spandex/debug/VIOConsole.cc
 [     CXX] Spandex/debug/VIOConsole.cc -> .o
 [ TRACING]  -> Spandex/debug/VIOBlock.cc
 [     CXX] Spandex/debug/VIOBlock.cc -> .o
 [ TRACING]  -> Spandex/debug/VIO9P.cc
 [     CXX] Spandex/debug/VIO9P.cc -> .o
 [ TRACING]  -> Spandex/debug/VIO9PData.cc
 [     CXX] Spandex/debug/VIO9PData.cc -> .o
 [     CXX] Spandex/dev/pci/PciDevice.py.cc -> .o
 [SO Param] m5.objects.PciDevice, PciBar -> Spandex/python/_m5/param_PciBar.cc
 [     CXX] Spandex/python/_m5/param_PciBar.cc -> .o
 [SO Param] m5.objects.PciDevice, PciBarNone -> Spandex/python/_m5/param_PciBarNone.cc
 [     CXX] Spandex/python/_m5/param_PciBarNone.cc -> .o
 [SO Param] m5.objects.PciDevice, PciIoBar -> Spandex/python/_m5/param_PciIoBar.cc
 [     CXX] Spandex/python/_m5/param_PciIoBar.cc -> .o
 [SO Param] m5.objects.PciDevice, PciLegacyIoBar -> Spandex/python/_m5/param_PciLegacyIoBar.cc
 [     CXX] Spandex/python/_m5/param_PciLegacyIoBar.cc -> .o
 [SO Param] m5.objects.PciDevice, PciMemBar -> Spandex/python/_m5/param_PciMemBar.cc
 [     CXX] Spandex/python/_m5/param_PciMemBar.cc -> .o
 [SO Param] m5.objects.PciDevice, PciMemUpperBar -> Spandex/python/_m5/param_PciMemUpperBar.cc
 [     CXX] Spandex/python/_m5/param_PciMemUpperBar.cc -> .o
 [SO Param] m5.objects.PciDevice, PciDevice -> Spandex/python/_m5/param_PciDevice.cc
 [     CXX] Spandex/python/_m5/param_PciDevice.cc -> .o
 [SO Param] m5.objects.PciDevice, PciEndpoint -> Spandex/python/_m5/param_PciEndpoint.cc
 [     CXX] Spandex/python/_m5/param_PciEndpoint.cc -> .o
 [SO Param] m5.objects.PciDevice, PciType1Device -> Spandex/python/_m5/param_PciType1Device.cc
 [     CXX] Spandex/python/_m5/param_PciType1Device.cc -> .o
 [ TRACING]  -> Spandex/debug/PciDevice.hh
 [     CXX] src/dev/pci/device.cc -> Spandex/dev/pci/device.o
 [ TRACING]  -> Spandex/debug/PciDevice.cc
 [     CXX] Spandex/debug/PciDevice.cc -> .o
 [     CXX] Spandex/dev/pci/PciUpstream.py.cc -> .o
 [SO Param] m5.objects.PciUpstream, PciUpstream -> Spandex/python/_m5/param_PciUpstream.cc
 [     CXX] Spandex/python/_m5/param_PciUpstream.cc -> .o
 [SO Param] m5.objects.PciUpstream, PciUpDownBridge -> Spandex/python/_m5/param_PciUpDownBridge.cc
 [     CXX] Spandex/python/_m5/param_PciUpDownBridge.cc -> .o
 [SO Param] m5.objects.PciUpstream, PciBus -> Spandex/python/_m5/param_PciBus.cc
 [SO Param] m5.objects.PciUpstream, PciBus -> Spandex/params/PciBus.hh
 [     CXX] Spandex/python/_m5/param_PciBus.cc -> .o
 [SO Param] m5.objects.PciUpstream, PciConfigError -> Spandex/python/_m5/param_PciConfigError.cc
 [     CXX] Spandex/python/_m5/param_PciConfigError.cc -> .o
 [ TRACING]  -> Spandex/debug/PciUpstream.hh
 [     CXX] src/dev/pci/upstream.cc -> Spandex/dev/pci/upstream.o
 [     CXX] src/dev/pci/up_down_bridge.cc -> Spandex/dev/pci/up_down_bridge.o
 [     CXX] src/dev/pci/bus.cc -> Spandex/dev/pci/bus.o
 [ TRACING]  -> Spandex/debug/PciUpstream.cc
 [     CXX] Spandex/debug/PciUpstream.cc -> .o
 [     CXX] Spandex/dev/pci/PciHost.py.cc -> .o
 [SO Param] m5.objects.PciHost, PciHost -> Spandex/python/_m5/param_PciHost.cc
 [SO Param] m5.objects.PciHost, PciHost -> Spandex/params/PciHost.hh
 [     CXX] Spandex/python/_m5/param_PciHost.cc -> .o
 [SO Param] m5.objects.PciHost, GenericPciHost -> Spandex/python/_m5/param_GenericPciHost.cc
 [SO Param] m5.objects.PciHost, GenericPciHost -> Spandex/params/GenericPciHost.hh
 [     CXX] Spandex/python/_m5/param_GenericPciHost.cc -> .o
 [ TRACING]  -> Spandex/debug/PciHost.hh
 [     CXX] src/dev/pci/host.cc -> Spandex/dev/pci/host.o
 [ TRACING]  -> Spandex/debug/PciHost.cc
 [     CXX] Spandex/debug/PciHost.cc -> .o
 [     CXX] Spandex/dev/pci/CopyEngine.py.cc -> .o
 [SO Param] m5.objects.CopyEngine, CopyEngine -> Spandex/python/_m5/param_CopyEngine.cc
 [SO Param] m5.objects.CopyEngine, CopyEngine -> Spandex/params/CopyEngine.hh
 [     CXX] Spandex/python/_m5/param_CopyEngine.cc -> .o
 [ TRACING]  -> Spandex/debug/DMACopyEngine.hh
 [     CXX] src/dev/pci/copy_engine.cc -> Spandex/dev/pci/copy_engine.o
 [ TRACING]  -> Spandex/debug/DMACopyEngine.cc
 [     CXX] Spandex/debug/DMACopyEngine.cc -> .o
 [     CXX] Spandex/dev/x86/Pc.py.cc -> .o
 [SO Param] m5.objects.Pc, Pc -> Spandex/python/_m5/param_Pc.cc
 [     CXX] Spandex/python/_m5/param_Pc.cc -> .o
 [     CXX] src/dev/x86/pc.cc -> Spandex/dev/x86/pc.o
 [     CXX] Spandex/dev/x86/SouthBridge.py.cc -> .o
 [SO Param] m5.objects.SouthBridge, SouthBridge -> Spandex/python/_m5/param_SouthBridge.cc
 [     CXX] src/dev/x86/south_bridge.cc -> Spandex/dev/x86/south_bridge.o
 [     CXX] Spandex/python/_m5/param_SouthBridge.cc -> .o
 [     CXX] Spandex/dev/x86/Cmos.py.cc -> .o
 [SO Param] m5.objects.Cmos, Cmos -> Spandex/python/_m5/param_Cmos.cc
 [     CXX] Spandex/python/_m5/param_Cmos.cc -> .o
 [ TRACING]  -> Spandex/debug/CMOS.hh
 [     CXX] src/dev/x86/cmos.cc -> Spandex/dev/x86/cmos.o
 [ TRACING]  -> Spandex/debug/CMOS.cc
 [     CXX] Spandex/debug/CMOS.cc -> .o
 [     CXX] Spandex/dev/x86/I8259.py.cc -> .o
 [SO Param] m5.objects.I8259, I8259 -> Spandex/python/_m5/param_I8259.cc
 [     CXX] Spandex/python/_m5/param_I8259.cc -> .o
 [ENUM STR] m5.objects.I8259, X86I8259CascadeMode -> Spandex/enums/X86I8259CascadeMode.cc
 [     CXX] Spandex/enums/X86I8259CascadeMode.cc -> .o
 [ TRACING]  -> Spandex/debug/I8259.hh
 [     CXX] src/dev/x86/i8259.cc -> Spandex/dev/x86/i8259.o
 [ TRACING]  -> Spandex/debug/I8259.cc
 [     CXX] Spandex/debug/I8259.cc -> .o
 [     CXX] Spandex/dev/x86/I8254.py.cc -> .o
 [SO Param] m5.objects.I8254, I8254 -> Spandex/python/_m5/param_I8254.cc
 [     CXX] Spandex/python/_m5/param_I8254.cc -> .o
 [ TRACING]  -> Spandex/debug/I8254.hh
 [     CXX] src/dev/x86/i8254.cc -> Spandex/dev/x86/i8254.o
 [ TRACING]  -> Spandex/debug/I8254.cc
 [     CXX] Spandex/debug/I8254.cc -> .o
 [     CXX] Spandex/dev/x86/I8237.py.cc -> .o
 [SO Param] m5.objects.I8237, I8237 -> Spandex/python/_m5/param_I8237.cc
 [     CXX] Spandex/python/_m5/param_I8237.cc -> .o
 [     CXX] src/dev/x86/i8237.cc -> Spandex/dev/x86/i8237.o
 [ TRACING]  -> Spandex/debug/I8237.cc
 [ TRACING]  -> Spandex/debug/I8237.hh
 [     CXX] Spandex/debug/I8237.cc -> .o
 [     CXX] Spandex/dev/x86/I8042.py.cc -> .o
 [SO Param] m5.objects.I8042, I8042 -> Spandex/python/_m5/param_I8042.cc
 [     CXX] Spandex/python/_m5/param_I8042.cc -> .o
 [ TRACING]  -> Spandex/debug/I8042.hh
 [     CXX] src/dev/x86/i8042.cc -> Spandex/dev/x86/i8042.o
 [ TRACING]  -> Spandex/debug/I8042.cc
 [     CXX] Spandex/debug/I8042.cc -> .o
 [     CXX] Spandex/dev/x86/X86Ide.py.cc -> .o
 [SO Param] m5.objects.X86Ide, X86IdeController -> Spandex/python/_m5/param_X86IdeController.cc
 [SO Param] m5.objects.X86Ide, X86IdeController -> Spandex/params/X86IdeController.hh
 [SO Param] m5.objects.Ide, IdeController -> Spandex/params/IdeController.hh
 [SO Param] m5.objects.Ide, IdeDisk -> Spandex/params/IdeDisk.hh
 [ENUMDECL] m5.objects.Ide, IdeID -> Spandex/enums/IdeID.hh
 [     CXX] Spandex/python/_m5/param_X86IdeController.cc -> .o
 [     CXX] src/dev/x86/ide_ctrl.cc -> Spandex/dev/x86/ide_ctrl.o
 [     CXX] Spandex/dev/x86/PcSpeaker.py.cc -> .o
 [SO Param] m5.objects.PcSpeaker, PcSpeaker -> Spandex/python/_m5/param_PcSpeaker.cc
 [     CXX] Spandex/python/_m5/param_PcSpeaker.cc -> .o
 [ TRACING]  -> Spandex/debug/PcSpeaker.hh
 [     CXX] src/dev/x86/speaker.cc -> Spandex/dev/x86/speaker.o
 [ TRACING]  -> Spandex/debug/PcSpeaker.cc
 [     CXX] Spandex/debug/PcSpeaker.cc -> .o
 [     CXX] Spandex/dev/x86/I82094AA.py.cc -> .o
 [SO Param] m5.objects.I82094AA, I82094AA -> Spandex/python/_m5/param_I82094AA.cc
 [     CXX] Spandex/python/_m5/param_I82094AA.cc -> .o
 [ TRACING]  -> Spandex/debug/I82094AA.hh
 [     CXX] src/dev/x86/i82094aa.cc -> Spandex/dev/x86/i82094aa.o
 [ TRACING]  -> Spandex/debug/I82094AA.cc
 [     CXX] Spandex/debug/I82094AA.cc -> .o
 [     CXX] Spandex/dev/x86/X86QemuFwCfg.py.cc -> .o
 [SO Param] m5.objects.X86QemuFwCfg, QemuFwCfgItemE820 -> Spandex/python/_m5/param_QemuFwCfgItemE820.cc
 [SO Param] m5.objects.X86QemuFwCfg, QemuFwCfgItemE820 -> Spandex/params/QemuFwCfgItemE820.hh
 [SO Param] m5.objects.QemuFwCfg, QemuFwCfg -> Spandex/params/QemuFwCfg.hh
 [SO Param] m5.objects.QemuFwCfg, QemuFwCfgIo -> Spandex/params/QemuFwCfgIo.hh
 [SO Param] m5.objects.QemuFwCfg, QemuFwCfgItem -> Spandex/params/QemuFwCfgItem.hh
 [SO Param] m5.objects.QemuFwCfg, QemuFwCfgItemBytes -> Spandex/params/QemuFwCfgItemBytes.hh
 [SO Param] m5.objects.QemuFwCfg, QemuFwCfgItemFile -> Spandex/params/QemuFwCfgItemFile.hh
 [SO Param] m5.objects.QemuFwCfg, QemuFwCfgItemString -> Spandex/params/QemuFwCfgItemString.hh
 [SO Param] m5.objects.QemuFwCfg, QemuFwCfgMmio -> Spandex/params/QemuFwCfgMmio.hh
 [     CXX] Spandex/python/_m5/param_QemuFwCfgItemE820.cc -> .o
 [     CXX] src/dev/x86/qemu_fw_cfg.cc -> Spandex/dev/x86/qemu_fw_cfg.o
 [     CXX] Spandex/dev/serial/Serial.py.cc -> .o
 [SO Param] m5.objects.Serial, SerialDevice -> Spandex/python/_m5/param_SerialDevice.cc
 [     CXX] Spandex/python/_m5/param_SerialDevice.cc -> .o
 [SO Param] m5.objects.Serial, SerialNullDevice -> Spandex/python/_m5/param_SerialNullDevice.cc
 [SO Param] m5.objects.Serial, SerialNullDevice -> Spandex/params/SerialNullDevice.hh
 [     CXX] Spandex/python/_m5/param_SerialNullDevice.cc -> .o
 [     CXX] Spandex/dev/serial/Terminal.py.cc -> .o
 [SO Param] m5.objects.Terminal, Terminal -> Spandex/python/_m5/param_Terminal.cc
 [ENUMDECL] m5.objects.Terminal, TerminalDump -> Spandex/enums/TerminalDump.hh
 [SO Param] m5.objects.Terminal, Terminal -> Spandex/params/Terminal.hh
 [     CXX] Spandex/python/_m5/param_Terminal.cc -> .o
 [ENUM STR] m5.objects.Terminal, TerminalDump -> Spandex/enums/TerminalDump.cc
 [     CXX] Spandex/enums/TerminalDump.cc -> .o
 [     CXX] Spandex/dev/serial/Uart.py.cc -> .o
 [SO Param] m5.objects.Uart, Uart -> Spandex/python/_m5/param_Uart.cc
 [SO Param] m5.objects.Uart, Uart -> Spandex/params/Uart.hh
 [     CXX] Spandex/python/_m5/param_Uart.cc -> .o
 [SO Param] m5.objects.Uart, SimpleUart -> Spandex/python/_m5/param_SimpleUart.cc
 [SO Param] m5.objects.Uart, SimpleUart -> Spandex/params/SimpleUart.hh
 [     CXX] Spandex/python/_m5/param_SimpleUart.cc -> .o
 [SO Param] m5.objects.Uart, Uart8250 -> Spandex/python/_m5/param_Uart8250.cc
 [SO Param] m5.objects.Uart, Uart8250 -> Spandex/params/Uart8250.hh
 [     CXX] Spandex/python/_m5/param_Uart8250.cc -> .o
 [     CXX] src/dev/serial/serial.cc -> Spandex/dev/serial/serial.o
 [     CXX] src/dev/serial/simple.cc -> Spandex/dev/serial/simple.o
 [ TRACING]  -> Spandex/debug/Terminal.hh
 [ TRACING]  -> Spandex/debug/TerminalVerbose.hh
 [     CXX] src/dev/serial/terminal.cc -> Spandex/dev/serial/terminal.o
 [     CXX] src/dev/serial/uart.cc -> Spandex/dev/serial/uart.o
 [ TRACING]  -> Spandex/debug/Uart.hh
 [     CXX] src/dev/serial/uart8250.cc -> Spandex/dev/serial/uart8250.o
 [ TRACING]  -> Spandex/debug/Terminal.cc
 [     CXX] Spandex/debug/Terminal.cc -> .o
 [ TRACING]  -> Spandex/debug/TerminalVerbose.cc
 [     CXX] Spandex/debug/TerminalVerbose.cc -> .o
 [ TRACING]  -> Spandex/debug/Uart.cc
 [     CXX] Spandex/debug/Uart.cc -> .o
 [     CXX] Spandex/dev/storage/Ide.py.cc -> .o
 [SO Param] m5.objects.Ide, IdeDisk -> Spandex/python/_m5/param_IdeDisk.cc
 [     CXX] Spandex/python/_m5/param_IdeDisk.cc -> .o
 [SO Param] m5.objects.Ide, IdeController -> Spandex/python/_m5/param_IdeController.cc
 [     CXX] Spandex/python/_m5/param_IdeController.cc -> .o
 [ENUM STR] m5.objects.Ide, IdeID -> Spandex/enums/IdeID.cc
 [     CXX] Spandex/enums/IdeID.cc -> .o
 [ TRACING]  -> Spandex/debug/IdeCtrl.hh
 [     CXX] src/dev/storage/ide_ctrl.cc -> Spandex/dev/storage/ide_ctrl.o
 [ TRACING]  -> Spandex/debug/IdeDisk.hh
 [     CXX] src/dev/storage/ide_disk.cc -> Spandex/dev/storage/ide_disk.o
 [ TRACING]  -> Spandex/debug/IdeCtrl.cc
 [     CXX] Spandex/debug/IdeCtrl.cc -> .o
 [ TRACING]  -> Spandex/debug/IdeDisk.cc
 [     CXX] Spandex/debug/IdeDisk.cc -> .o
 [     CXX] Spandex/dev/storage/DiskImage.py.cc -> .o
 [SO Param] m5.objects.DiskImage, DiskImage -> Spandex/python/_m5/param_DiskImage.cc
 [     CXX] Spandex/python/_m5/param_DiskImage.cc -> .o
 [SO Param] m5.objects.DiskImage, RawDiskImage -> Spandex/python/_m5/param_RawDiskImage.cc
 [     CXX] Spandex/python/_m5/param_RawDiskImage.cc -> .o
 [SO Param] m5.objects.DiskImage, CowDiskImage -> Spandex/python/_m5/param_CowDiskImage.cc
 [     CXX] Spandex/python/_m5/param_CowDiskImage.cc -> .o
 [     CXX] Spandex/dev/storage/SimpleDisk.py.cc -> .o
 [SO Param] m5.objects.SimpleDisk, SimpleDisk -> Spandex/python/_m5/param_SimpleDisk.cc
 [SO Param] m5.objects.SimpleDisk, SimpleDisk -> Spandex/params/SimpleDisk.hh
 [     CXX] Spandex/python/_m5/param_SimpleDisk.cc -> .o
 [ TRACING]  -> Spandex/debug/DiskImageRead.hh
 [ TRACING]  -> Spandex/debug/DiskImageWrite.hh
 [     CXX] src/dev/storage/disk_image.cc -> Spandex/dev/storage/disk_image.o
 [ TRACING]  -> Spandex/debug/SimpleDisk.hh
 [ TRACING]  -> Spandex/debug/SimpleDiskData.hh
 [     CXX] src/dev/storage/simple_disk.cc -> Spandex/dev/storage/simple_disk.o
 [ TRACING]  -> Spandex/debug/DiskImageRead.cc
 [     CXX] Spandex/debug/DiskImageRead.cc -> .o
 [ TRACING]  -> Spandex/debug/DiskImageWrite.cc
 [     CXX] Spandex/debug/DiskImageWrite.cc -> .o
 [ TRACING]  -> Spandex/debug/SimpleDisk.cc
 [     CXX] Spandex/debug/SimpleDisk.cc -> .o
 [ TRACING]  -> Spandex/debug/SimpleDiskData.cc
 [     CXX] Spandex/debug/SimpleDiskData.cc -> .o
 [ TRACING]  -> Spandex/debug/DiskImageAll.cc
 [ TRACING]  -> Spandex/debug/DiskImageAll.hh
 [     CXX] Spandex/debug/DiskImageAll.cc -> .o
 [ TRACING]  -> Spandex/debug/IdeAll.cc
 [ TRACING]  -> Spandex/debug/IdeAll.hh
 [     CXX] Spandex/debug/IdeAll.cc -> .o
 [     CXX] Spandex/dev/amdgpu/AMDGPU.py.cc -> .o
 [SO Param] m5.objects.AMDGPU, AMDGPUDevice -> Spandex/python/_m5/param_AMDGPUDevice.cc
 [     CXX] Spandex/python/_m5/param_AMDGPUDevice.cc -> .o
 [SO Param] m5.objects.AMDGPU, AMDGPUInterruptHandler -> Spandex/python/_m5/param_AMDGPUInterruptHandler.cc
 [     CXX] Spandex/python/_m5/param_AMDGPUInterruptHandler.cc -> .o
 [SO Param] m5.objects.AMDGPU, AMDGPUMemoryManager -> Spandex/python/_m5/param_AMDGPUMemoryManager.cc
 [     CXX] Spandex/python/_m5/param_AMDGPUMemoryManager.cc -> .o
 [SO Param] m5.objects.AMDGPU, AMDGPUSystemHub -> Spandex/python/_m5/param_AMDGPUSystemHub.cc
 [     CXX] Spandex/python/_m5/param_AMDGPUSystemHub.cc -> .o
 [SO Param] m5.objects.AMDGPU, SDMAEngine -> Spandex/python/_m5/param_SDMAEngine.cc
 [     CXX] Spandex/python/_m5/param_SDMAEngine.cc -> .o
 [SO Param] m5.objects.AMDGPU, PM4PacketProcessor -> Spandex/python/_m5/param_PM4PacketProcessor.cc
 [     CXX] Spandex/python/_m5/param_PM4PacketProcessor.cc -> .o
 [ TRACING]  -> Spandex/debug/AMDGPUDevice.hh
 [     CXX] src/dev/amdgpu/amdgpu_gfx.cc -> Spandex/dev/amdgpu/amdgpu_gfx.o
 [     CXX] src/dev/amdgpu/amdgpu_device.cc -> Spandex/dev/amdgpu/amdgpu_device.o
 [     CXX] src/dev/amdgpu/amdgpu_nbio.cc -> Spandex/dev/amdgpu/amdgpu_nbio.o
 [     CXX] src/dev/amdgpu/amdgpu_smu.cc -> Spandex/dev/amdgpu/amdgpu_smu.o
 [     CXX] src/dev/amdgpu/amdgpu_vm.cc -> Spandex/dev/amdgpu/amdgpu_vm.o
 [     CXX] src/dev/amdgpu/interrupt_handler.cc -> Spandex/dev/amdgpu/interrupt_handler.o
 [ TRACING]  -> Spandex/debug/AMDGPUMem.hh
 [     CXX] src/dev/amdgpu/memory_manager.cc -> Spandex/dev/amdgpu/memory_manager.o
 [     CXX] src/dev/amdgpu/mmio_reader.cc -> Spandex/dev/amdgpu/mmio_reader.o
 [ TRACING]  -> Spandex/debug/PM4PacketProcessor.hh
 [     CXX] src/dev/amdgpu/pm4_packet_processor.cc -> Spandex/dev/amdgpu/pm4_packet_processor.o
 [ TRACING]  -> Spandex/debug/SDMAData.hh
 [ TRACING]  -> Spandex/debug/SDMAEngine.hh
 [     CXX] src/dev/amdgpu/sdma_engine.cc -> Spandex/dev/amdgpu/sdma_engine.o
 [ TRACING]  -> Spandex/debug/AMDGPUSystemHub.hh
 [     CXX] src/dev/amdgpu/system_hub.cc -> Spandex/dev/amdgpu/system_hub.o
 [ TRACING]  -> Spandex/debug/AMDGPUDevice.cc
 [     CXX] Spandex/debug/AMDGPUDevice.cc -> .o
 [ TRACING]  -> Spandex/debug/AMDGPUMem.cc
 [     CXX] Spandex/debug/AMDGPUMem.cc -> .o
 [ TRACING]  -> Spandex/debug/AMDGPUSystemHub.cc
 [     CXX] Spandex/debug/AMDGPUSystemHub.cc -> .o
 [ TRACING]  -> Spandex/debug/PM4PacketProcessor.cc
 [     CXX] Spandex/debug/PM4PacketProcessor.cc -> .o
 [ TRACING]  -> Spandex/debug/SDMAEngine.cc
 [     CXX] Spandex/debug/SDMAEngine.cc -> .o
 [ TRACING]  -> Spandex/debug/SDMAData.cc
 [     CXX] Spandex/debug/SDMAData.cc -> .o
 [     CXX] Spandex/dev/net/Ethernet.py.cc -> .o
 [SO Param] m5.objects.Ethernet, EtherLink -> Spandex/python/_m5/param_EtherLink.cc
 [SO Param] m5.objects.Ethernet, EtherLink -> Spandex/params/EtherLink.hh
 [SO Param] m5.objects.Ethernet, EtherDump -> Spandex/params/EtherDump.hh
 [     CXX] Spandex/python/_m5/param_EtherLink.cc -> .o
 [SO Param] m5.objects.Ethernet, DistEtherLink -> Spandex/python/_m5/param_DistEtherLink.cc
 [SO Param] m5.objects.Ethernet, DistEtherLink -> Spandex/params/DistEtherLink.hh
 [     CXX] Spandex/python/_m5/param_DistEtherLink.cc -> .o
 [SO Param] m5.objects.Ethernet, EtherBus -> Spandex/python/_m5/param_EtherBus.cc
 [SO Param] m5.objects.Ethernet, EtherBus -> Spandex/params/EtherBus.hh
 [     CXX] Spandex/python/_m5/param_EtherBus.cc -> .o
 [SO Param] m5.objects.Ethernet, EtherSwitch -> Spandex/python/_m5/param_EtherSwitch.cc
 [SO Param] m5.objects.Ethernet, EtherSwitch -> Spandex/params/EtherSwitch.hh
 [     CXX] Spandex/python/_m5/param_EtherSwitch.cc -> .o
 [SO Param] m5.objects.Ethernet, EtherTapBase -> Spandex/python/_m5/param_EtherTapBase.cc
 [SO Param] m5.objects.Ethernet, EtherTapBase -> Spandex/params/EtherTapBase.hh
 [CONFIG H] HAVE_TUNTAP, 1 -> Spandex/config/have_tuntap.hh
 [SO Param] m5.objects.Ethernet, EtherTap -> Spandex/params/EtherTap.hh
 [SO Param] m5.objects.Ethernet, EtherTapStub -> Spandex/params/EtherTapStub.hh
 [     CXX] Spandex/python/_m5/param_EtherTapBase.cc -> .o
 [SO Param] m5.objects.Ethernet, EtherTapStub -> Spandex/python/_m5/param_EtherTapStub.cc
 [     CXX] Spandex/python/_m5/param_EtherTapStub.cc -> .o
 [SO Param] m5.objects.Ethernet, EtherDump -> Spandex/python/_m5/param_EtherDump.cc
 [     CXX] Spandex/python/_m5/param_EtherDump.cc -> .o
 [SO Param] m5.objects.Ethernet, EtherDevice -> Spandex/python/_m5/param_EtherDevice.cc
 [SO Param] m5.objects.Ethernet, EtherDevice -> Spandex/params/EtherDevice.hh
 [SO Param] m5.objects.Ethernet, EtherDevBase -> Spandex/params/EtherDevBase.hh
 [     CXX] Spandex/python/_m5/param_EtherDevice.cc -> .o
 [SO Param] m5.objects.Ethernet, IGbE -> Spandex/python/_m5/param_IGbE.cc
 [SO Param] m5.objects.Ethernet, IGbE -> Spandex/params/IGbE.hh
 [ TRACING]  -> Spandex/debug/EthernetDesc.hh
 [ TRACING]  -> Spandex/debug/EthernetIntr.hh
 [     CXX] Spandex/python/_m5/param_IGbE.cc -> .o
 [SO Param] m5.objects.Ethernet, EtherDevBase -> Spandex/python/_m5/param_EtherDevBase.cc
 [     CXX] Spandex/python/_m5/param_EtherDevBase.cc -> .o
 [SO Param] m5.objects.Ethernet, NSGigE -> Spandex/python/_m5/param_NSGigE.cc
 [SO Param] m5.objects.Ethernet, NSGigE -> Spandex/params/NSGigE.hh
 [     CXX] Spandex/python/_m5/param_NSGigE.cc -> .o
 [SO Param] m5.objects.Ethernet, Sinic -> Spandex/python/_m5/param_Sinic.cc
 [SO Param] m5.objects.Ethernet, Sinic -> Spandex/params/Sinic.hh
 [     CXX] Spandex/python/_m5/param_Sinic.cc -> .o
 [SO Param] m5.objects.Ethernet, EtherTap -> Spandex/python/_m5/param_EtherTap.cc
 [     CXX] Spandex/python/_m5/param_EtherTap.cc -> .o
 [ TRACING]  -> Spandex/debug/Ethernet.hh
 [ TRACING]  -> Spandex/debug/EthernetData.hh
 [     CXX] src/dev/net/etherbus.cc -> Spandex/dev/net/etherbus.o
 [ TRACING]  -> Spandex/debug/EthernetAll.hh
 [ TRACING]  -> Spandex/debug/EthernetCksum.hh
 [ TRACING]  -> Spandex/debug/EthernetDMA.hh
 [ TRACING]  -> Spandex/debug/EthernetEEPROM.hh
 [ TRACING]  -> Spandex/debug/EthernetPIO.hh
 [ TRACING]  -> Spandex/debug/EthernetSM.hh
 [     CXX] src/dev/net/etherswitch.cc -> Spandex/dev/net/etherswitch.o
 [     CXX] src/dev/net/etherdevice.cc -> Spandex/dev/net/etherdevice.o
 [     CXX] src/dev/net/etherdump.cc -> Spandex/dev/net/etherdump.o
 [     CXX] src/dev/net/etherint.cc -> Spandex/dev/net/etherint.o
 [     CXX] src/dev/net/etherlink.cc -> Spandex/dev/net/etherlink.o
 [     CXX] src/dev/net/etherpkt.cc -> Spandex/dev/net/etherpkt.o
 [     CXX] src/dev/net/ethertap.cc -> Spandex/dev/net/ethertap.o
 [     CXX] src/dev/net/pktfifo.cc -> Spandex/dev/net/pktfifo.o
 [ TRACING]  -> Spandex/debug/Ethernet.cc
 [     CXX] Spandex/debug/Ethernet.cc -> .o
 [ TRACING]  -> Spandex/debug/EthernetCksum.cc
 [     CXX] Spandex/debug/EthernetCksum.cc -> .o
 [ TRACING]  -> Spandex/debug/EthernetDMA.cc
 [     CXX] Spandex/debug/EthernetDMA.cc -> .o
 [ TRACING]  -> Spandex/debug/EthernetData.cc
 [     CXX] Spandex/debug/EthernetData.cc -> .o
 [ TRACING]  -> Spandex/debug/EthernetDesc.cc
 [     CXX] Spandex/debug/EthernetDesc.cc -> .o
 [ TRACING]  -> Spandex/debug/EthernetEEPROM.cc
 [     CXX] Spandex/debug/EthernetEEPROM.cc -> .o
 [ TRACING]  -> Spandex/debug/EthernetIntr.cc
 [     CXX] Spandex/debug/EthernetIntr.cc -> .o
 [ TRACING]  -> Spandex/debug/EthernetPIO.cc
 [     CXX] Spandex/debug/EthernetPIO.cc -> .o
 [ TRACING]  -> Spandex/debug/EthernetSM.cc
 [     CXX] Spandex/debug/EthernetSM.cc -> .o
 [ TRACING]  -> Spandex/debug/DistEthernet.hh
 [ TRACING]  -> Spandex/debug/DistEthernetPkt.hh
 [     CXX] src/dev/net/dist_iface.cc -> Spandex/dev/net/dist_iface.o
 [     CXX] src/dev/net/dist_etherlink.cc -> Spandex/dev/net/dist_etherlink.o
 [ TRACING]  -> Spandex/debug/DistEthernetCmd.hh
 [     CXX] src/dev/net/tcp_iface.cc -> Spandex/dev/net/tcp_iface.o
 [ TRACING]  -> Spandex/debug/DistEthernet.cc
 [     CXX] Spandex/debug/DistEthernet.cc -> .o
 [ TRACING]  -> Spandex/debug/DistEthernetPkt.cc
 [     CXX] Spandex/debug/DistEthernetPkt.cc -> .o
 [ TRACING]  -> Spandex/debug/DistEthernetCmd.cc
 [     CXX] Spandex/debug/DistEthernetCmd.cc -> .o
 [     CXX] src/dev/net/i8254xGBe.cc -> Spandex/dev/net/i8254xGBe.o
 [     CXX] src/dev/net/ns_gige.cc -> Spandex/dev/net/ns_gige.o
 [     CXX] src/dev/net/sinic.cc -> Spandex/dev/net/sinic.o
 [ TRACING]  -> Spandex/debug/EthernetAll.cc
 [     CXX] Spandex/debug/EthernetAll.cc -> .o
 [ TRACING]  -> Spandex/debug/EthernetNoData.cc
 [ TRACING]  -> Spandex/debug/EthernetNoData.hh
 [     CXX] Spandex/debug/EthernetNoData.cc -> .o
 [     CXX] Spandex/dev/qemu/QemuFwCfg.py.cc -> .o
 [SO Param] m5.objects.QemuFwCfg, QemuFwCfgItem -> Spandex/python/_m5/param_QemuFwCfgItem.cc
 [     CXX] Spandex/python/_m5/param_QemuFwCfgItem.cc -> .o
 [SO Param] m5.objects.QemuFwCfg, QemuFwCfgItemBytes -> Spandex/python/_m5/param_QemuFwCfgItemBytes.cc
 [     CXX] Spandex/python/_m5/param_QemuFwCfgItemBytes.cc -> .o
 [SO Param] m5.objects.QemuFwCfg, QemuFwCfgItemFile -> Spandex/python/_m5/param_QemuFwCfgItemFile.cc
 [     CXX] Spandex/python/_m5/param_QemuFwCfgItemFile.cc -> .o
 [SO Param] m5.objects.QemuFwCfg, QemuFwCfgItemString -> Spandex/python/_m5/param_QemuFwCfgItemString.cc
 [     CXX] Spandex/python/_m5/param_QemuFwCfgItemString.cc -> .o
 [SO Param] m5.objects.QemuFwCfg, QemuFwCfg -> Spandex/python/_m5/param_QemuFwCfg.cc
 [     CXX] Spandex/python/_m5/param_QemuFwCfg.cc -> .o
 [SO Param] m5.objects.QemuFwCfg, QemuFwCfgIo -> Spandex/python/_m5/param_QemuFwCfgIo.cc
 [     CXX] Spandex/python/_m5/param_QemuFwCfgIo.cc -> .o
 [SO Param] m5.objects.QemuFwCfg, QemuFwCfgMmio -> Spandex/python/_m5/param_QemuFwCfgMmio.cc
 [     CXX] Spandex/python/_m5/param_QemuFwCfgMmio.cc -> .o
 [ TRACING]  -> Spandex/debug/QemuFwCfg.hh
 [ TRACING]  -> Spandex/debug/QemuFwCfgVerbose.hh
 [     CXX] src/dev/qemu/fw_cfg.cc -> Spandex/dev/qemu/fw_cfg.o
 [ TRACING]  -> Spandex/debug/QemuFwCfg.cc
 [     CXX] Spandex/debug/QemuFwCfg.cc -> .o
 [ TRACING]  -> Spandex/debug/QemuFwCfgVerbose.cc
 [     CXX] Spandex/debug/QemuFwCfgVerbose.cc -> .o
 [     CXX] Spandex/dev/i2c/I2C.py.cc -> .o
 [SO Param] m5.objects.I2C, I2CDevice -> Spandex/python/_m5/param_I2CDevice.cc
 [SO Param] m5.objects.I2C, I2CDevice -> Spandex/params/I2CDevice.hh
 [     CXX] Spandex/python/_m5/param_I2CDevice.cc -> .o
 [SO Param] m5.objects.I2C, I2CBus -> Spandex/python/_m5/param_I2CBus.cc
 [SO Param] m5.objects.I2C, I2CBus -> Spandex/params/I2CBus.hh
 [     CXX] Spandex/python/_m5/param_I2CBus.cc -> .o
 [     CXX] src/dev/i2c/bus.cc -> Spandex/dev/i2c/bus.o
 [     CXX] Spandex/python/gem5/__init__.py.cc -> .o
 [     CXX] Spandex/python/gem5/coherence_protocol.py.cc -> .o
 [     CXX] Spandex/python/gem5/isas.py.cc -> .o
 [     CXX] Spandex/python/gem5/runtime.py.cc -> .o
 [     CXX] Spandex/python/gem5/simulate/__init__.py.cc -> .o
 [     CXX] Spandex/python/gem5/simulate/simulator.py.cc -> .o
 [     CXX] Spandex/python/gem5/simulate/exit_event.py.cc -> .o
 [     CXX] Spandex/python/gem5/simulate/exit_event_generators.py.cc -> .o
 [     CXX] Spandex/python/gem5/simulate/exit_handler.py.cc -> .o
 [     CXX] Spandex/python/gem5/components/__init__.py.cc -> .o
 [     CXX] Spandex/python/gem5/components/boards/__init__.py.cc -> .o
 [     CXX] Spandex/python/gem5/components/boards/abstract_board.py.cc -> .o
 [     CXX] Spandex/python/gem5/components/boards/abstract_system_board.py.cc -> .o
 [     CXX] Spandex/python/gem5/components/boards/mem_mode.py.cc -> .o
 [     CXX] Spandex/python/gem5/components/boards/riscv_board.py.cc -> .o
 [     CXX] Spandex/python/gem5/components/boards/experimental/__init__.py.cc -> .o
 [     CXX] Spandex/python/gem5/components/boards/experimental/lupv_board.py.cc -> .o
 [     CXX] Spandex/python/gem5/components/boards/simple_board.py.cc -> .o
 [     CXX] Spandex/python/gem5/components/boards/test_board.py.cc -> .o
 [     CXX] Spandex/python/gem5/components/boards/x86_board.py.cc -> .o
 [     CXX] Spandex/python/gem5/components/boards/arm_board.py.cc -> .o
 [     CXX] Spandex/python/gem5/components/boards/kernel_disk_workload.py.cc -> .o
 [     CXX] Spandex/python/gem5/components/boards/se_binary_workload.py.cc -> .o
 [     CXX] Spandex/python/gem5/components/cachehierarchies/__init__.py.cc -> .o
 [     CXX] Spandex/python/gem5/components/cachehierarchies/abstract_cache_hierarchy.py.cc -> .o
 [     CXX] Spandex/python/gem5/components/cachehierarchies/abstract_two_level_cache_hierarchy.py.cc -> .o
 [     CXX] Spandex/python/gem5/components/cachehierarchies/abstract_three_level_cache_hierarchy.py.cc -> .o
 [     CXX] Spandex/python/gem5/components/cachehierarchies/chi/__init__.py.cc -> .o
 [     CXX] Spandex/python/gem5/components/cachehierarchies/chi/private_l1_cache_hierarchy.py.cc -> .o
 [     CXX] Spandex/python/gem5/components/cachehierarchies/chi/private_l1_private_l2_cache_hierarchy.py.cc -> .o
 [     CXX] Spandex/python/gem5/components/cachehierarchies/chi/nodes/__init__.py.cc -> .o
 [     CXX] Spandex/python/gem5/components/cachehierarchies/chi/nodes/abstract_node.py.cc -> .o
 [     CXX] Spandex/python/gem5/components/cachehierarchies/chi/nodes/directory.py.cc -> .o
 [     CXX] Spandex/python/gem5/components/cachehierarchies/chi/nodes/dma_requestor.py.cc -> .o
 [     CXX] Spandex/python/gem5/components/cachehierarchies/chi/nodes/l1_cache.py.cc -> .o
 [     CXX] Spandex/python/gem5/components/cachehierarchies/chi/nodes/l2_cache.py.cc -> .o
 [     CXX] Spandex/python/gem5/components/cachehierarchies/chi/nodes/memory_controller.py.cc -> .o
 [     CXX] Spandex/python/gem5/components/cachehierarchies/classic/__init__.py.cc -> .o
 [     CXX] Spandex/python/gem5/components/cachehierarchies/classic/abstract_classic_cache_hierarchy.py.cc -> .o
 [     CXX] Spandex/python/gem5/components/cachehierarchies/classic/no_cache.py.cc -> .o
 [     CXX] Spandex/python/gem5/components/cachehierarchies/classic/private_l1_cache_hierarchy.py.cc -> .o
 [     CXX] Spandex/python/gem5/components/cachehierarchies/classic/private_l1_walk_cache_hierarchy.py.cc -> .o
 [     CXX] Spandex/python/gem5/components/cachehierarchies/classic/private_l1_private_l2_cache_hierarchy.py.cc -> .o
 [     CXX] Spandex/python/gem5/components/cachehierarchies/classic/two_level_fdp_cache_hierarchy.py.cc -> .o
 [     CXX] Spandex/python/gem5/components/cachehierarchies/classic/private_l1_private_l2_walk_cache_hierarchy.py.cc -> .o
 [     CXX] Spandex/python/gem5/components/cachehierarchies/classic/private_l1_shared_l2_cache_hierarchy.py.cc -> .o
 [     CXX] Spandex/python/gem5/components/cachehierarchies/classic/private_l1_shared_l2_walk_cache_hierarchy.py.cc -> .o
 [     CXX] Spandex/python/gem5/components/cachehierarchies/classic/caches/__init__.py.cc -> .o
 [     CXX] Spandex/python/gem5/components/cachehierarchies/classic/caches/l1dcache.py.cc -> .o
 [     CXX] Spandex/python/gem5/components/cachehierarchies/classic/caches/l1icache.py.cc -> .o
 [     CXX] Spandex/python/gem5/components/cachehierarchies/classic/caches/l2cache.py.cc -> .o
 [     CXX] Spandex/python/gem5/components/cachehierarchies/classic/caches/mmu_cache.py.cc -> .o
 [     CXX] Spandex/python/gem5/components/cachehierarchies/ruby/__init__.py.cc -> .o
 [     CXX] Spandex/python/gem5/components/cachehierarchies/ruby/abstract_ruby_cache_hierarchy.py.cc -> .o
 [     CXX] Spandex/python/gem5/components/cachehierarchies/ruby/mesi_two_level_cache_hierarchy.py.cc -> .o
 [     CXX] Spandex/python/gem5/components/cachehierarchies/ruby/mesi_three_level_cache_hierarchy.py.cc -> .o
 [     CXX] Spandex/python/gem5/components/cachehierarchies/ruby/mi_example_cache_hierarchy.py.cc -> .o
 [     CXX] Spandex/python/gem5/components/cachehierarchies/ruby/caches/__init__.py.cc -> .o
 [     CXX] Spandex/python/gem5/components/cachehierarchies/ruby/caches/mesi_two_level/__init__.py.cc -> .o
 [     CXX] Spandex/python/gem5/components/cachehierarchies/ruby/caches/mesi_two_level/directory.py.cc -> .o
 [     CXX] Spandex/python/gem5/components/cachehierarchies/ruby/caches/mesi_two_level/dma_controller.py.cc -> .o
 [     CXX] Spandex/python/gem5/components/cachehierarchies/ruby/caches/mesi_two_level/l1_cache.py.cc -> .o
 [     CXX] Spandex/python/gem5/components/cachehierarchies/ruby/caches/mesi_two_level/l2_cache.py.cc -> .o
 [     CXX] Spandex/python/gem5/components/cachehierarchies/ruby/caches/mesi_three_level/__init__.py.cc -> .o
 [     CXX] Spandex/python/gem5/components/cachehierarchies/ruby/caches/mesi_three_level/directory.py.cc -> .o
 [     CXX] Spandex/python/gem5/components/cachehierarchies/ruby/caches/mesi_three_level/dma_controller.py.cc -> .o
 [     CXX] Spandex/python/gem5/components/cachehierarchies/ruby/caches/mesi_three_level/l1_cache.py.cc -> .o
 [     CXX] Spandex/python/gem5/components/cachehierarchies/ruby/caches/mesi_three_level/l2_cache.py.cc -> .o
 [     CXX] Spandex/python/gem5/components/cachehierarchies/ruby/caches/mesi_three_level/l3_cache.py.cc -> .o
 [     CXX] Spandex/python/gem5/components/cachehierarchies/ruby/caches/prebuilt/__init__.py.cc -> .o
 [     CXX] Spandex/python/gem5/components/cachehierarchies/ruby/caches/prebuilt/octopi_cache/__init__.py.cc -> .o
 [     CXX] Spandex/python/gem5/components/cachehierarchies/ruby/caches/prebuilt/octopi_cache/octopi.py.cc -> .o
 [     CXX] Spandex/python/gem5/components/cachehierarchies/ruby/caches/prebuilt/octopi_cache/core_complex.py.cc -> .o
 [     CXX] Spandex/python/gem5/components/cachehierarchies/ruby/caches/prebuilt/octopi_cache/octopi_network.py.cc -> .o
 [     CXX] Spandex/python/gem5/components/cachehierarchies/ruby/caches/prebuilt/octopi_cache/ruby_network_components.py.cc -> .o
 [     CXX] Spandex/python/gem5/components/cachehierarchies/ruby/caches/mi_example/__init__.py.cc -> .o
 [     CXX] Spandex/python/gem5/components/cachehierarchies/ruby/caches/mi_example/directory.py.cc -> .o
 [     CXX] Spandex/python/gem5/components/cachehierarchies/ruby/caches/mi_example/dma_controller.py.cc -> .o
 [     CXX] Spandex/python/gem5/components/cachehierarchies/ruby/caches/mi_example/l1_cache.py.cc -> .o
 [     CXX] Spandex/python/gem5/components/cachehierarchies/ruby/caches/viper/__init__.py.cc -> .o
 [     CXX] Spandex/python/gem5/components/cachehierarchies/ruby/caches/viper/corepair_cache.py.cc -> .o
 [     CXX] Spandex/python/gem5/components/cachehierarchies/ruby/caches/viper/directory.py.cc -> .o
 [     CXX] Spandex/python/gem5/components/cachehierarchies/ruby/caches/viper/dma_controller.py.cc -> .o
 [     CXX] Spandex/python/gem5/components/cachehierarchies/ruby/caches/viper/tcp.py.cc -> .o
 [     CXX] Spandex/python/gem5/components/cachehierarchies/ruby/caches/viper/sqc.py.cc -> .o
 [     CXX] Spandex/python/gem5/components/cachehierarchies/ruby/caches/viper/tcc.py.cc -> .o
 [     CXX] Spandex/python/gem5/components/cachehierarchies/ruby/topologies/__init__.py.cc -> .o
 [     CXX] Spandex/python/gem5/components/cachehierarchies/ruby/topologies/simple_pt2pt.py.cc -> .o
 [     CXX] Spandex/python/gem5/components/devices/__init__.py.cc -> .o
 [     CXX] Spandex/python/gem5/components/devices/gpus/__init__.py.cc -> .o
 [     CXX] Spandex/python/gem5/components/devices/gpus/amdgpu.py.cc -> .o
 [     CXX] Spandex/python/gem5/components/devices/gpus/viper_shader.py.cc -> .o
 [     CXX] Spandex/python/gem5/components/memory/__init__.py.cc -> .o
 [     CXX] Spandex/python/gem5/components/memory/abstract_memory_system.py.cc -> .o
 [     CXX] Spandex/python/gem5/components/memory/dramsim_3.py.cc -> .o
 [     CXX] Spandex/python/gem5/components/memory/simple.py.cc -> .o
 [     CXX] Spandex/python/gem5/components/memory/memory.py.cc -> .o
 [     CXX] Spandex/python/gem5/components/memory/single_channel.py.cc -> .o
 [     CXX] Spandex/python/gem5/components/memory/multi_channel.py.cc -> .o
 [     CXX] Spandex/python/gem5/components/memory/hbm.py.cc -> .o
 [     CXX] Spandex/python/gem5/components/memory/dram_interfaces/__init__.py.cc -> .o
 [     CXX] Spandex/python/gem5/components/memory/dram_interfaces/ddr3.py.cc -> .o
 [     CXX] Spandex/python/gem5/components/memory/dram_interfaces/ddr4.py.cc -> .o
 [     CXX] Spandex/python/gem5/components/memory/dram_interfaces/ddr5.py.cc -> .o
 [     CXX] Spandex/python/gem5/components/memory/dram_interfaces/gddr.py.cc -> .o
 [     CXX] Spandex/python/gem5/components/memory/dram_interfaces/hbm.py.cc -> .o
 [     CXX] Spandex/python/gem5/components/memory/dram_interfaces/hmc.py.cc -> .o
 [     CXX] Spandex/python/gem5/components/memory/dram_interfaces/lpddr2.py.cc -> .o
 [     CXX] Spandex/python/gem5/components/memory/dram_interfaces/lpddr3.py.cc -> .o
 [     CXX] Spandex/python/gem5/components/memory/dram_interfaces/lpddr5.py.cc -> .o
 [     CXX] Spandex/python/gem5/components/memory/dram_interfaces/wideio.py.cc -> .o
 [     CXX] Spandex/python/gem5/components/processors/__init__.py.cc -> .o
 [     CXX] Spandex/python/gem5/components/processors/abstract_core.py.cc -> .o
 [     CXX] Spandex/python/gem5/components/processors/abstract_generator_core.py.cc -> .o
 [     CXX] Spandex/python/gem5/components/processors/abstract_generator.py.cc -> .o
 [     CXX] Spandex/python/gem5/components/processors/abstract_processor.py.cc -> .o
 [     CXX] Spandex/python/gem5/components/processors/complex_generator_core.py.cc -> .o
 [     CXX] Spandex/python/gem5/components/processors/complex_generator.py.cc -> .o
 [     CXX] Spandex/python/gem5/components/processors/cpu_types.py.cc -> .o
 [     CXX] Spandex/python/gem5/components/processors/gups_generator_core.py.cc -> .o
 [     CXX] Spandex/python/gem5/components/processors/gups_generator.py.cc -> .o
 [     CXX] Spandex/python/gem5/components/processors/gups_generator_ep.py.cc -> .o
 [     CXX] Spandex/python/gem5/components/processors/gups_generator_par.py.cc -> .o
 [     CXX] Spandex/python/gem5/components/processors/linear_generator_core.py.cc -> .o
 [     CXX] Spandex/python/gem5/components/processors/linear_generator.py.cc -> .o
 [     CXX] Spandex/python/gem5/components/processors/strided_generator_core.py.cc -> .o
 [     CXX] Spandex/python/gem5/components/processors/strided_generator.py.cc -> .o
 [     CXX] Spandex/python/gem5/components/processors/random_generator_core.py.cc -> .o
 [     CXX] Spandex/python/gem5/components/processors/random_generator.py.cc -> .o
 [     CXX] Spandex/python/gem5/components/processors/spatter_gen/__init__.py.cc -> .o
 [     CXX] Spandex/python/gem5/components/processors/spatter_gen/spatter_generator_core.py.cc -> .o
 [     CXX] Spandex/python/gem5/components/processors/spatter_gen/spatter_generator.py.cc -> .o
 [     CXX] Spandex/python/gem5/components/processors/spatter_gen/spatter_kernel.py.cc -> .o
 [     CXX] Spandex/python/gem5/components/processors/simple_core.py.cc -> .o
 [     CXX] Spandex/python/gem5/components/processors/base_cpu_core.py.cc -> .o
 [     CXX] Spandex/python/gem5/components/processors/simple_processor.py.cc -> .o
 [     CXX] Spandex/python/gem5/components/processors/decoupled_processor.py.cc -> .o
 [     CXX] Spandex/python/gem5/components/processors/base_cpu_processor.py.cc -> .o
 [     CXX] Spandex/python/gem5/components/processors/simple_switchable_processor.py.cc -> .o
 [     CXX] Spandex/python/gem5/components/processors/switchable_processor.py.cc -> .o
 [     CXX] Spandex/python/gem5/utils/simpoint.py.cc -> .o
 [     CXX] Spandex/python/gem5/components/processors/traffic_generator_core.py.cc -> .o
 [     CXX] Spandex/python/gem5/components/processors/traffic_generator.py.cc -> .o
 [     CXX] Spandex/python/gem5/prebuilt/__init__.py.cc -> .o
 [     CXX] Spandex/python/gem5/prebuilt/demo/__init__.py.cc -> .o
 [     CXX] Spandex/python/gem5/prebuilt/demo/x86_demo_board.py.cc -> .o
 [     CXX] Spandex/python/gem5/prebuilt/demo/riscv_demo_board.py.cc -> .o
 [     CXX] Spandex/python/gem5/prebuilt/demo/arm_demo_board.py.cc -> .o
 [     CXX] Spandex/python/gem5/prebuilt/riscvmatched/__init__.py.cc -> .o
 [     CXX] Spandex/python/gem5/prebuilt/riscvmatched/riscvmatched_board.py.cc -> .o
 [     CXX] Spandex/python/gem5/prebuilt/riscvmatched/riscvmatched_cache.py.cc -> .o
 [     CXX] Spandex/python/gem5/prebuilt/riscvmatched/riscvmatched_processor.py.cc -> .o
 [     CXX] Spandex/python/gem5/prebuilt/riscvmatched/riscvmatched_core.py.cc -> .o
 [     CXX] Spandex/python/gem5/prebuilt/viper/__init__.py.cc -> .o
 [     CXX] Spandex/python/gem5/prebuilt/viper/board.py.cc -> .o
 [     CXX] Spandex/python/gem5/prebuilt/viper/cpu_cache_hierarchy.py.cc -> .o
 [     CXX] Spandex/python/gem5/prebuilt/viper/gpu_cache_hierarchy.py.cc -> .o
 [     CXX] Spandex/python/gem5/prebuilt/viper/viper_network.py.cc -> .o
 [     CXX] Spandex/python/gem5/resources/__init__.py.cc -> .o
 [     CXX] Spandex/python/gem5/resources/client.py.cc -> .o
 [     CXX] Spandex/python/gem5/resources/downloader.py.cc -> .o
 [     CXX] Spandex/python/gem5/resources/md5_utils.py.cc -> .o
 [     CXX] Spandex/python/gem5/resources/resource.py.cc -> .o
 [     CXX] Spandex/python/gem5/resources/workload.py.cc -> .o
 [     CXX] Spandex/python/gem5/resources/looppoint.py.cc -> .o
 [     CXX] Spandex/python/gem5/resources/elfie.py.cc -> .o
 [     CXX] Spandex/python/gem5/resources/client_api/__init__.py.cc -> .o
 [     CXX] Spandex/python/gem5/resources/client_api/jsonclient.py.cc -> .o
 [     CXX] Spandex/python/gem5/resources/client_api/azure_functions_client.py.cc -> .o
 [     CXX] Spandex/python/gem5/resources/client_api/abstract_client.py.cc -> .o
 [     CXX] Spandex/python/gem5/resources/client_api/client_query.py.cc -> .o
 [     CXX] Spandex/python/gem5/gem5_default_config.py.cc -> .o
 [     CXX] Spandex/python/gem5/utils/__init__.py.cc -> .o
 [     CXX] Spandex/python/gem5/utils/filelock.py.cc -> .o
 [     CXX] Spandex/python/gem5/utils/override.py.cc -> .o
 [     CXX] Spandex/python/gem5/utils/progress_bar.py.cc -> .o
 [     CXX] Spandex/python/gem5/utils/requires.py.cc -> .o
 [     CXX] Spandex/python/gem5/utils/socks_ssl_context.py.cc -> .o
 [     CXX] Spandex/python/gem5/utils/multisim/__init__.py.cc -> .o
 [     CXX] Spandex/python/gem5/utils/multisim/multisim.py.cc -> .o
 [     CXX] Spandex/python/gem5/utils/multisim/__main__.py.cc -> .o
 [     CXX] Spandex/python/gem5/utils/multiprocessing/__init__.py.cc -> .o
 [     CXX] Spandex/python/gem5/utils/multiprocessing/_command_line.py.cc -> .o
 [     CXX] Spandex/python/gem5/utils/multiprocessing/context.py.cc -> .o
 [     CXX] Spandex/python/gem5/utils/multiprocessing/popen_spawn_gem5.py.cc -> .o
 [     CXX] Spandex/python/importer.py.cc -> .o
 [     CXX] Spandex/python/m5/__init__.py.cc -> .o
 [     CXX] Spandex/python/m5/SimObject.py.cc -> .o
 [     CXX] Spandex/python/m5/citations.py.cc -> .o
 [     CXX] Spandex/python/m5/core.py.cc -> .o
 [     CXX] Spandex/python/m5/debug.py.cc -> .o
 [     CXX] Spandex/python/m5/event.py.cc -> .o
 [     CXX] Spandex/python/m5/main.py.cc -> .o
 [     CXX] Spandex/python/m5/options.py.cc -> .o
 [     CXX] Spandex/python/m5/proxy.py.cc -> .o
 [     CXX] Spandex/python/m5/simulate.py.cc -> .o
 [     CXX] Spandex/python/m5/ticks.py.cc -> .o
 [     CXX] Spandex/python/m5/trace.py.cc -> .o
 [     CXX] Spandex/python/m5/objects/__init__.py.cc -> .o
 [     CXX] Spandex/python/m5/params/__init__.py.cc -> .o
 [     CXX] Spandex/python/m5/params/base_params.py.cc -> .o
 [     CXX] Spandex/python/m5/params/deprecated_params.py.cc -> .o
 [     CXX] Spandex/python/m5/params/enum_params.py.cc -> .o
 [     CXX] Spandex/python/m5/params/network_params.py.cc -> .o
 [     CXX] Spandex/python/m5/params/null_params.py.cc -> .o
 [     CXX] Spandex/python/m5/params/pin_params.py.cc -> .o
 [     CXX] Spandex/python/m5/params/param_types.py.cc -> .o
 [     CXX] Spandex/python/m5/params/port_params.py.cc -> .o
 [     CXX] Spandex/python/m5/params/power_params.py.cc -> .o
 [     CXX] Spandex/python/m5/params/time_params.py.cc -> .o
 [     CXX] Spandex/python/m5/stats/__init__.py.cc -> .o
 [     CXX] Spandex/python/m5/util/__init__.py.cc -> .o
 [     CXX] Spandex/python/m5/util/attrdict.py.cc -> .o
 [     CXX] Spandex/python/m5/util/convert.py.cc -> .o
 [     CXX] Spandex/python/m5/util/dot_writer.py.cc -> .o
 [     CXX] Spandex/python/m5/util/dot_writer_ruby.py.cc -> .o
 [     CXX] Spandex/python/m5/util/fdthelper.py.cc -> .o
 [     CXX] Spandex/python/m5/util/multidict.py.cc -> .o
 [     CXX] Spandex/python/m5/util/pybind.py.cc -> .o
 [     CXX] Spandex/python/m5/util/terminal.py.cc -> .o
 [     CXX] Spandex/python/m5/util/terminal_formatter.py.cc -> .o
 [     CXX] Spandex/python/m5/ext/__init__.py.cc -> .o
 [     CXX] Spandex/python/m5/ext/pyfdt/pyfdt.py.cc -> .o
 [     CXX] Spandex/python/m5/ext/pyfdt/__init__.py.cc -> .o
 [     CXX] Spandex/python/m5/ext/pystats/__init__.py.cc -> .o
 [     CXX] Spandex/python/m5/ext/pystats/serializable_stat.py.cc -> .o
 [     CXX] Spandex/python/m5/ext/pystats/abstract_stat.py.cc -> .o
 [     CXX] Spandex/python/m5/ext/pystats/group.py.cc -> .o
 [     CXX] Spandex/python/m5/ext/pystats/simstat.py.cc -> .o
 [     CXX] Spandex/python/m5/ext/pystats/statistic.py.cc -> .o
 [     CXX] Spandex/python/m5/ext/pystats/storagetype.py.cc -> .o
 [     CXX] Spandex/python/m5/ext/pystats/timeconversion.py.cc -> .o
 [     CXX] Spandex/python/m5/ext/pystats/jsonloader.py.cc -> .o
 [     CXX] Spandex/python/m5/stats/gem5stats.py.cc -> .o
 [     CXX] src/python/embedded.cc -> Spandex/python/embedded.o
 [     CXX] src/python/importer.cc -> Spandex/python/importer.o
 [     CXX] Spandex/python/m5ImporterCode.cc -> .o
 [     CXX] src/python/pybind11/core.cc -> Spandex/python/pybind11/core.o
 [     CXX] src/python/pybind11/debug.cc -> Spandex/python/pybind11/debug.o
 [     CXX] src/python/pybind11/event.cc -> Spandex/python/pybind11/event.o
 [     CXX] src/python/pybind11/object_file.cc -> Spandex/python/pybind11/object_file.o
 [     CXX] src/python/pybind11/port.cc -> Spandex/python/pybind11/port.o
 [CONFIG H] HAVE_HDF5, 1 -> Spandex/config/have_hdf5.hh
 [     CXX] src/python/pybind11/stats.cc -> Spandex/python/pybind11/stats.o
 [     CXX] Spandex/python/m5/objects/SimObject.py.cc -> .o
 [SO Param] m5.objects.SimObject, SimObject -> Spandex/python/_m5/param_SimObject.cc
 [     CXX] Spandex/python/_m5/param_SimObject.cc -> .o
 [ENUM STR] m5.objects.SimObject, ByteOrder -> Spandex/enums/ByteOrder.cc
 [     CXX] Spandex/enums/ByteOrder.cc -> .o
 [     CXX] Spandex/python/m5/defines.py.cc -> .o
 [     CXX] Spandex/python/m5/info.py.cc -> .o
 [     CXX] src/base/date.cc -> Spandex/base/date.o
 [    LINK]  -> Spandex/gem5.opt
scons: done building targets.
*** Summary of Warnings ***
Warning: Detected GCC version 10.2.1 is not officially supported.
         gem5 supports GCC v11 up to v14.2.
Warning: Header file <capstone/capstone.h> not found.
         This host has no capstone library installed.
Warning: While checking protoc version: [Errno 2] No such file or directory:
         'protoc'
Warning: Protocol buffer compiler (protoc) not found.
         Please install protobuf-compiler for tracing support.
